CustomerID,TotalRevenue,OrderCount,TotalQuantity,AvgOrderValue,FirstPurchase,LastPurchase,Country,IsRepeat
12346,77183.6,1,74215,77183.6,2011-01-18 10:01:00,2011-01-18 10:01:00,United Kingdom,0
12347,4310.0,7,2458,23.681318681318682,2010-12-07 14:57:00,2011-12-07 15:52:00,Iceland,1
12348,1797.24,4,2341,57.97548387096774,2010-12-16 19:09:00,2011-09-25 13:13:00,Finland,1
12349,1757.55,1,631,24.076027397260273,2011-11-21 09:51:00,2011-11-21 09:51:00,Italy,0
12350,334.4,1,197,19.670588235294115,2011-02-02 16:01:00,2011-02-02 16:01:00,Norway,0
12352,2506.04,8,536,29.482823529411764,2011-02-16 12:33:00,2011-11-03 14:37:00,Norway,1
12353,89.0,1,20,22.25,2011-05-19 17:47:00,2011-05-19 17:47:00,Bahrain,0
12354,1079.4,1,530,18.610344827586207,2011-04-21 13:11:00,2011-04-21 13:11:00,Spain,0
12355,459.4,1,240,35.33846153846154,2011-05-09 13:49:00,2011-05-09 13:49:00,Bahrain,0
12356,2811.43,3,1591,47.65135593220339,2011-01-18 09:50:00,2011-11-17 08:40:00,Portugal,1
12357,6207.67,1,2708,47.38679389312977,2011-11-06 16:07:00,2011-11-06 16:07:00,Switzerland,0
12358,1168.06,2,248,61.47684210526315,2011-07-12 10:04:00,2011-12-08 10:26:00,Austria,1
12359,6310.03,4,1609,25.755224489795918,2011-01-12 12:43:00,2011-10-13 12:47:00,Cyprus,1
12360,2662.06,3,1165,20.63612403100775,2011-05-23 09:43:00,2011-10-18 15:22:00,Austria,1
12361,189.9,1,91,18.990000000000002,2011-02-25 13:51:00,2011-02-25 13:51:00,Belgium,0
12362,5226.23,10,2229,19.647481203007516,2011-02-17 10:30:00,2011-12-06 15:40:00,Belgium,1
12363,552.0,2,408,24.0,2011-04-11 13:29:00,2011-08-22 10:18:00,Unspecified,1
12364,1313.1,4,1506,15.448235294117646,2011-08-19 15:24:00,2011-12-02 10:22:00,Belgium,1
12365,641.38,2,174,29.153636363636362,2011-02-21 13:51:00,2011-02-21 14:04:00,Cyprus,1
12367,168.9,1,173,15.354545454545455,2011-12-05 16:48:00,2011-12-05 16:48:00,Denmark,0
12370,3541.94,4,2352,21.33698795180723,2010-12-14 12:58:00,2011-10-19 14:51:00,Cyprus,1
12371,1887.96,2,591,29.96761904761905,2011-10-11 10:43:00,2011-10-26 10:16:00,Switzerland,1
12372,1298.04,3,794,24.962307692307693,2011-02-16 12:46:00,2011-09-29 12:12:00,Denmark,1
12373,364.6,1,197,26.042857142857144,2011-02-01 13:10:00,2011-02-01 13:10:00,Austria,0
12374,742.9300000000001,1,342,22.513030303030305,2011-11-14 15:37:00,2011-11-14 15:37:00,Austria,0
12375,457.5,2,178,26.91176470588235,2011-09-02 14:23:00,2011-11-29 10:36:00,Finland,1
12377,1628.12,2,944,21.144415584415583,2010-12-20 09:37:00,2011-01-28 15:45:00,Switzerland,1
12378,4008.62,1,2529,18.30420091324201,2011-08-02 10:34:00,2011-08-02 10:34:00,Switzerland,0
12379,852.24,2,407,21.306,2011-06-22 16:32:00,2011-09-19 10:09:00,Belgium,1
12380,2724.81,4,1127,26.200096153846154,2011-06-07 09:49:00,2011-11-18 11:27:00,Belgium,1
12381,1845.31,5,808,21.21045977011494,2011-08-12 09:57:00,2011-12-05 12:44:00,Norway,1
12383,1850.56,5,1532,18.69252525252525,2010-12-22 14:28:00,2011-06-08 08:02:00,Belgium,1
12384,585.27,2,126,21.676666666666666,2011-08-10 11:23:00,2011-11-11 08:39:00,Switzerland,1
12386,401.9,2,354,40.19,2010-12-08 09:53:00,2011-01-06 12:37:00,Australia,1
12388,2780.66,6,1462,27.8066,2011-01-17 11:12:00,2011-11-24 12:30:00,Australia,1
12390,549.84,1,353,17.1825,2011-09-21 09:33:00,2011-09-21 09:33:00,Belgium,0
12391,439.66,1,293,4.72752688172043,2011-11-18 12:07:00,2011-11-18 12:07:00,Cyprus,0
12393,1582.6000000000001,4,816,24.728125000000002,2011-01-11 09:47:00,2011-09-28 15:41:00,Australia,1
12394,1272.48,2,819,47.12888888888889,2011-05-06 14:01:00,2011-10-07 08:08:00,Belgium,1
12395,3018.63,12,2118,19.350192307692307,2010-12-03 16:35:00,2011-11-20 15:21:00,Belgium,1
12397,2409.9,2,1263,19.126190476190477,2011-07-27 14:21:00,2011-11-04 09:52:00,Belgium,1
12398,1635.6599999999999,1,1394,19.24305882352941,2011-10-25 10:27:00,2011-10-25 10:27:00,Switzerland,0
12399,1108.65,4,1178,18.790677966101697,2011-03-23 09:42:00,2011-08-12 13:15:00,Belgium,1
12401,84.3,1,11,16.86,2011-02-09 13:50:00,2011-02-09 13:50:00,Belgium,0
12402,225.6,1,94,20.509090909090908,2011-01-20 13:49:00,2011-01-20 13:49:00,Belgium,0
12403,427.7,1,96,85.53999999999999,2011-10-21 10:51:00,2011-10-21 10:51:00,Denmark,0
12405,1710.39,1,857,31.67388888888889,2011-07-14 08:52:00,2011-07-14 08:52:00,Finland,0
12406,3415.3,2,1818,32.52666666666667,2011-06-09 10:23:00,2011-11-17 19:22:00,Denmark,1
12407,1708.1200000000001,5,1416,22.183376623376624,2011-03-20 13:21:00,2011-10-21 10:11:00,Belgium,1
12408,2888.55,5,1409,27.51,2011-03-24 14:46:00,2011-11-07 12:27:00,Belgium,1
12409,11072.67,3,5551,101.58412844036697,2011-06-10 12:19:00,2011-09-22 10:38:00,Switzerland,1
12410,693.3299999999999,2,211,26.666538461538458,2011-02-04 10:38:00,2011-02-04 10:39:00,Switzerland,1
12412,1226.88,3,829,20.112786885245903,2011-06-23 13:51:00,2011-09-26 10:16:00,Denmark,1
12413,758.1,3,286,19.95,2011-01-06 16:12:00,2011-10-04 09:00:00,France,1
12414,562.41,3,300,31.244999999999997,2011-02-02 14:51:00,2011-05-06 14:51:00,Austria,1
12415,124914.53,21,77670,174.46163407821228,2011-01-06 11:12:00,2011-11-15 14:22:00,Australia,1
12417,3649.1,9,1552,19.005729166666665,2010-12-17 11:51:00,2011-12-06 14:52:00,Belgium,1
12418,668.58,1,407,19.664117647058823,2011-08-19 11:08:00,2011-08-19 11:08:00,Switzerland,0
12420,600.39,1,345,20.70310344827586,2011-10-07 08:55:00,2011-10-07 08:55:00,Cyprus,0
12421,807.04,4,484,17.93422222222222,2011-01-24 15:09:00,2011-11-24 09:07:00,Spain,1
12422,803.5600000000001,3,370,20.604102564102565,2011-01-19 09:13:00,2011-09-05 09:48:00,Australia,1
12423,1859.31,8,1339,14.87448,2010-12-21 10:54:00,2011-12-09 10:10:00,Belgium,1
12424,1760.96,2,740,58.69866666666667,2011-06-30 12:06:00,2011-06-30 12:06:00,Australia,1
12425,777.2,1,496,21.58888888888889,2011-09-22 17:31:00,2011-09-22 17:31:00,Portugal,0
12426,582.73,1,258,19.424333333333333,2011-05-29 12:26:00,2011-05-29 12:26:00,Germany,0
12427,825.8,3,533,26.638709677419353,2010-12-03 10:44:00,2011-11-18 08:56:00,Germany,1
12428,7956.46,9,3536,27.062789115646257,2011-03-01 09:33:00,2011-11-14 08:22:00,Finland,1
12429,3750.4,4,1557,38.66391752577319,2010-12-09 12:05:00,2011-11-30 17:22:00,Denmark,1
12430,256.4,1,117,23.30909090909091,2011-10-27 15:09:00,2011-10-27 15:09:00,Norway,0
12431,6419.95,15,2908,27.318936170212766,2010-12-01 10:03:00,2011-11-04 11:55:00,Australia,1
12432,5059.32,5,1801,46.845555555555556,2011-06-20 13:27:00,2011-10-28 11:43:00,Norway,1
12433,13375.87,7,11071,31.847309523809525,2010-12-01 13:24:00,2011-12-09 10:02:00,Norway,1
12434,806.14,2,394,16.122799999999998,2011-03-24 13:05:00,2011-09-16 12:38:00,Australia,1
12435,7829.89,2,2055,217.49694444444447,2011-03-17 07:40:00,2011-09-21 09:06:00,Denmark,1
12436,509.01,1,211,31.813125,2011-09-01 12:09:00,2011-09-01 12:09:00,Norway,0
12437,4951.41,18,2923,24.75705,2011-01-12 14:13:00,2011-12-08 11:35:00,France,1
12438,2906.85,2,1180,29.66173469387755,2011-07-22 13:29:00,2011-11-25 13:28:00,Norway,1
12441,173.55,1,121,15.77727272727273,2010-12-08 10:45:00,2010-12-08 10:45:00,France,0
12442,172.06,1,182,14.338333333333333,2011-12-06 14:22:00,2011-12-06 14:22:00,Spain,0
12444,5005.46,5,1155,28.27943502824859,2011-06-21 14:00:00,2011-11-18 13:23:00,Norway,1
12445,133.4,1,62,33.35,2011-11-17 18:43:00,2011-11-17 18:43:00,Spain,0
12446,1002.3100000000001,1,352,17.281206896551726,2011-10-13 12:50:00,2011-10-13 12:50:00,RSA,0
12447,476.49,1,190,18.326538461538462,2011-04-10 13:25:00,2011-04-10 13:25:00,Belgium,0
12448,449.45,1,243,20.429545454545455,2011-10-26 13:46:00,2011-10-26 13:46:00,Spain,0
12449,4067.29,4,1553,21.294712041884818,2011-06-05 15:37:00,2011-11-17 13:46:00,Belgium,1
12450,197.88,2,128,24.735,2011-06-19 14:36:00,2011-07-06 14:41:00,Spain,1
12451,9035.52,5,6575,25.524067796610172,2011-01-19 09:05:00,2011-11-29 08:40:00,Switzerland,1
12452,430.57,2,185,19.571363636363635,2011-11-23 08:05:00,2011-11-23 10:28:00,Switzerland,1
12453,707.09,1,473,16.443953488372095,2011-07-28 14:08:00,2011-07-28 14:08:00,Austria,0
12454,3528.34,1,1006,235.22266666666667,2011-10-14 17:13:00,2011-10-14 17:13:00,Spain,0
12455,2466.86,6,2089,27.409555555555556,2011-02-16 09:56:00,2011-09-27 15:31:00,Cyprus,1
12456,3181.04,3,1633,25.44832,2011-03-30 09:12:00,2011-10-26 14:41:00,Switzerland,1
12457,2363.23,7,844,37.511587301587305,2011-04-14 18:57:00,2011-10-04 13:13:00,Switzerland,1
12458,947.4,2,506,24.931578947368422,2011-02-28 10:55:00,2011-09-29 15:25:00,Switzerland,1
12461,826.88,2,287,23.62514285714286,2011-07-08 10:23:00,2011-09-06 16:57:00,Switzerland,1
12462,1189.59,2,536,19.186935483870965,2011-02-09 14:44:00,2011-11-21 09:11:00,Spain,1
12463,1344.78,4,776,16.202168674698793,2011-04-12 12:47:00,2011-10-17 13:44:00,Belgium,1
12464,1212.05,8,112,41.79482758620689,2011-02-03 13:30:00,2011-11-29 13:33:00,Belgium,1
12465,742.1899999999999,2,479,15.79127659574468,2011-06-23 13:37:00,2011-11-22 16:34:00,Belgium,1
12468,729.5400000000001,2,366,19.19842105263158,2011-01-27 13:29:00,2011-06-05 11:36:00,Germany,1
12471,19788.65,30,8200,43.11252723311547,2010-12-10 09:35:00,2011-12-07 15:43:00,Germany,1
12472,6572.11,7,4148,19.386755162241887,2010-12-05 14:19:00,2011-11-07 14:01:00,Germany,1
12473,3928.0499999999997,5,2414,23.52125748502994,2011-06-01 10:15:00,2011-11-10 13:46:00,Germany,1
12474,7324.09,18,4833,17.355663507109004,2011-01-14 10:06:00,2011-11-22 14:39:00,Germany,1
12475,723.38,1,535,20.093888888888888,2011-10-17 10:10:00,2011-10-17 10:10:00,Germany,0
12476,6816.42,11,2408,29.255021459227468,2010-12-13 14:39:00,2011-11-24 12:40:00,Germany,1
12477,13219.74,6,3653,44.065799999999996,2011-02-11 12:45:00,2011-11-17 09:51:00,Germany,1
12478,680.99,1,236,18.91638888888889,2011-12-06 09:56:00,2011-12-06 09:56:00,Greece,0
12479,527.2,1,385,17.006451612903227,2011-11-28 13:26:00,2011-11-28 13:26:00,Germany,0
12480,3281.63,4,1707,21.309285714285714,2011-01-07 15:27:00,2011-11-11 14:52:00,Germany,1
12481,5579.82,10,3294,25.8325,2010-12-09 10:13:00,2011-11-17 08:29:00,Germany,1
12483,2484.98,8,1110,33.133066666666664,2011-01-04 14:20:00,2011-11-22 17:02:00,Sweden,1
12484,4527.32,6,2187,13.199183673469387,2011-01-07 14:04:00,2011-11-07 11:37:00,Spain,1
12488,1298.66,3,529,23.612000000000002,2011-09-25 10:34:00,2011-11-30 08:50:00,France,1
12489,334.93,1,105,22.328666666666667,2011-01-07 13:13:00,2011-01-07 13:13:00,France,0
12490,5417.93,10,3064,22.114,2011-01-14 09:13:00,2011-12-04 16:07:00,France,1
12491,460.40000000000003,1,260,17.70769230769231,2011-11-01 12:18:00,2011-11-01 12:18:00,France,0
12492,263.21000000000004,2,192,13.160500000000003,2011-08-26 14:51:00,2011-10-07 15:15:00,Germany,1
12493,433.74,2,207,19.715454545454545,2011-05-26 14:53:00,2011-06-27 10:17:00,France,1
12494,1246.1000000000001,7,707,16.183116883116885,2010-12-09 11:31:00,2011-11-24 09:34:00,France,1
12497,1043.1,1,1236,74.50714285714285,2011-09-19 12:29:00,2011-09-19 12:29:00,Germany,0
12498,403.70000000000005,3,159,17.55217391304348,2011-10-13 09:30:00,2011-11-18 12:53:00,Germany,1
12500,4257.82,11,2678,69.80032786885245,2011-01-10 09:48:00,2011-11-16 16:20:00,Germany,1
12501,2169.39,1,1783,14.559664429530201,2011-01-07 12:28:00,2011-01-07 12:28:00,Germany,0
12502,3723.87,5,820,25.332448979591835,2011-02-03 10:41:00,2011-09-05 11:52:00,Spain,1
12504,482.04999999999995,2,90,53.5611111111111,2011-11-09 14:56:00,2011-11-21 16:02:00,Germany,1
12506,73.5,1,23,3.1956521739130435,2011-04-21 08:54:00,2011-04-21 08:54:00,France,0
12507,1304.81,3,905,59.30954545454545,2011-02-14 09:24:00,2011-07-28 17:09:00,Spain,1
12508,397.88,2,271,5.851176470588236,2011-11-10 16:27:00,2011-11-13 15:37:00,France,1
12509,176.5,1,55,25.214285714285715,2011-02-28 14:45:00,2011-02-28 14:45:00,France,0
12510,982.5699999999999,2,353,29.774848484848484,2011-01-18 14:04:00,2011-07-20 10:15:00,Spain,1
12512,132.18,2,96,4.263870967741935,2011-10-04 14:53:00,2011-10-04 14:55:00,Israel,1
12513,612.29,1,462,17.494,2011-08-19 10:51:00,2011-08-19 10:51:00,France,0
12514,1017.68,1,440,19.954509803921567,2011-03-17 16:38:00,2011-03-17 16:38:00,Italy,0
12515,383.7,1,131,23.98125,2010-12-21 15:43:00,2010-12-21 15:43:00,Italy,0
12516,1312.06,2,875,50.46384615384615,2011-06-12 11:37:00,2011-09-23 09:13:00,Germany,1
12517,2481.6,5,1361,8.894623655913978,2011-06-02 15:13:00,2011-11-11 14:04:00,Germany,1
12518,2056.89,5,1318,16.58782258064516,2011-08-21 13:18:00,2011-12-09 10:13:00,Germany,1
12519,330.84,1,175,19.461176470588235,2011-10-07 09:26:00,2011-10-07 09:26:00,Germany,0
12520,2634.26,5,1439,17.330657894736845,2011-03-11 11:35:00,2011-09-21 15:23:00,Germany,1
12521,599.68,1,309,15.781052631578946,2011-07-20 10:51:00,2011-07-20 10:51:00,Germany,0
12522,192.72,2,194,16.06,2011-10-19 14:41:00,2011-10-31 15:30:00,Germany,1
12523,1789.77,11,865,16.884622641509434,2011-01-12 09:43:00,2011-11-20 12:55:00,France,1
12524,4485.72,8,3699,31.150833333333335,2011-01-10 10:35:00,2011-11-30 15:31:00,Germany,1
12526,1316.66,3,632,18.54450704225352,2011-09-06 14:19:00,2011-12-09 12:09:00,Germany,1
12527,348.71000000000004,3,234,19.37277777777778,2011-01-18 12:05:00,2011-09-19 11:55:00,Germany,1
12528,1933.48,6,756,21.01608695652174,2011-01-31 09:05:00,2011-11-30 14:40:00,Germany,1
12530,1662.28,4,913,25.186060606060607,2011-01-07 10:04:00,2011-10-11 12:34:00,Germany,1
12531,125.22,1,45,7.365882352941177,2011-11-25 11:12:00,2011-11-25 11:12:00,Germany,0
12532,349.83000000000004,1,153,21.864375000000003,2011-11-09 13:47:00,2011-11-09 13:47:00,France,0
12534,1089.18,1,651,17.28857142857143,2011-08-01 10:26:00,2011-08-01 10:26:00,Germany,0
12535,716.35,2,219,21.069117647058825,2011-06-06 12:47:00,2011-09-09 08:48:00,France,1
12536,12601.830000000002,3,2803,48.282873563218395,2011-10-11 14:52:00,2011-10-27 14:20:00,France,1
12538,363.95,1,191,17.33095238095238,2011-11-10 17:16:00,2011-11-10 17:16:00,Spain,0
12539,5568.35,4,2067,20.396886446886448,2011-01-10 09:11:00,2011-11-17 13:30:00,Spain,1
12540,13400.24,17,6685,28.03397489539749,2010-12-13 09:39:00,2011-11-20 11:31:00,Spain,1
12541,981.18,3,680,18.868846153846153,2011-03-04 09:32:00,2011-11-10 10:40:00,Spain,1
12544,372.7,1,136,19.61578947368421,2011-11-03 16:15:00,2011-11-03 16:15:00,Spain,0
12545,1000.39,2,523,20.0078,2011-03-25 12:04:00,2011-09-25 13:39:00,Spain,1
12546,1161.5,2,633,16.833333333333332,2011-09-23 09:44:00,2011-10-24 12:09:00,Spain,1
12547,207.79999999999998,2,134,25.974999999999998,2011-03-04 12:46:00,2011-05-26 12:38:00,Spain,1
12548,95.19999999999999,1,49,19.04,2011-06-26 15:35:00,2011-06-26 15:35:00,Spain,0
12550,964.83,1,569,16.92684210526316,2011-09-21 14:35:00,2011-09-21 14:35:00,Spain,0
12551,168.0,1,100,16.8,2010-12-17 11:23:00,2010-12-17 11:23:00,Spain,0
12552,437.82,2,88,21.891,2011-10-31 12:11:00,2011-11-01 10:02:00,Italy,1
12553,3692.28,10,1965,19.33130890052356,2011-01-14 10:42:00,2011-12-01 16:38:00,France,1
12556,599.56,2,355,5.038319327731092,2011-07-11 13:35:00,2011-10-20 13:06:00,Spain,1
12557,11990.960000000001,5,4384,363.36242424242425,2010-12-03 12:20:00,2011-11-23 16:59:00,Spain,1
12558,269.96,1,196,24.54181818181818,2011-12-02 10:41:00,2011-12-02 10:41:00,USA,0
12559,561.71,2,283,26.74809523809524,2011-01-24 10:12:00,2011-02-02 09:49:00,Germany,1
12560,2134.01,3,1110,20.323904761904764,2011-07-19 15:55:00,2011-12-04 13:54:00,Germany,1
12561,238.85,1,177,14.928125,2011-02-10 11:39:00,2011-02-10 11:39:00,Germany,0
12562,3781.7400000000002,7,1779,22.510357142857146,2011-05-25 12:44:00,2011-12-01 17:20:00,France,1
12564,456.9,1,133,21.757142857142856,2011-03-23 14:55:00,2011-03-23 14:55:00,France,0
12565,145.92,1,80,16.21333333333333,2011-02-24 10:34:00,2011-02-24 10:34:00,Saudi Arabia,0
12566,351.65,1,265,18.507894736842104,2011-09-14 14:30:00,2011-09-14 14:30:00,Germany,0
12567,9401.28,10,4305,21.079103139013455,2010-12-05 11:57:00,2011-11-17 11:02:00,France,1
12569,4124.69,32,1801,21.939840425531912,2011-04-01 13:47:00,2011-12-07 16:24:00,Germany,1
12571,519.61,2,523,15.28264705882353,2011-08-10 12:35:00,2011-10-31 10:19:00,France,1
12572,1020.42,2,452,17.006999999999998,2011-10-19 08:20:00,2011-12-01 09:20:00,Germany,1
12573,160.54000000000002,1,84,5.733571428571429,2011-04-26 15:52:00,2011-04-26 15:52:00,France,0
12574,218.45,1,61,19.85909090909091,2011-01-28 09:20:00,2011-01-28 09:20:00,France,0
12576,1315.83,5,967,14.952613636363635,2011-02-08 11:31:00,2011-11-04 10:11:00,Poland,1
12577,626.6,3,469,4.291780821917809,2010-12-15 16:21:00,2011-11-04 13:24:00,France,1
12578,2794.51,2,1196,24.51324561403509,2011-01-13 15:34:00,2011-11-18 13:30:00,Italy,1
12579,440.42,1,285,15.18689655172414,2011-09-22 17:15:00,2011-09-22 17:15:00,France,0
12580,415.7,1,238,17.320833333333333,2011-04-07 10:24:00,2011-04-07 10:24:00,Germany,0
12581,197.71,1,161,13.180666666666667,2011-10-31 08:56:00,2011-10-31 08:56:00,Germany,0
12582,511.36,2,300,23.243636363636366,2011-02-24 11:42:00,2011-04-15 08:45:00,Finland,1
12583,7281.38,15,5060,29.47927125506073,2010-12-01 08:45:00,2011-12-07 08:07:00,France,1
12584,2338.15,9,416,24.355729166666666,2011-03-04 15:15:00,2011-12-06 09:35:00,Italy,1
12585,2040.1,2,1279,23.44942528735632,2010-12-23 12:58:00,2011-04-19 13:39:00,Germany,1
12586,196.94000000000003,1,79,17.903636363636366,2011-11-22 16:24:00,2011-11-22 16:24:00,Italy,0
12587,144.0,1,51,36.0,2011-12-02 12:47:00,2011-12-02 12:47:00,Finland,0
12588,214.89999999999998,1,53,21.49,2011-10-31 15:01:00,2011-10-31 15:01:00,Finland,0
12589,646.68,2,306,18.47657142857143,2011-07-18 12:05:00,2011-11-11 10:19:00,France,1
12590,9864.26,2,4283,145.06264705882353,2011-05-12 14:46:00,2011-05-12 14:52:00,Germany,1
12591,452.84999999999997,1,228,17.41730769230769,2011-01-26 14:35:00,2011-01-26 14:35:00,Italy,0
12592,437.6,2,290,24.311111111111114,2011-05-10 13:44:00,2011-09-08 15:04:00,Germany,1
12593,418.09999999999997,3,206,19.909523809523808,2011-05-05 09:29:00,2011-08-23 12:43:00,France,1
12594,3338.2200000000003,10,1777,28.290000000000003,2011-01-21 09:52:00,2011-11-02 12:20:00,Italy,1
12596,618.27,2,474,22.898888888888887,2011-04-11 13:22:00,2011-10-19 13:02:00,Spain,1
12597,3811.22,4,2236,18.50106796116505,2011-03-16 14:00:00,2011-11-20 13:33:00,Spain,1
12598,3023.08,8,1964,22.902121212121212,2011-02-28 11:58:00,2011-11-30 12:18:00,France,1
12599,1032.58,7,956,16.654516129032256,2011-02-08 13:28:00,2011-11-10 13:34:00,France,1
12600,2599.04,10,774,40.61,2010-12-03 12:57:00,2011-11-11 10:29:00,Germany,1
12601,577.0600000000001,5,245,20.609285714285715,2011-01-11 10:38:00,2011-06-03 10:17:00,Germany,1
12602,153.12,1,162,12.76,2011-10-12 11:22:00,2011-10-12 11:22:00,France,0
12603,739.1999999999999,1,64,246.39999999999998,2011-11-18 10:42:00,2011-11-18 10:42:00,Germany,0
12604,254.18,2,201,15.88625,2011-03-23 12:06:00,2011-09-21 14:08:00,France,1
12607,1579.51,1,1228,15.63871287128713,2011-10-10 16:06:00,2011-10-10 16:06:00,USA,0
12609,1126.85,3,648,18.78083333333333,2011-01-25 15:13:00,2011-09-22 16:34:00,Germany,1
12610,2099.54,5,1049,19.80698113207547,2011-08-05 13:52:00,2011-11-17 09:34:00,Italy,1
12611,1193.32,1,846,18.35876923076923,2011-10-18 13:12:00,2011-10-18 13:12:00,Italy,0
12612,704.0400000000001,1,262,37.054736842105264,2011-09-26 15:35:00,2011-09-26 15:35:00,Germany,0
12613,3344.38,5,1644,21.858692810457516,2011-03-22 15:42:00,2011-10-13 14:59:00,Germany,1
12614,315.6,1,76,15.780000000000001,2011-03-07 10:22:00,2011-03-07 10:22:00,Germany,0
12615,2291.19,4,1376,21.820857142857143,2011-06-24 13:35:00,2011-12-07 15:02:00,France,1
12616,713.3,2,284,22.290625,2011-02-15 14:17:00,2011-09-05 15:17:00,France,1
12617,352.98,1,210,8.609268292682927,2011-11-10 14:39:00,2011-11-10 14:39:00,France,0
12618,177.31,1,96,16.11909090909091,2011-11-18 11:10:00,2011-11-18 11:10:00,Italy,0
12619,3641.24,9,3378,40.45822222222222,2011-03-31 13:10:00,2011-11-23 14:52:00,Germany,1
12620,1339.41,3,1181,14.558804347826088,2011-05-19 12:10:00,2011-11-25 10:20:00,France,1
12621,13689.67,20,7440,29.31406852248394,2010-12-09 10:16:00,2011-12-08 11:25:00,Germany,1
12622,180.1,1,69,16.37272727272727,2011-04-21 16:39:00,2011-04-21 16:39:00,Germany,0
12623,305.1,1,191,16.950000000000003,2011-03-08 13:50:00,2011-03-08 13:50:00,Germany,0
12624,641.13,2,355,16.87184210526316,2011-06-15 12:34:00,2011-08-25 15:04:00,France,1
12625,2683.82,2,1612,31.207209302325584,2011-01-24 13:27:00,2011-05-12 09:54:00,Germany,1
12626,6620.48,9,3453,22.51863945578231,2011-01-17 11:01:00,2011-11-16 16:06:00,Germany,1
12627,4478.53,7,2752,19.47186956521739,2011-07-22 13:59:00,2011-11-29 12:07:00,Germany,1
12628,786.46,3,448,19.181951219512197,2011-10-06 09:28:00,2011-12-05 13:15:00,Germany,1
12630,1270.88,2,548,19.8575,2011-10-27 10:41:00,2011-11-30 10:48:00,Finland,1
12631,640.5,1,236,20.661290322580644,2011-10-13 13:53:00,2011-10-13 13:53:00,Finland,0
12633,2163.98,4,1162,21.425544554455445,2011-02-25 08:44:00,2011-10-12 11:40:00,Germany,1
12635,1689.18,2,1172,16.724554455445546,2011-07-08 08:43:00,2011-09-11 11:04:00,Germany,1
12637,6002.9,8,2994,15.714397905759162,2011-01-20 10:47:00,2011-10-03 13:46:00,France,1
12638,671.69,1,577,17.222820512820515,2011-11-06 13:11:00,2011-11-06 13:11:00,Sweden,0
12639,486.1,1,201,22.095454545454547,2011-04-15 12:48:00,2011-04-15 12:48:00,Sweden,0
12640,1174.58,3,311,22.16188679245283,2011-09-19 12:01:00,2011-11-16 11:52:00,France,1
12641,185.9,1,72,18.59,2011-08-16 13:26:00,2011-08-16 13:26:00,Sweden,0
12642,1013.26,3,552,21.558723404255318,2011-08-24 09:23:00,2011-11-14 15:03:00,Germany,1
12643,3344.64,6,1808,139.35999999999999,2011-01-11 11:48:00,2011-08-03 12:56:00,France,1
12644,477.91,1,325,15.416451612903227,2011-08-02 10:33:00,2011-08-02 10:33:00,Germany,0
12645,1775.18,4,1084,24.31753424657534,2011-01-27 13:08:00,2011-11-06 12:38:00,Germany,1
12646,1346.97,2,897,29.932666666666666,2011-10-21 12:52:00,2011-12-05 10:14:00,USA,1
12647,3722.82,12,1432,30.514918032786888,2010-12-05 14:02:00,2011-11-17 12:56:00,Germany,1
12648,318.05,1,160,15.145238095238096,2011-07-08 11:55:00,2011-07-08 11:55:00,Germany,0
12649,623.51,3,586,20.113225806451613,2011-05-11 14:37:00,2011-08-24 14:41:00,Germany,1
12650,314.44,1,254,15.722,2011-12-06 16:34:00,2011-12-06 16:34:00,France,0
12651,114.0,1,78,12.666666666666666,2011-01-09 12:46:00,2011-01-09 12:46:00,France,0
12652,919.98,1,505,19.16625,2011-01-12 15:00:00,2011-01-12 15:00:00,France,0
12653,2209.85,2,919,51.391860465116274,2011-02-16 10:53:00,2011-07-14 10:41:00,Israel,1
12654,601.98,5,264,15.841578947368422,2011-02-17 13:16:00,2011-11-29 10:10:00,Germany,1
12656,4051.17,5,1723,32.152142857142856,2011-04-20 09:20:00,2011-11-22 13:42:00,France,1
12657,1643.18,4,1044,34.961276595744685,2011-09-22 11:40:00,2011-11-28 15:47:00,France,1
12658,686.05,1,320,19.056944444444444,2011-11-21 10:22:00,2011-11-21 10:22:00,Germany,0
12659,91.68,1,105,18.336000000000002,2011-11-10 11:53:00,2011-11-10 11:53:00,France,0
12660,245.1,1,127,18.853846153846153,2011-11-28 13:26:00,2011-11-28 13:26:00,France,0
12662,3849.78,11,2058,16.73817391304348,2010-12-01 13:04:00,2011-12-09 11:59:00,Germany,1
12664,4881.88,9,1203,131.94270270270272,2011-01-21 11:42:00,2011-12-01 17:07:00,Finland,1
12665,63.0,1,37,21.0,2011-01-19 08:34:00,2011-01-19 08:34:00,Germany,0
12667,620.13,1,395,18.791818181818183,2011-10-12 17:00:00,2011-10-12 17:00:00,Finland,0
12668,3807.15,4,1634,23.64689440993789,2010-12-19 12:46:00,2011-11-28 10:56:00,Germany,1
12669,2744.0299999999997,3,1115,27.168613861386135,2011-03-28 10:15:00,2011-07-12 09:54:00,France,1
12670,2996.05,5,1397,32.56576086956522,2011-04-21 10:16:00,2011-11-29 15:23:00,France,1
12672,225.89999999999998,1,78,22.589999999999996,2011-01-14 09:20:00,2011-01-14 09:20:00,France,0
12673,610.52,2,351,14.536190476190475,2011-01-17 11:46:00,2011-12-04 13:55:00,Germany,1
12674,1970.6,4,1133,23.742168674698792,2011-05-16 09:10:00,2011-11-01 12:12:00,France,1
12676,1331.39,6,670,29.586444444444446,2011-02-01 15:41:00,2011-11-15 12:25:00,Sweden,1
12678,17628.46,12,10923,106.83915151515151,2010-12-21 11:00:00,2011-10-28 13:04:00,France,1
12679,1113.02,4,554,23.187916666666666,2011-03-01 12:26:00,2011-10-12 12:30:00,France,1
12680,862.81,4,443,16.592499999999998,2011-08-18 15:44:00,2011-12-09 12:50:00,France,1
12681,13787.54,22,7536,21.610564263322885,2010-12-07 10:08:00,2011-11-25 11:33:00,France,1
12682,12279.82,31,5555,23.434770992366413,2010-12-03 13:59:00,2011-12-06 10:00:00,France,1
12683,8476.57,15,4987,24.641191860465117,2010-12-09 10:37:00,2011-12-05 16:31:00,France,1
12684,2283.63,7,1985,21.748857142857144,2011-05-10 12:55:00,2011-12-02 09:53:00,France,1
12685,2863.08,6,1523,18.236178343949042,2011-09-07 10:28:00,2011-11-11 13:46:00,France,1
12686,89.14,1,107,12.734285714285715,2010-12-03 09:51:00,2010-12-03 09:51:00,France,0
12688,4873.8099999999995,1,3028,28.501812865497072,2011-08-18 08:49:00,2011-08-18 08:49:00,Israel,0
12689,1247.61,2,628,17.327916666666667,2011-08-04 10:04:00,2011-11-14 08:31:00,France,1
12690,389.01,1,106,24.313125,2011-05-18 09:09:00,2011-05-18 09:09:00,France,0
12691,1035.8,6,394,32.36875,2010-12-17 14:46:00,2011-11-11 16:49:00,France,1
12693,855.91,4,255,21.946410256410257,2011-01-24 12:58:00,2011-08-04 17:51:00,Germany,1
12694,869.67,2,509,23.504594594594593,2011-06-09 17:48:00,2011-09-30 13:06:00,France,1
12695,582.1,4,220,21.55925925925926,2011-05-13 13:15:00,2011-12-02 13:22:00,France,1
12697,957.59,3,508,23.355853658536585,2011-06-23 15:44:00,2011-11-11 08:47:00,Sweden,1
12700,4939.99,4,2967,18.432798507462685,2011-05-08 16:10:00,2011-12-02 10:47:00,France,1
12701,797.71,2,678,15.051132075471699,2011-04-11 13:02:00,2011-09-21 10:47:00,Germany,1
12702,219.0,1,53,18.25,2011-11-20 10:36:00,2011-11-20 10:36:00,Germany,0
12703,283.55,1,164,13.502380952380953,2011-09-29 17:52:00,2011-09-29 17:52:00,Germany,0
12704,2340.84,8,1006,26.600454545454546,2011-06-23 10:20:00,2011-12-02 13:15:00,Finland,1
12705,6868.29,9,3997,20.56374251497006,2010-12-17 15:58:00,2011-11-24 13:17:00,Germany,1
12707,603.42,1,256,18.285454545454545,2011-02-21 08:38:00,2011-02-21 08:38:00,France,0
12708,2712.91,10,1307,17.27968152866242,2010-12-06 10:43:00,2011-11-10 09:52:00,Germany,1
12709,9706.52,15,3912,46.891400966183575,2010-12-08 09:49:00,2011-11-24 15:38:00,Germany,1
12710,1149.02,3,851,14.922337662337663,2011-05-22 14:05:00,2011-09-04 12:00:00,Germany,1
12712,4396.13,13,1062,33.053609022556394,2010-12-03 14:30:00,2011-11-11 08:19:00,Germany,1
12713,848.55,1,508,22.330263157894734,2011-12-09 12:16:00,2011-12-09 12:16:00,Germany,0
12714,4708.86,5,3069,18.18092664092664,2011-02-18 10:53:00,2011-11-30 15:43:00,France,1
12715,343.36,1,192,17.168,2011-08-25 15:22:00,2011-08-25 15:22:00,Sweden,0
12716,1053.49,2,708,15.267971014492753,2011-07-29 13:28:00,2011-12-06 08:55:00,France,1
12717,1030.98,2,506,18.74509090909091,2011-04-08 10:32:00,2011-07-11 14:47:00,Greece,1
12718,238.25,1,203,12.539473684210526,2011-09-29 16:38:00,2011-09-29 16:38:00,France,0
12719,644.95,2,374,16.53717948717949,2011-10-05 14:50:00,2011-12-04 13:45:00,France,1
12720,5781.73,25,4672,16.332570621468925,2010-12-05 15:21:00,2011-12-07 08:03:00,Germany,1
12721,2656.13,6,1959,16.497701863354038,2010-12-20 11:38:00,2011-11-08 12:13:00,France,1
12722,997.63,4,566,18.82320754716981,2011-07-12 11:55:00,2011-09-15 14:50:00,France,1
12723,725.07,5,434,10.508260869565218,2011-10-05 15:52:00,2011-12-06 10:19:00,France,1
12724,1031.41,4,445,19.460566037735852,2011-01-11 15:00:00,2011-12-04 16:02:00,France,1
12725,427.8,1,164,17.825,2010-12-03 15:45:00,2010-12-03 15:45:00,Italy,0
12726,2609.1,7,3143,21.041129032258063,2010-12-17 12:56:00,2011-11-11 13:35:00,France,1
12727,3980.7,7,2098,28.638129496402875,2011-01-23 15:17:00,2011-11-29 11:46:00,France,1
12728,836.33,4,419,18.18108695652174,2011-01-11 13:31:00,2011-09-29 15:31:00,France,1
12729,453.01,1,233,17.423461538461538,2011-08-18 11:40:00,2011-08-18 11:40:00,France,0
12731,18895.91,12,8437,68.96317518248175,2010-12-10 10:56:00,2011-11-16 11:59:00,France,1
12732,236.26000000000002,1,111,19.688333333333336,2011-06-13 11:33:00,2011-06-13 11:33:00,France,0
12733,383.95,1,137,17.452272727272728,2011-04-19 16:19:00,2011-04-19 16:19:00,USA,0
12734,110.39999999999999,1,88,27.599999999999998,2010-12-22 12:47:00,2010-12-22 12:47:00,France,0
12735,779.5699999999999,2,368,18.12953488372093,2011-01-06 14:26:00,2011-01-28 13:37:00,France,1
12736,234.0,1,173,58.5,2011-01-11 07:57:00,2011-01-11 07:57:00,France,0
12738,155.35,1,148,14.122727272727273,2010-12-02 18:27:00,2010-12-02 18:27:00,Germany,0
12739,1013.04,2,486,26.658947368421053,2011-09-01 17:45:00,2011-09-22 13:00:00,United Arab Emirates,1
12740,427.6,1,342,15.837037037037037,2011-10-07 10:44:00,2011-10-07 10:44:00,France,0
12743,540.13,2,315,4.123129770992366,2011-07-28 16:06:00,2011-07-28 16:21:00,Unspecified,1
12744,21279.29,7,5241,95.85265765765766,2011-01-25 13:26:00,2011-10-19 11:18:00,Singapore,1
12747,4196.01,11,1275,40.737961165048546,2010-12-05 15:38:00,2011-12-07 14:34:00,United Kingdom,1
12748,33053.19,210,25288,7.4899592114208025,2010-12-01 12:48:00,2011-12-09 12:20:00,United Kingdom,1
12749,4090.88,5,1471,20.55718592964824,2011-05-10 15:25:00,2011-12-06 09:56:00,United Kingdom,1
12750,275.88,1,137,18.392,2011-08-03 09:13:00,2011-08-03 09:13:00,Poland,0
12752,4366.78,1,2262,82.3920754716981,2011-09-19 13:32:00,2011-09-19 13:32:00,Norway,0
12753,21429.39,6,11421,108.77862944162436,2010-12-12 11:44:00,2011-11-17 10:52:00,Japan,1
12754,3010.74,3,6481,47.78952380952381,2011-02-04 10:31:00,2011-04-18 09:00:00,Japan,1
12755,3811.95,2,1491,952.9875,2010-12-09 10:44:00,2011-03-04 12:42:00,Japan,1
12756,112.07999999999998,1,144,28.019999999999996,2011-09-14 09:31:00,2011-09-14 09:31:00,Japan,0
12757,7834.650000000001,13,2395,21.52376373626374,2011-05-12 19:01:00,2011-11-24 12:30:00,Portugal,1
12758,2791.59,2,2135,28.779278350515465,2011-03-08 12:05:00,2011-08-15 10:22:00,Portugal,1
12759,1531.44,3,902,16.12042105263158,2011-03-09 08:09:00,2011-10-18 14:49:00,Netherlands,1
12762,1898.52,2,1227,27.51478260869565,2011-11-14 14:23:00,2011-12-02 10:23:00,Portugal,1
12763,494.08,2,316,27.448888888888888,2010-12-05 15:46:00,2011-07-24 14:12:00,Japan,1
12764,1693.88,1,386,37.64177777777778,2011-01-27 10:19:00,2011-01-27 10:19:00,Lebanon,0
12766,6989.63,7,3646,22.547193548387096,2010-12-08 13:53:00,2011-12-06 08:46:00,Portugal,1
12769,1143.6,1,356,35.7375,2011-04-15 10:25:00,2011-04-15 10:25:00,Brazil,0
12770,1351.45,1,743,112.62083333333334,2011-05-13 09:33:00,2011-05-13 09:33:00,Japan,0
12772,892.47,1,556,16.226727272727274,2011-10-11 09:19:00,2011-10-11 09:19:00,Portugal,0
12775,1386.04,5,877,21.00060606060606,2011-02-01 13:45:00,2011-11-22 16:33:00,Netherlands,1
12778,822.23,6,825,16.4446,2011-01-31 14:35:00,2011-11-20 11:30:00,Netherlands,1
12779,3981.36,8,2024,26.72053691275168,2010-12-03 13:40:00,2011-11-02 11:43:00,Poland,1
12781,826.74,2,671,33.0696,2011-02-28 08:43:00,2011-10-07 10:37:00,Czech Republic,1
12782,2330.92,5,1086,22.630291262135923,2010-12-17 11:30:00,2011-12-05 09:16:00,Portugal,1
12783,2225.91,6,624,26.49892857142857,2011-09-25 15:35:00,2011-12-07 15:56:00,Portugal,1
12784,532.8199999999999,2,280,9.347719298245613,2011-11-24 12:53:00,2011-11-30 15:38:00,Portugal,1
12785,311.95,1,131,22.282142857142855,2010-12-10 13:48:00,2010-12-10 13:48:00,Portugal,0
12787,463.66,3,261,23.183,2011-05-31 09:36:00,2011-11-30 08:44:00,Netherlands,1
12789,91.85,1,4,22.9625,2011-10-05 13:34:00,2011-10-05 13:34:00,Netherlands,0
12790,324.92,1,166,15.472380952380954,2011-05-31 14:14:00,2011-05-31 14:14:00,Netherlands,0
12791,192.60000000000002,1,97,96.30000000000001,2010-12-01 11:27:00,2010-12-01 11:27:00,Netherlands,0
12792,400.53999999999996,1,217,16.0216,2011-03-28 11:36:00,2011-03-28 11:36:00,Portugal,0
12793,545.48,2,295,22.728333333333335,2010-12-03 15:14:00,2011-01-09 12:12:00,Portugal,1
12794,860.41,2,592,19.12022222222222,2011-09-02 12:01:00,2011-10-17 14:54:00,Portugal,1
12795,430.48,1,68,30.74857142857143,2011-11-21 10:27:00,2011-11-21 10:27:00,Portugal,0
12797,254.03,1,118,19.540769230769232,2010-12-09 10:55:00,2010-12-09 10:55:00,Portugal,0
12798,6977.04,3,5256,872.13,2011-06-22 10:11:00,2011-11-29 15:52:00,Japan,1
12802,427.58,1,314,17.1032,2011-06-06 09:36:00,2011-06-06 09:36:00,Netherlands,0
12808,483.65000000000003,3,188,17.273214285714285,2010-12-06 10:27:00,2011-11-03 10:05:00,Portugal,1
12809,489.31,1,220,19.572400000000002,2011-06-15 10:51:00,2011-06-15 10:51:00,Portugal,0
12811,514.85,3,230,16.608064516129033,2011-02-28 15:39:00,2011-03-24 09:42:00,Portugal,1
12812,229.64000000000001,1,164,15.309333333333335,2011-10-26 09:54:00,2011-10-26 09:54:00,Japan,0
12814,125.92,1,49,62.96,2011-08-30 12:11:00,2011-08-30 12:11:00,Poland,0
12815,1063.46,2,379,22.6268085106383,2011-05-25 13:34:00,2011-07-15 10:21:00,Poland,1
12816,572.2,2,128,19.731034482758623,2011-06-16 13:24:00,2011-09-05 12:41:00,Poland,1
12817,166.04,1,53,41.51,2011-03-03 16:28:00,2011-03-03 16:28:00,Austria,0
12818,1542.08,1,929,110.14857142857143,2011-03-23 12:06:00,2011-03-23 12:06:00,Austria,0
12820,942.34,4,722,15.97186440677966,2011-01-17 12:34:00,2011-12-06 15:12:00,United Kingdom,1
12821,92.72,1,70,15.453333333333333,2011-05-09 15:51:00,2011-05-09 15:51:00,United Kingdom,0
12822,948.88,2,550,20.62782608695652,2011-09-13 13:46:00,2011-09-30 10:04:00,United Kingdom,1
12823,1759.5,5,230,351.9,2011-02-16 12:15:00,2011-09-26 07:35:00,United Kingdom,1
12824,397.12,1,232,15.8848,2011-10-11 12:49:00,2011-10-11 12:49:00,United Kingdom,0
12826,1474.72,7,1058,16.205714285714286,2010-12-09 15:21:00,2011-12-07 10:25:00,United Kingdom,1
12827,430.15000000000003,3,197,17.206000000000003,2011-10-26 15:44:00,2011-12-04 12:17:00,United Kingdom,1
12828,1018.71,6,494,18.19125,2011-08-01 16:16:00,2011-12-07 08:45:00,United Kingdom,1
12829,293.0,2,376,26.636363636363637,2010-12-14 14:54:00,2011-01-07 11:13:00,United Kingdom,1
12830,6814.64,6,9848,179.33263157894737,2011-06-21 10:53:00,2011-11-02 11:54:00,United Kingdom,1
12831,215.05,1,135,23.894444444444446,2011-03-22 13:02:00,2011-03-22 13:02:00,United Kingdom,0
12832,383.03,2,195,14.186296296296295,2011-09-02 13:48:00,2011-11-07 13:30:00,United Kingdom,1
12833,417.38,1,156,17.390833333333333,2011-07-17 13:46:00,2011-07-17 13:46:00,United Kingdom,0
12834,312.38,1,110,17.354444444444443,2011-03-02 09:49:00,2011-03-02 09:49:00,United Kingdom,0
12836,2610.36,4,1062,15.002068965517243,2011-02-01 11:19:00,2011-10-11 15:10:00,United Kingdom,1
12837,134.1,1,24,11.174999999999999,2011-06-19 16:07:00,2011-06-19 16:07:00,United Kingdom,0
12838,671.95,2,355,5.599583333333333,2010-12-01 11:57:00,2011-11-06 12:20:00,United Kingdom,1
12839,5591.42,14,3807,17.80707006369427,2010-12-07 15:48:00,2011-12-07 12:33:00,United Kingdom,1
12840,2726.77,4,1511,24.13070796460177,2011-04-27 12:21:00,2011-07-19 09:29:00,United Kingdom,1
12841,3991.58,25,2720,9.641497584541062,2010-12-03 10:43:00,2011-12-05 11:13:00,United Kingdom,1
12842,1118.99,2,547,32.9114705882353,2011-02-04 12:36:00,2011-09-30 15:33:00,United Kingdom,1
12843,1702.26,8,781,16.526796116504855,2011-03-20 14:38:00,2011-10-05 12:09:00,United Kingdom,1
12844,325.96000000000004,2,125,6.268461538461539,2011-08-01 13:11:00,2011-11-10 13:31:00,United Kingdom,1
12845,354.09,4,204,13.114444444444443,2011-02-22 14:10:00,2011-03-17 13:34:00,United Kingdom,1
12847,843.64,1,873,10.043333333333333,2011-11-17 13:16:00,2011-11-17 13:16:00,United Kingdom,0
12849,1010.29,2,597,21.047708333333333,2011-03-16 12:26:00,2011-11-08 13:41:00,United Kingdom,1
12851,131.81,1,106,2.8044680851063832,2011-09-04 12:41:00,2011-09-04 12:41:00,United Kingdom,0
12852,311.55,1,149,18.326470588235296,2011-02-18 08:47:00,2011-02-18 08:47:00,United Kingdom,0
12853,1957.1000000000001,6,800,25.09102564102564,2011-01-28 10:28:00,2011-07-28 11:29:00,United Kingdom,1
12854,1316.25,3,626,12.075688073394495,2011-01-25 13:35:00,2011-09-22 12:15:00,United Kingdom,1
12855,38.1,1,30,12.700000000000001,2010-12-02 09:37:00,2010-12-02 09:37:00,United Kingdom,0
12856,2170.78,6,1076,6.98,2011-10-07 12:38:00,2011-12-02 10:52:00,United Kingdom,1
12857,1106.4,2,343,24.05217391304348,2011-02-10 12:32:00,2011-05-13 10:20:00,United Kingdom,1
12863,521.2,1,188,104.24000000000001,2011-10-18 14:15:00,2011-10-18 14:15:00,United Kingdom,0
12864,147.12,1,216,49.04,2011-07-24 13:03:00,2011-07-24 13:03:00,United Kingdom,0
12865,1568.23,2,925,16.507684210526318,2011-08-08 10:11:00,2011-11-13 14:31:00,Austria,1
12866,559.12,1,171,21.504615384615384,2011-03-01 14:11:00,2011-03-01 14:11:00,Belgium,0
12867,4009.34,7,4284,7.50812734082397,2010-12-14 16:39:00,2011-11-13 15:30:00,United Kingdom,1
12868,1607.0600000000002,6,928,15.0192523364486,2010-12-01 12:50:00,2011-06-07 10:42:00,United Kingdom,1
12871,380.64,2,200,34.60363636363636,2011-05-16 13:32:00,2011-09-16 15:07:00,United Kingdom,1
12872,599.97,2,319,9.090454545454547,2010-12-09 14:44:00,2011-01-17 10:52:00,United Kingdom,1
12873,374.0,1,128,93.5,2011-03-02 14:58:00,2011-03-02 14:58:00,United Kingdom,0
12875,343.2300000000001,2,2019,171.61500000000004,2010-12-12 12:03:00,2011-07-19 15:30:00,United Kingdom,1
12876,2218.02,2,1941,26.09435294117647,2011-05-27 13:34:00,2011-10-13 12:26:00,Belgium,1
12877,1535.77,12,1178,9.972532467532467,2010-12-16 12:23:00,2011-12-06 10:30:00,United Kingdom,1
12878,854.99,2,547,18.191276595744682,2011-03-18 14:02:00,2011-04-17 13:07:00,United Kingdom,1
12879,573.22,3,370,57.322,2011-09-09 12:11:00,2011-10-26 12:24:00,United Kingdom,1
12881,298.0,1,21,42.57142857142857,2011-03-09 11:44:00,2011-03-09 11:44:00,United Kingdom,0
12882,1463.04,2,246,112.54153846153847,2011-11-06 11:22:00,2011-11-30 16:18:00,United Kingdom,1
12883,703.47,4,196,16.749285714285715,2011-09-11 15:18:00,2011-11-15 09:32:00,United Kingdom,1
12884,309.05,1,43,44.15,2011-09-12 13:10:00,2011-09-12 13:10:00,United Kingdom,0
12885,1175.22,3,655,16.552394366197184,2011-08-08 11:45:00,2011-10-07 13:40:00,United Kingdom,1
12886,1378.4,2,770,16.809756097560978,2011-05-04 11:21:00,2011-10-03 10:09:00,United Kingdom,1
12888,354.12,2,76,70.824,2011-03-29 14:31:00,2011-05-09 16:02:00,United Kingdom,1
12890,376.71999999999997,1,256,4.768607594936708,2011-11-15 17:26:00,2011-11-15 17:26:00,United Kingdom,0
12891,331.0,3,950,110.33333333333333,2011-02-20 11:28:00,2011-06-07 12:31:00,United Kingdom,1
12893,176.55,1,90,5.695161290322581,2011-11-09 12:34:00,2011-11-09 12:34:00,United Kingdom,0
12895,372.8,2,210,16.945454545454545,2011-09-14 08:35:00,2011-10-28 13:51:00,United Kingdom,1
12897,216.5,2,110,54.125,2011-02-11 11:40:00,2011-05-19 12:13:00,United Kingdom,1
12901,17654.54,28,23075,152.19431034482758,2011-03-14 10:41:00,2011-12-01 10:07:00,United Kingdom,1
12902,138.68,1,66,13.868,2011-03-20 12:06:00,2011-03-20 12:06:00,United Kingdom,0
12904,496.06,2,294,6.986760563380281,2011-06-20 13:18:00,2011-11-21 14:34:00,United Kingdom,1
12906,2919.81,5,1749,46.34619047619047,2011-09-22 15:03:00,2011-11-28 09:55:00,United Kingdom,1
12908,750.0,2,1200,375.0,2011-01-31 12:37:00,2011-06-16 15:39:00,United Kingdom,1
12909,2178.67,5,1280,23.941428571428574,2011-03-31 12:51:00,2011-10-31 12:43:00,United Kingdom,1
12910,3075.04,8,1692,41.00053333333333,2011-04-12 10:01:00,2011-11-16 14:28:00,United Kingdom,1
12912,1662.3,5,670,69.2625,2011-10-30 11:35:00,2011-12-07 08:55:00,United Kingdom,1
12913,2483.63,5,1419,49.6726,2010-12-06 16:36:00,2011-12-05 12:11:00,United Kingdom,1
12915,363.65,2,93,16.529545454545453,2010-12-02 12:33:00,2011-07-14 11:34:00,United Kingdom,1
12916,2944.95,4,1083,28.59174757281553,2011-01-23 10:43:00,2011-07-24 10:35:00,United Kingdom,1
12917,594.0,1,120,297.0,2011-08-03 16:42:00,2011-08-03 16:42:00,United Kingdom,0
12919,1335.19,6,673,26.7038,2011-06-23 09:22:00,2011-12-01 13:47:00,United Kingdom,1
12920,162.78,1,128,6.028888888888889,2011-11-22 15:05:00,2011-11-22 15:05:00,United Kingdom,0
12921,16587.09,37,9526,23.037625,2010-12-01 15:06:00,2011-11-30 16:22:00,United Kingdom,1
12922,405.38,1,370,14.477857142857143,2011-07-01 15:35:00,2011-07-01 15:35:00,United Kingdom,0
12923,172.82,1,68,6.172142857142857,2011-10-06 16:20:00,2011-10-06 16:20:00,United Kingdom,0
12924,933.7,4,481,31.123333333333335,2011-01-16 11:49:00,2011-09-12 13:55:00,United Kingdom,1
12925,694.05,2,541,15.423333333333332,2011-09-26 11:05:00,2011-12-05 11:11:00,United Kingdom,1
12928,2062.7000000000003,5,1472,24.555952380952384,2010-12-15 15:45:00,2011-11-04 14:24:00,United Kingdom,1
12929,117.85,1,37,14.73125,2011-02-01 12:08:00,2011-02-01 12:08:00,United Kingdom,0
12930,415.8,2,252,16.632,2011-06-21 13:25:00,2011-09-22 15:18:00,United Kingdom,1
12931,42055.96,15,28004,512.8775609756098,2010-12-17 09:45:00,2011-11-18 12:39:00,United Kingdom,1
12933,607.53,3,499,5.7314150943396225,2011-03-01 11:30:00,2011-11-15 16:38:00,United Kingdom,1
12935,2160.7,7,1853,16.749612403100773,2011-01-24 13:58:00,2011-12-07 17:25:00,United Kingdom,1
12936,1063.9,4,559,17.15967741935484,2011-09-22 13:51:00,2011-11-22 17:32:00,United Kingdom,1
12937,1504.27,4,1007,12.535583333333333,2011-03-17 14:19:00,2011-11-24 15:05:00,United Kingdom,1
12938,114.14,1,140,12.682222222222222,2011-11-14 11:21:00,2011-11-14 11:21:00,United Kingdom,0
12939,11581.8,8,4876,246.42127659574467,2011-01-09 11:20:00,2011-10-06 14:33:00,United Kingdom,1
12940,899.69,2,404,9.371770833333334,2011-09-13 10:16:00,2011-10-16 12:09:00,United Kingdom,1
12942,675.6,3,198,9.651428571428571,2010-12-09 09:34:00,2011-07-31 14:39:00,United Kingdom,1
12944,604.51,2,289,20.150333333333332,2010-12-20 10:41:00,2011-11-04 11:04:00,United Kingdom,1
12945,462.95,1,165,20.128260869565217,2011-02-24 14:15:00,2011-02-24 14:15:00,United Kingdom,0
12947,1603.99,6,1165,16.535979381443298,2010-12-01 16:21:00,2011-07-19 10:06:00,United Kingdom,1
12948,2064.95,7,1080,17.801293103448273,2011-03-20 10:17:00,2011-11-23 17:10:00,United Kingdom,1
12949,4167.22,8,2381,19.382418604651164,2011-04-01 13:20:00,2011-11-09 11:25:00,United Kingdom,1
12950,1843.0,3,1380,80.1304347826087,2011-11-15 13:48:00,2011-12-07 13:17:00,United Kingdom,1
12951,1064.07,6,503,16.89,2011-01-13 10:33:00,2011-12-01 12:14:00,United Kingdom,1
12952,1387.79,4,653,17.566962025316457,2011-09-22 16:37:00,2011-12-04 10:35:00,United Kingdom,1
12953,329.85,1,84,19.40294117647059,2011-11-30 09:24:00,2011-11-30 09:24:00,United Kingdom,0
12955,4757.16,11,3664,26.428666666666665,2011-03-17 09:03:00,2011-12-08 16:29:00,United Kingdom,1
12956,108.07,1,34,5.687894736842105,2011-02-06 16:08:00,2011-02-06 16:08:00,United Kingdom,0
12957,4017.54,8,2549,16.880420168067225,2011-01-04 12:18:00,2011-11-30 09:53:00,United Kingdom,1
12962,266.39,2,129,16.649375,2011-08-18 13:38:00,2011-12-02 15:55:00,United Kingdom,1
12963,1856.63,8,881,19.54347368421053,2010-12-09 09:14:00,2011-12-01 12:55:00,United Kingdom,1
12965,769.8100000000001,1,282,7.1278703703703705,2011-09-11 15:31:00,2011-09-11 15:31:00,United Kingdom,0
12966,160.18,1,75,16.018,2011-11-30 12:38:00,2011-11-30 12:38:00,United Kingdom,0
12967,1660.9,2,438,87.41578947368421,2010-12-03 09:49:00,2010-12-16 19:10:00,United Kingdom,1
12968,135.95,1,73,27.189999999999998,2011-08-19 15:44:00,2011-08-19 15:44:00,United Kingdom,0
12970,405.47,4,268,3.1431782945736435,2011-01-21 14:04:00,2011-12-02 14:30:00,United Kingdom,1
12971,11189.91,86,9289,36.68822950819672,2010-12-02 16:42:00,2011-12-06 12:20:00,United Kingdom,1
12974,144.8,1,24,18.1,2011-05-26 09:33:00,2011-05-26 09:33:00,United Kingdom,0
12976,738.6,1,561,33.57272727272727,2011-05-12 09:55:00,2011-05-12 09:55:00,United Kingdom,0
12977,39.239999999999995,1,12,4.359999999999999,2011-07-06 16:40:00,2011-07-06 16:40:00,United Kingdom,0
12980,7374.900000000001,9,886,368.745,2010-12-16 11:36:00,2011-07-05 09:34:00,United Kingdom,1
12981,372.21999999999997,2,242,18.610999999999997,2011-07-29 14:14:00,2011-11-10 12:00:00,United Kingdom,1
12982,390.54,1,288,13.947857142857144,2011-04-11 11:51:00,2011-04-11 11:51:00,United Kingdom,0
12984,97.5,1,26,24.375,2011-11-21 12:37:00,2011-11-21 12:37:00,United Kingdom,0
12985,1239.38,2,1533,16.30763157894737,2011-11-11 12:44:00,2011-12-09 10:46:00,United Kingdom,1
12987,558.7,2,219,19.95357142857143,2011-05-26 12:00:00,2011-09-27 12:03:00,United Kingdom,1
12988,505.82,1,126,6.094216867469879,2011-02-20 14:31:00,2011-02-20 14:31:00,United Kingdom,0
12989,6924.110000000001,15,2943,108.18921875000001,2010-12-10 13:24:00,2011-12-06 15:28:00,United Kingdom,1
12990,409.5,3,200,31.5,2011-02-02 15:39:00,2011-11-08 13:01:00,United Kingdom,1
12991,503.76,2,405,16.25032258064516,2011-08-19 14:39:00,2011-11-16 15:34:00,United Kingdom,1
12993,414.76,4,240,15.361481481481482,2011-02-14 14:29:00,2011-11-16 15:49:00,United Kingdom,1
12994,974.4200000000001,3,459,15.97409836065574,2011-03-16 08:31:00,2011-12-05 15:43:00,United Kingdom,1
12995,211.32,1,108,70.44,2011-09-15 15:44:00,2011-09-15 15:44:00,United Kingdom,0
12997,1226.89,4,664,20.794745762711866,2011-01-26 15:49:00,2011-11-17 15:47:00,United Kingdom,1
12999,455.88,3,342,16.28142857142857,2011-04-08 10:26:00,2011-05-27 13:24:00,United Kingdom,1
13000,534.85,3,379,17.253225806451614,2010-12-10 10:26:00,2011-08-25 10:43:00,United Kingdom,1
13001,9785.970000000001,13,5490,29.038486646884277,2011-01-17 12:45:00,2011-12-05 14:51:00,United Kingdom,1
13002,120.94999999999999,1,73,17.27857142857143,2011-01-25 15:18:00,2011-01-25 15:18:00,United Kingdom,0
13003,149.05,3,103,24.84166666666667,2011-05-09 08:23:00,2011-08-26 10:50:00,United Kingdom,1
13004,5655.91,18,4822,13.999777227722772,2010-12-17 08:20:00,2011-11-28 11:27:00,United Kingdom,1
13005,513.7,2,172,19.75769230769231,2011-04-07 13:32:00,2011-06-19 10:53:00,United Kingdom,1
13006,81.57,1,55,20.3925,2011-10-14 13:49:00,2011-10-14 13:49:00,United Kingdom,0
13008,229.46999999999997,1,175,16.390714285714285,2011-01-20 14:24:00,2011-01-20 14:24:00,United Kingdom,0
13011,50.550000000000004,1,13,16.85,2010-12-02 17:22:00,2010-12-02 17:22:00,United Kingdom,0
13012,1646.8400000000001,8,820,18.71409090909091,2011-02-18 09:43:00,2011-11-30 13:05:00,United Kingdom,1
13013,4810.9400000000005,13,2224,21.967762557077627,2010-12-03 12:28:00,2011-12-08 15:01:00,United Kingdom,1
13014,3466.2799999999997,10,907,31.511636363636363,2011-03-03 18:28:00,2011-11-29 12:27:00,United Kingdom,1
13015,3339.64,5,1609,19.08365714285714,2011-04-04 14:28:00,2011-10-17 13:19:00,United Kingdom,1
13016,789.89,3,527,16.806170212765956,2011-08-08 15:00:00,2011-09-27 14:08:00,United Kingdom,1
13017,204.0,1,48,204.0,2011-12-02 15:53:00,2011-12-02 15:53:00,United Kingdom,0
13018,7277.7,28,5435,15.890174672489083,2011-02-17 11:05:00,2011-11-23 13:28:00,United Kingdom,1
13021,2616.38,9,1352,19.97236641221374,2010-12-16 10:12:00,2011-12-05 16:37:00,United Kingdom,1
13023,689.9,2,286,17.2475,2011-08-02 09:34:00,2011-10-06 16:27:00,United Kingdom,1
13026,975.36,5,1620,24.384,2011-03-09 11:35:00,2011-12-08 16:58:00,United Kingdom,1
13027,6912.0,6,17280,265.84615384615387,2010-12-20 12:45:00,2011-08-18 09:39:00,United Kingdom,1
13028,661.3199999999999,2,798,14.695999999999998,2011-10-25 14:09:00,2011-11-17 11:10:00,United Kingdom,1
13029,1247.5,3,134,124.75,2010-12-21 13:53:00,2011-11-09 09:13:00,United Kingdom,1
13030,752.4399999999999,2,348,8.178695652173912,2010-12-06 14:31:00,2011-11-28 14:30:00,United Kingdom,1
13032,1010.18,2,375,14.227887323943662,2011-09-13 16:40:00,2011-10-18 15:54:00,United Kingdom,1
13033,190.55,1,83,17.322727272727274,2010-12-17 14:23:00,2010-12-17 14:23:00,United Kingdom,0
13034,642.77,2,369,17.372162162162162,2010-12-05 14:52:00,2011-10-16 12:21:00,United Kingdom,1
13035,921.88,2,644,34.1437037037037,2011-03-24 09:21:00,2011-09-27 08:57:00,United Kingdom,1
13037,881.07,3,431,18.355625,2011-03-28 15:42:00,2011-07-24 15:46:00,United Kingdom,1
13038,908.46,3,360,32.445,2011-02-22 11:43:00,2011-09-20 14:37:00,United Kingdom,1
13040,676.99,2,355,15.743953488372092,2011-11-06 13:53:00,2011-12-01 10:38:00,United Kingdom,1
13043,516.42,1,254,39.72461538461538,2011-03-11 14:52:00,2011-03-11 14:52:00,United Kingdom,0
13044,560.47,1,429,16.983939393939394,2011-02-21 15:20:00,2011-02-21 15:20:00,United Kingdom,0
13045,305.28000000000003,1,221,16.96,2011-09-01 15:04:00,2011-09-01 15:04:00,United Kingdom,0
13046,629.31,2,264,17.980285714285714,2011-03-18 15:43:00,2011-11-09 08:36:00,United Kingdom,1
13047,3237.54,10,1391,18.822906976744186,2010-12-01 08:34:00,2011-11-08 12:06:00,United Kingdom,1
13048,1819.41,4,1228,13.477111111111112,2011-01-16 14:36:00,2011-11-25 13:23:00,United Kingdom,1
13049,656.6800000000001,2,268,46.90571428571429,2011-01-25 16:33:00,2011-10-06 15:31:00,United Kingdom,1
13050,5836.86,17,3748,14.483523573200992,2010-12-08 09:30:00,2011-11-25 09:18:00,United Kingdom,1
13052,348.15000000000003,1,222,19.34166666666667,2011-05-11 14:12:00,2011-05-11 14:12:00,United Kingdom,0
13055,1214.41,3,894,15.979078947368421,2011-05-10 08:58:00,2011-09-22 14:26:00,United Kingdom,1
13058,271.40000000000003,3,52,33.925000000000004,2011-07-11 12:01:00,2011-11-15 12:43:00,United Kingdom,1
13059,183.4,1,35,22.925,2011-04-04 10:40:00,2011-04-04 10:40:00,United Kingdom,0
13060,307.53,1,123,20.502,2011-03-31 11:37:00,2011-03-31 11:37:00,United Kingdom,0
13061,248.61,1,107,24.861,2011-09-28 16:04:00,2011-09-28 16:04:00,United Kingdom,0
13062,346.98,1,343,31.543636363636367,2011-06-01 15:12:00,2011-06-01 15:12:00,United Kingdom,0
13064,1105.59,4,514,16.258676470588235,2011-01-16 13:41:00,2011-11-27 12:31:00,United Kingdom,1
13065,205.86,1,74,14.704285714285716,2010-12-01 16:52:00,2010-12-01 16:52:00,United Kingdom,0
13066,470.8,2,322,9.808333333333334,2011-11-07 17:06:00,2011-11-15 12:57:00,United Kingdom,1
13067,115.46000000000001,1,32,7.697333333333334,2011-09-18 13:38:00,2011-09-18 13:38:00,United Kingdom,0
13068,344.0,2,200,172.0,2011-01-24 08:20:00,2011-11-29 15:00:00,United Kingdom,1
13069,4431.44,24,5873,10.451509433962263,2010-12-05 11:02:00,2011-12-09 08:39:00,United Kingdom,1
13070,228.8,1,110,25.422222222222224,2011-05-31 13:45:00,2011-05-31 13:45:00,United Kingdom,0
13072,177.15,1,69,25.307142857142857,2011-03-18 08:12:00,2011-03-18 08:12:00,United Kingdom,0
13075,919.61,1,485,41.80045454545455,2011-08-02 10:19:00,2011-08-02 10:19:00,United Kingdom,0
13077,728.02,4,862,6.558738738738739,2010-12-08 14:59:00,2011-12-08 19:24:00,United Kingdom,1
13078,12627.94,26,5630,35.27357541899441,2010-12-08 09:07:00,2011-12-06 15:36:00,United Kingdom,1
13079,220.10000000000002,5,62,36.68333333333334,2011-07-22 14:41:00,2011-12-05 16:53:00,United Kingdom,1
13080,58.08,1,120,9.68,2011-06-13 14:59:00,2011-06-13 14:59:00,United Kingdom,0
13081,28337.38,11,19160,27.565544747081713,2010-12-03 17:20:00,2011-11-28 10:54:00,United Kingdom,1
13082,3613.63,9,4324,49.50178082191781,2011-01-05 15:42:00,2011-08-05 16:16:00,United Kingdom,1
13083,303.75,2,187,16.875,2011-09-25 10:46:00,2011-12-05 15:01:00,United Kingdom,1
13085,416.08000000000004,2,216,18.912727272727274,2011-02-17 13:57:00,2011-07-05 12:11:00,United Kingdom,1
13089,58762.08,97,31025,32.393649393605294,2010-12-05 10:27:00,2011-12-07 09:02:00,United Kingdom,1
13090,8910.82,14,2263,57.48916129032258,2010-12-02 07:48:00,2011-12-01 12:39:00,United Kingdom,1
13091,345.82,1,466,16.467619047619046,2011-11-11 15:54:00,2011-11-11 15:54:00,United Kingdom,0
13092,477.83,5,279,19.1132,2010-12-15 12:27:00,2011-09-30 11:18:00,United Kingdom,1
13093,7832.47,8,3961,49.260817610062894,2010-12-01 15:00:00,2011-03-09 12:14:00,United Kingdom,1
13094,1927.3200000000002,12,1716,80.305,2010-12-06 10:34:00,2011-11-18 14:07:00,United Kingdom,1
13095,74.39999999999999,1,144,12.399999999999999,2011-09-30 12:03:00,2011-09-30 12:03:00,United Kingdom,0
13097,6003.22,10,2360,14.259429928741094,2010-12-14 15:13:00,2011-11-07 10:43:00,United Kingdom,1
13098,28882.44,28,15968,50.49377622377622,2011-01-26 13:46:00,2011-12-08 14:14:00,United Kingdom,1
13099,207.35999999999999,1,288,207.35999999999999,2011-09-01 17:40:00,2011-09-01 17:40:00,United Kingdom,0
13101,101.19,1,113,12.64875,2011-04-19 14:37:00,2011-04-19 14:37:00,United Kingdom,0
13102,6424.09,24,4204,21.131875,2010-12-09 13:38:00,2011-12-08 12:52:00,United Kingdom,1
13103,243.94,1,82,30.4925,2011-10-31 09:38:00,2011-10-31 09:38:00,United Kingdom,0
13104,1098.48,6,504,54.924,2010-12-20 11:58:00,2011-12-06 13:10:00,United Kingdom,1
13106,76.5,1,18,76.5,2011-07-29 15:12:00,2011-07-29 15:12:00,United Kingdom,0
13107,1531.6200000000001,4,1293,26.407241379310346,2011-01-10 12:28:00,2011-10-26 14:52:00,United Kingdom,1
13108,350.06,1,298,35.006,2010-12-02 10:35:00,2010-12-02 10:35:00,United Kingdom,0
13109,786.54,2,520,16.734893617021275,2011-07-05 14:56:00,2011-10-11 10:16:00,United Kingdom,1
13110,1488.67,7,388,10.266689655172414,2011-02-01 15:24:00,2011-11-08 14:30:00,United Kingdom,1
13113,12245.960000000001,24,3050,60.92517412935324,2010-12-08 13:21:00,2011-12-09 12:49:00,United Kingdom,1
13115,2294.78,4,1567,19.12316666666667,2011-06-08 16:15:00,2011-11-28 12:38:00,United Kingdom,1
13116,501.14,1,291,16.704666666666665,2011-07-24 14:33:00,2011-07-24 14:33:00,United Kingdom,0
13117,984.91,8,945,12.959342105263158,2010-12-02 13:11:00,2011-11-18 12:02:00,United Kingdom,1
13118,1197.81,5,410,15.162151898734177,2011-02-24 12:32:00,2011-11-20 12:46:00,United Kingdom,1
13120,30.599999999999998,1,12,30.599999999999998,2011-04-15 10:19:00,2011-04-15 10:19:00,United Kingdom,0
13121,283.73,1,252,5.674600000000001,2011-03-15 16:47:00,2011-03-15 16:47:00,United Kingdom,0
13122,922.39,2,585,16.77072727272727,2011-04-13 14:12:00,2011-09-06 15:53:00,United Kingdom,1
13124,3756.33,3,2119,16.920405405405404,2010-12-15 15:00:00,2011-09-11 12:45:00,United Kingdom,1
13126,2099.64,8,2143,14.997428571428571,2010-12-08 11:42:00,2011-12-05 10:00:00,United Kingdom,1
13127,259.17,1,127,17.278000000000002,2011-09-23 10:26:00,2011-09-23 10:26:00,United Kingdom,0
13130,64.0,1,32,32.0,2011-09-06 15:30:00,2011-09-06 15:30:00,United Kingdom,0
13131,1073.3,3,447,24.393181818181816,2011-06-05 10:54:00,2011-11-16 13:21:00,United Kingdom,1
13132,77.3,1,20,25.766666666666666,2011-03-23 12:44:00,2011-03-23 12:44:00,United Kingdom,0
13133,109.8,2,32,15.685714285714285,2011-02-08 15:48:00,2011-03-11 10:31:00,United Kingdom,1
13134,1793.58,4,1059,18.301836734693875,2011-04-13 12:57:00,2011-09-15 10:35:00,United Kingdom,1
13135,3096.0,1,4300,3096.0,2011-05-27 10:52:00,2011-05-27 10:52:00,United Kingdom,0
13136,2607.61,5,1328,20.53236220472441,2011-05-11 12:47:00,2011-10-14 13:41:00,United Kingdom,1
13137,3603.29,8,2204,5.244963609898107,2011-02-04 11:54:00,2011-11-29 12:09:00,United Kingdom,1
13138,962.39,6,473,15.276031746031746,2010-12-02 15:03:00,2011-11-17 16:51:00,United Kingdom,1
13139,5064.94,7,2425,29.79376470588235,2011-03-25 11:57:00,2011-11-23 13:54:00,United Kingdom,1
13140,422.47,3,185,9.388222222222224,2010-12-08 15:12:00,2011-08-23 15:33:00,United Kingdom,1
13141,2388.75,5,1548,17.694444444444443,2011-01-28 13:04:00,2011-09-16 09:54:00,United Kingdom,1
13142,307.09,1,258,13.351739130434781,2011-11-20 16:07:00,2011-11-20 16:07:00,United Kingdom,0
13144,110.95,1,21,36.983333333333334,2011-01-11 11:15:00,2011-01-11 11:15:00,United Kingdom,0
13145,618.52,4,145,103.08666666666666,2010-12-02 18:06:00,2011-10-31 12:45:00,United Kingdom,1
13146,228.91,1,154,13.465294117647058,2011-11-13 15:29:00,2011-11-13 15:29:00,United Kingdom,0
13147,712.8000000000001,4,144,178.20000000000002,2011-09-01 12:28:00,2011-11-29 13:59:00,United Kingdom,1
13148,3683.26,12,1965,11.805320512820513,2010-12-10 13:06:00,2011-11-10 15:23:00,United Kingdom,1
13149,1676.06,4,1280,19.48906976744186,2011-02-23 13:57:00,2011-11-25 13:09:00,United Kingdom,1
13151,1257.8700000000001,1,363,16.998243243243245,2011-02-17 12:29:00,2011-02-17 12:29:00,United Kingdom,0
13153,486.22,1,418,32.41466666666667,2011-12-04 12:14:00,2011-12-04 12:14:00,United Kingdom,0
13155,971.76,4,497,11.432470588235294,2010-12-06 12:44:00,2011-11-06 15:41:00,United Kingdom,1
13157,1741.22,4,1439,20.014022988505747,2011-02-14 14:03:00,2011-10-21 13:50:00,United Kingdom,1
13158,1201.06,4,784,15.203291139240505,2011-01-25 09:58:00,2011-09-06 11:58:00,United Kingdom,1
13159,1429.35,4,1058,11.911249999999999,2011-08-16 11:44:00,2011-12-01 11:20:00,United Kingdom,1
13160,91.8,1,56,22.95,2011-11-17 13:07:00,2011-11-17 13:07:00,United Kingdom,0
13161,112.75,1,29,14.09375,2011-01-30 14:03:00,2011-01-30 14:03:00,United Kingdom,0
13162,1688.29,4,1713,21.370759493670885,2011-01-09 10:43:00,2011-08-09 15:59:00,United Kingdom,1
13165,1021.48,2,1376,24.32095238095238,2010-12-23 14:06:00,2011-10-24 15:05:00,United Kingdom,1
13166,417.2,1,216,10.175609756097561,2011-03-01 15:16:00,2011-03-01 15:16:00,United Kingdom,0
13167,791.33,4,785,12.174307692307693,2011-07-19 12:13:00,2011-11-21 12:24:00,United Kingdom,1
13168,1299.59,4,670,10.314206349206348,2011-01-25 13:55:00,2011-11-03 12:56:00,United Kingdom,1
13169,712.88,2,272,54.83692307692308,2011-04-01 14:24:00,2011-10-07 12:11:00,United Kingdom,1
13170,108.81,1,141,3.6270000000000002,2011-11-13 12:19:00,2011-11-13 12:19:00,United Kingdom,0
13171,468.41,3,229,10.182826086956522,2011-02-13 14:16:00,2011-11-18 10:27:00,United Kingdom,1
13173,353.65,2,277,8.224418604651163,2010-12-07 14:30:00,2011-12-05 15:51:00,United Kingdom,1
13174,2742.82,3,1352,9.361160409556314,2010-12-05 16:24:00,2011-11-23 14:35:00,United Kingdom,1
13176,481.49,1,448,7.186417910447761,2011-10-24 15:43:00,2011-10-24 15:43:00,United Kingdom,0
13177,282.45,1,91,16.61470588235294,2011-10-06 09:56:00,2011-10-06 09:56:00,United Kingdom,0
13178,5725.47,11,3570,21.60554716981132,2010-12-14 12:22:00,2011-11-13 16:14:00,United Kingdom,1
13182,121.18,1,201,11.016363636363637,2011-10-25 13:46:00,2011-10-25 13:46:00,United Kingdom,0
13183,3957.78,9,2208,42.10404255319149,2011-01-09 10:50:00,2011-12-02 10:30:00,United Kingdom,1
13184,1668.95,10,1662,9.323743016759776,2011-02-22 17:25:00,2011-11-25 12:02:00,United Kingdom,1
13185,71.4,1,12,71.4,2011-03-17 11:56:00,2011-03-17 11:56:00,United Kingdom,0
13186,1575.89,3,820,19.947974683544306,2011-08-03 09:09:00,2011-10-31 11:40:00,United Kingdom,1
13187,236.02,1,95,6.378918918918919,2011-01-06 18:57:00,2011-01-06 18:57:00,United Kingdom,0
13188,114.60000000000001,1,25,57.300000000000004,2011-11-28 15:28:00,2011-11-28 15:28:00,United Kingdom,0
13189,260.68,2,842,8.988965517241379,2011-08-16 13:12:00,2011-11-21 10:39:00,United Kingdom,1
13192,911.94,2,595,14.475238095238096,2011-05-18 14:57:00,2011-09-05 14:13:00,United Kingdom,1
13193,112.08,1,46,4.4832,2011-10-09 14:30:00,2011-10-09 14:30:00,United Kingdom,0
13194,60.7,1,26,20.233333333333334,2011-07-27 09:01:00,2011-07-27 09:01:00,United Kingdom,0
13196,1797.78,4,1224,16.343454545454545,2011-03-22 14:24:00,2011-11-28 13:54:00,United Kingdom,1
13198,3401.2400000000002,6,2648,15.049734513274338,2010-12-13 09:29:00,2011-11-29 15:17:00,United Kingdom,1
13199,9817.12,38,6176,82.49680672268909,2010-12-08 10:51:00,2011-12-06 12:30:00,United Kingdom,1
13200,870.09,4,516,18.915,2011-08-05 14:50:00,2011-11-20 15:35:00,United Kingdom,1
13203,869.46,4,800,15.253684210526316,2011-04-11 14:40:00,2011-11-30 10:45:00,United Kingdom,1
13207,250.26000000000002,2,130,31.282500000000002,2011-07-12 11:35:00,2011-11-24 14:52:00,United Kingdom,1
13208,1217.65,6,803,8.227364864864866,2011-02-03 19:32:00,2011-10-12 09:54:00,United Kingdom,1
13209,5891.61,8,4253,18.35392523364486,2010-12-13 10:31:00,2011-11-09 13:54:00,United Kingdom,1
13210,353.48,1,316,16.067272727272726,2011-09-07 08:18:00,2011-09-07 08:18:00,United Kingdom,0
13211,1095.42,3,834,19.916727272727275,2010-12-13 16:17:00,2011-11-29 14:43:00,United Kingdom,1
13212,786.83,3,309,5.580354609929079,2011-10-09 14:48:00,2011-11-20 12:40:00,United Kingdom,1
13213,1520.58,5,1360,16.895333333333333,2011-05-24 12:22:00,2011-10-14 11:42:00,United Kingdom,1
13216,333.74,1,297,66.748,2011-03-17 12:18:00,2011-03-17 12:18:00,United Kingdom,0
13217,533.98,3,262,133.495,2011-07-06 12:08:00,2011-08-09 15:32:00,United Kingdom,1
13218,62.63999999999999,1,88,12.527999999999999,2011-08-04 16:59:00,2011-08-04 16:59:00,United Kingdom,0
13220,819.2900000000001,4,196,39.01380952380953,2011-04-17 10:59:00,2011-09-22 13:38:00,United Kingdom,1
13221,847.41,2,244,12.839545454545455,2010-12-15 13:24:00,2011-04-13 16:58:00,United Kingdom,1
13223,163.20000000000002,2,88,32.64,2011-04-21 15:16:00,2011-05-23 13:03:00,United Kingdom,1
13224,2155.95,2,1518,19.9625,2011-07-11 14:10:00,2011-10-10 14:55:00,United Kingdom,1
13225,6463.84,7,3416,201.995,2010-12-13 09:49:00,2011-12-06 13:29:00,United Kingdom,1
13226,108.21000000000001,1,80,6.7631250000000005,2011-03-11 14:35:00,2011-03-11 14:35:00,United Kingdom,0
13227,257.7,1,99,28.633333333333333,2011-05-22 11:47:00,2011-05-22 11:47:00,United Kingdom,0
13228,358.0,1,200,179.0,2011-09-19 14:28:00,2011-09-19 14:28:00,United Kingdom,0
13229,160.95,1,63,16.095,2011-04-28 12:07:00,2011-04-28 12:07:00,United Kingdom,0
13230,2755.63,14,1638,4.69442930153322,2010-12-09 19:28:00,2011-12-05 16:03:00,United Kingdom,1
13232,1328.35,7,773,6.575990099009901,2011-04-10 13:48:00,2011-11-27 10:39:00,United Kingdom,1
13233,605.12,2,1004,14.072558139534884,2011-01-07 14:49:00,2011-09-26 13:25:00,United Kingdom,1
13235,1031.07,1,441,17.77706896551724,2011-05-11 17:13:00,2011-05-11 17:13:00,United Kingdom,0
13236,744.85,2,416,20.69027777777778,2011-08-25 08:58:00,2011-11-15 12:50:00,United Kingdom,1
13238,700.73,4,298,22.604193548387098,2010-12-14 14:37:00,2011-11-22 15:37:00,United Kingdom,1
13239,329.56,1,363,14.98,2011-03-23 10:25:00,2011-03-23 10:25:00,United Kingdom,0
13240,663.65,4,298,9.905223880597015,2010-12-09 12:49:00,2011-09-04 14:08:00,United Kingdom,1
13242,270.40000000000003,3,130,20.800000000000004,2011-05-10 12:26:00,2011-08-19 12:53:00,United Kingdom,1
13243,585.12,1,232,10.265263157894736,2011-05-20 13:14:00,2011-05-20 13:14:00,United Kingdom,0
13244,121.74000000000001,1,38,4.508888888888889,2011-09-08 11:46:00,2011-09-08 11:46:00,United Kingdom,0
13245,430.5,1,125,26.90625,2011-10-20 11:40:00,2011-10-20 11:40:00,United Kingdom,0
13246,1961.52,6,1587,14.422941176470587,2011-01-13 13:36:00,2011-11-21 16:50:00,United Kingdom,1
13247,501.12,4,328,20.0448,2011-09-18 11:31:00,2011-11-22 10:59:00,United Kingdom,1
13248,465.68,2,305,17.91076923076923,2011-06-03 13:05:00,2011-08-07 12:40:00,United Kingdom,1
13249,711.41,3,546,30.93086956521739,2011-03-23 15:26:00,2011-09-08 13:26:00,United Kingdom,1
13253,1030.4,2,1572,28.622222222222224,2011-01-04 15:43:00,2011-07-06 10:09:00,United Kingdom,1
13255,399.51,2,177,30.73153846153846,2010-12-01 11:58:00,2011-11-30 13:14:00,United Kingdom,1
13256,0.0,1,12540,0.0,2011-11-25 15:57:00,2011-11-25 15:57:00,United Kingdom,0
13258,672.83,3,282,18.689722222222223,2011-05-18 13:11:00,2011-11-28 09:31:00,United Kingdom,1
13259,283.18,1,126,3.4960493827160493,2011-10-09 10:48:00,2011-10-09 10:48:00,United Kingdom,0
13260,557.62,1,142,69.7025,2011-10-09 13:21:00,2011-10-09 13:21:00,United Kingdom,0
13261,944.1,2,210,104.9,2011-02-27 10:41:00,2011-03-16 12:22:00,United Kingdom,1
13262,200.29,1,125,18.208181818181817,2011-03-21 15:06:00,2011-03-21 15:06:00,United Kingdom,0
13263,7436.93,35,4768,4.46126574685063,2011-01-18 16:31:00,2011-12-08 13:59:00,United Kingdom,1
13265,2092.66,5,1740,23.251777777777775,2011-03-11 09:54:00,2011-10-17 15:02:00,United Kingdom,1
13266,3834.2599999999998,12,4428,20.504064171122995,2011-03-28 10:14:00,2011-11-28 14:39:00,United Kingdom,1
13267,4521.49,19,1969,21.428862559241704,2010-12-08 09:20:00,2011-12-07 11:12:00,United Kingdom,1
13268,3174.75,11,3624,7.331986143187067,2011-03-17 13:20:00,2011-11-22 11:51:00,United Kingdom,1
13269,5343.28,15,3513,16.96279365079365,2010-12-05 11:51:00,2011-12-08 14:53:00,United Kingdom,1
13270,590.0,1,200,590.0,2010-12-08 14:53:00,2010-12-08 14:53:00,United Kingdom,0
13271,211.49,1,240,2.430919540229885,2011-11-02 14:31:00,2011-11-02 14:31:00,United Kingdom,0
13272,276.56,2,96,18.437333333333335,2011-09-11 12:06:00,2011-11-08 14:00:00,United Kingdom,1
13273,138.98,1,153,8.68625,2011-08-18 14:02:00,2011-08-18 14:02:00,United Kingdom,0
13276,590.9300000000001,2,161,19.69766666666667,2011-09-01 10:03:00,2011-10-07 12:44:00,United Kingdom,1
13277,258.4,4,176,32.3,2011-07-29 10:06:00,2011-11-24 09:21:00,United Kingdom,1
13278,542.73,1,537,11.798478260869565,2011-10-30 11:49:00,2011-10-30 11:49:00,United Kingdom,0
13279,137.75,1,73,15.305555555555555,2011-09-22 17:24:00,2011-09-22 17:24:00,United Kingdom,0
13280,798.46,3,518,9.737317073170733,2011-01-06 17:10:00,2011-08-09 13:14:00,United Kingdom,1
13282,1132.14,3,307,30.59837837837838,2011-05-03 12:03:00,2011-11-21 15:33:00,United Kingdom,1
13283,93.66,2,90,13.379999999999999,2011-06-07 12:39:00,2011-10-11 09:50:00,United Kingdom,1
13284,201.19,1,91,15.476153846153846,2011-01-13 09:23:00,2011-01-13 09:23:00,United Kingdom,0
13285,2709.12,4,2051,14.487272727272726,2011-02-22 17:13:00,2011-11-16 13:19:00,United Kingdom,1
13291,361.11,1,233,8.597857142857142,2011-07-07 10:36:00,2011-07-07 10:36:00,United Kingdom,0
13292,578.9399999999999,2,347,18.67548387096774,2011-02-28 15:00:00,2011-11-01 10:04:00,United Kingdom,1
13294,873.74,2,453,16.18037037037037,2011-04-04 12:37:00,2011-06-03 08:54:00,United Kingdom,1
13295,201.20000000000002,1,82,20.12,2010-12-15 11:21:00,2010-12-15 11:21:00,United Kingdom,0
13296,87.4,1,78,17.48,2011-07-25 13:46:00,2011-07-25 13:46:00,United Kingdom,0
13297,2089.85,4,963,35.421186440677964,2011-10-03 15:08:00,2011-12-02 09:32:00,United Kingdom,1
13298,360.0,1,96,180.0,2011-12-08 13:11:00,2011-12-08 13:11:00,United Kingdom,0
13299,142.5,1,30,28.5,2011-03-16 12:55:00,2011-03-16 12:55:00,United Kingdom,0
13300,371.89,1,203,18.5945,2011-06-23 13:09:00,2011-06-23 13:09:00,United Kingdom,0
13301,618.09,4,345,7.630740740740741,2011-02-20 13:13:00,2011-08-28 11:25:00,United Kingdom,1
13302,63.75,1,5,63.75,2011-07-07 17:56:00,2011-07-07 17:56:00,United Kingdom,0
13304,300.42,1,238,14.305714285714286,2010-12-23 14:35:00,2010-12-23 14:35:00,United Kingdom,0
13305,2000.86,10,1232,24.701975308641973,2010-12-02 12:10:00,2011-12-05 15:15:00,United Kingdom,1
13307,15.0,1,4,15.0,2011-08-11 17:14:00,2011-08-11 17:14:00,United Kingdom,0
13308,1385.51,3,843,25.657592592592593,2011-05-20 13:13:00,2011-11-17 09:31:00,United Kingdom,1
13309,1456.79,5,1544,13.614859813084111,2011-02-04 12:29:00,2011-12-02 16:34:00,United Kingdom,1
13310,1132.03,3,587,15.722638888888888,2011-01-19 14:50:00,2011-11-11 17:23:00,United Kingdom,1
13311,598.57,2,305,23.02192307692308,2011-07-12 14:26:00,2011-12-05 12:55:00,United Kingdom,1
13313,1555.32,5,851,19.939999999999998,2011-01-04 10:00:00,2011-11-17 16:48:00,United Kingdom,1
13314,775.94,3,560,12.515161290322581,2011-09-27 10:20:00,2011-12-08 12:29:00,United Kingdom,1
13316,5732.93,4,5508,66.66197674418605,2011-03-30 13:01:00,2011-11-02 13:40:00,United Kingdom,1
13317,2273.68,6,1035,18.336129032258064,2010-12-16 09:22:00,2011-10-04 13:35:00,United Kingdom,1
13318,640.76,3,304,32.038,2011-11-02 13:26:00,2011-12-08 18:51:00,United Kingdom,1
13319,10845.550000000001,26,4724,22.784768907563027,2010-12-09 10:04:00,2011-12-04 13:34:00,United Kingdom,1
13320,1532.2,4,1086,14.592380952380953,2011-05-10 10:29:00,2011-09-22 18:07:00,United Kingdom,1
13321,567.36,2,372,51.57818181818182,2011-09-14 15:18:00,2011-09-28 15:24:00,United Kingdom,1
13322,199.48000000000002,1,117,7.9792000000000005,2011-11-22 14:21:00,2011-11-22 14:21:00,United Kingdom,0
13323,787.85,5,175,37.516666666666666,2011-09-16 13:23:00,2011-12-06 17:12:00,United Kingdom,1
13324,7121.95,10,5205,94.95933333333333,2010-12-14 09:50:00,2011-11-03 16:28:00,United Kingdom,1
13325,675.3,1,240,56.275,2011-09-19 10:36:00,2011-09-19 10:36:00,United Kingdom,0
13327,3627.77,8,1600,33.59046296296296,2010-12-09 15:32:00,2011-11-01 10:21:00,United Kingdom,1
13328,1308.48,1,680,76.96941176470588,2011-01-27 15:22:00,2011-01-27 15:22:00,United Kingdom,0
13329,789.0,2,463,46.411764705882355,2010-12-08 10:11:00,2011-11-08 10:29:00,United Kingdom,1
13330,1140.93,3,751,21.526981132075473,2011-01-28 10:08:00,2011-09-08 12:27:00,United Kingdom,1
13332,350.9,1,179,16.70952380952381,2011-11-25 13:30:00,2011-11-25 13:30:00,United Kingdom,0
13334,3502.32,3,1764,13.216301886792454,2011-02-07 11:42:00,2011-09-18 15:21:00,United Kingdom,1
13336,795.12,1,559,15.590588235294117,2011-09-23 14:05:00,2011-09-23 14:05:00,United Kingdom,0
13338,487.02,1,256,25.632631578947368,2011-07-05 09:06:00,2011-07-05 09:06:00,United Kingdom,0
13339,860.12,1,326,15.928148148148148,2011-05-23 08:31:00,2011-05-23 08:31:00,United Kingdom,0
13340,10736.48,7,5770,80.12298507462687,2011-03-08 11:39:00,2011-10-25 13:15:00,United Kingdom,1
13341,775.85,1,301,18.472619047619048,2011-03-24 09:50:00,2011-03-24 09:50:00,United Kingdom,0
13343,353.43,1,135,18.60157894736842,2011-06-15 12:24:00,2011-06-15 12:24:00,United Kingdom,0
13344,2511.69,3,952,21.6525,2011-03-07 10:28:00,2011-10-03 09:45:00,United Kingdom,1
13345,389.5,1,141,19.475,2011-02-25 09:01:00,2011-02-25 09:01:00,United Kingdom,0
13347,341.36,1,205,42.67,2011-09-30 13:28:00,2011-09-30 13:28:00,United Kingdom,0
13348,233.76,1,136,16.697142857142858,2011-10-06 17:28:00,2011-10-06 17:28:00,United Kingdom,0
13349,247.32,1,225,15.4575,2011-11-29 08:07:00,2011-11-29 08:07:00,United Kingdom,0
13350,979.12,2,287,24.478,2011-09-21 13:33:00,2011-11-23 16:33:00,United Kingdom,1
13351,373.94,1,117,23.37125,2011-10-04 12:55:00,2011-10-04 12:55:00,United Kingdom,0
13352,397.97999999999996,1,321,16.5825,2011-10-10 13:55:00,2011-10-10 13:55:00,United Kingdom,0
13354,743.53,1,604,14.579019607843136,2011-09-29 13:17:00,2011-09-29 13:17:00,United Kingdom,0
13355,674.7,1,314,21.084375,2011-08-09 14:48:00,2011-08-09 14:48:00,United Kingdom,0
13356,768.24,1,325,18.291428571428572,2011-09-20 14:33:00,2011-09-20 14:33:00,United Kingdom,0
13357,609.4,1,321,6.847191011235955,2011-03-27 13:56:00,2011-03-27 13:56:00,United Kingdom,0
13358,439.03,1,285,15.138965517241378,2011-03-16 11:52:00,2011-03-16 11:52:00,United Kingdom,0
13359,439.56,1,161,19.11130434782609,2011-10-07 09:30:00,2011-10-07 09:30:00,United Kingdom,0
13362,3090.7400000000002,4,1382,18.618915662650604,2011-02-25 11:33:00,2011-11-30 14:41:00,United Kingdom,1
13363,992.5,2,710,16.541666666666668,2011-10-27 10:46:00,2011-11-22 12:40:00,United Kingdom,1
13364,134.95999999999998,1,71,13.495999999999999,2011-09-29 18:13:00,2011-09-29 18:13:00,United Kingdom,0
13365,2225.37,2,1247,17.385703125,2011-05-06 12:00:00,2011-11-06 12:36:00,United Kingdom,1
13366,56.160000000000004,1,144,56.160000000000004,2011-10-20 13:37:00,2011-10-20 13:37:00,United Kingdom,0
13368,623.4,2,327,21.49655172413793,2011-01-06 12:32:00,2011-03-28 09:59:00,United Kingdom,1
13369,308.28000000000003,1,149,22.020000000000003,2010-12-09 11:30:00,2010-12-09 11:30:00,United Kingdom,0
13370,754.87,1,343,19.355641025641027,2010-12-03 10:26:00,2010-12-03 10:26:00,United Kingdom,0
13372,378.64,1,159,16.46260869565217,2011-09-11 12:46:00,2011-09-11 12:46:00,United Kingdom,0
13373,3312.25,3,1651,20.963607594936708,2011-03-08 14:35:00,2011-10-10 10:51:00,United Kingdom,1
13375,778.65,1,442,21.044594594594592,2011-09-12 10:19:00,2011-09-12 10:19:00,United Kingdom,0
13376,1019.76,3,493,19.240754716981133,2011-04-19 13:03:00,2011-09-01 16:16:00,United Kingdom,1
13379,572.56,3,601,5.902680412371134,2011-07-26 12:26:00,2011-11-13 13:45:00,United Kingdom,1
13381,3639.31,6,2029,21.15877906976744,2011-02-14 10:10:00,2011-11-08 11:58:00,United Kingdom,1
13382,222.99,1,131,14.866000000000001,2011-03-04 10:03:00,2011-03-04 10:03:00,United Kingdom,0
13384,4151.93,7,2422,27.315328947368425,2011-06-14 12:47:00,2011-11-09 11:04:00,United Kingdom,1
13385,534.57,1,281,15.273428571428573,2011-01-14 09:52:00,2011-01-14 09:52:00,United Kingdom,0
13388,677.1,2,282,19.345714285714287,2011-07-31 12:52:00,2011-07-31 12:52:00,United Kingdom,1
13389,797.96,3,429,15.646274509803922,2011-04-21 12:12:00,2011-11-28 14:01:00,United Kingdom,1
13390,544.08,1,224,41.8523076923077,2011-09-26 08:38:00,2011-09-26 08:38:00,United Kingdom,0
13391,59.8,1,4,59.8,2011-05-20 10:50:00,2011-05-20 10:50:00,United Kingdom,0
13394,2520.02,8,2392,16.258193548387098,2011-02-03 10:39:00,2011-12-08 11:36:00,United Kingdom,1
13395,307.72,1,336,14.653333333333334,2011-06-07 15:04:00,2011-06-07 15:04:00,United Kingdom,0
13396,1360.99,2,600,31.65093023255814,2011-01-24 13:37:00,2011-11-10 16:59:00,United Kingdom,1
13397,1544.13,5,430,40.635000000000005,2011-01-04 13:50:00,2011-09-28 10:56:00,United Kingdom,1
13398,457.34,1,281,17.59,2011-05-31 13:17:00,2011-05-31 13:17:00,United Kingdom,0
13402,621.23,2,479,15.92897435897436,2010-12-02 17:12:00,2011-08-04 15:51:00,United Kingdom,1
13403,75.0,1,44,25.0,2011-11-22 08:28:00,2011-11-22 08:28:00,United Kingdom,0
13404,252.49,2,111,22.953636363636363,2011-05-11 11:57:00,2011-12-08 15:37:00,United Kingdom,1
13405,572.451,3,165,21.201888888888888,2011-01-26 09:27:00,2011-09-26 17:01:00,United Kingdom,1
13408,28117.04,62,16232,58.82225941422595,2010-12-01 10:39:00,2011-12-08 09:05:00,United Kingdom,1
13410,1003.06,5,518,35.82357142857143,2011-02-21 14:38:00,2011-11-15 15:33:00,United Kingdom,1
13411,213.55,1,72,11.863888888888889,2011-08-24 13:57:00,2011-08-24 13:57:00,United Kingdom,0
13414,1390.5,3,1574,57.9375,2011-02-16 12:13:00,2011-07-29 11:45:00,United Kingdom,1
13416,712.5,2,142,37.5,2011-09-19 14:43:00,2011-10-27 08:56:00,United Kingdom,1
13417,640.83,2,162,22.886785714285715,2011-05-18 16:26:00,2011-12-05 08:49:00,United Kingdom,1
13418,6127.43,18,3918,20.156019736842108,2010-12-02 10:45:00,2011-11-28 10:23:00,United Kingdom,1
13419,221.06,1,275,13.81625,2011-10-07 12:49:00,2011-10-07 12:49:00,United Kingdom,0
13420,159.85,2,101,19.98125,2011-06-22 11:35:00,2011-07-13 08:48:00,United Kingdom,1
13421,1833.71,2,1128,17.977549019607842,2011-02-22 15:46:00,2011-10-30 14:21:00,United Kingdom,1
13422,2626.3,1,1326,20.67952755905512,2011-10-06 13:42:00,2011-10-06 13:42:00,United Kingdom,0
13425,1624.21,3,1123,20.823205128205128,2011-02-18 08:34:00,2011-08-23 17:13:00,United Kingdom,1
13426,3641.32,10,2245,23.193121019108283,2010-12-15 12:43:00,2011-12-09 08:59:00,United Kingdom,1
13427,582.6,3,545,20.089655172413792,2011-05-08 15:58:00,2011-11-20 13:02:00,United Kingdom,1
13428,201.78,1,151,2.8419718309859157,2011-11-29 14:20:00,2011-11-29 14:20:00,United Kingdom,0
13429,1006.8,4,1390,15.02686567164179,2011-09-25 15:59:00,2011-11-29 09:10:00,United Kingdom,1
13430,679.45,2,751,13.866326530612247,2011-09-14 14:26:00,2011-11-21 08:19:00,United Kingdom,1
13431,1269.1,2,672,27.589130434782607,2011-09-12 11:25:00,2011-10-03 13:49:00,United Kingdom,1
13434,534.24,2,300,53.424,2011-09-04 10:35:00,2011-09-26 14:30:00,United Kingdom,1
13435,3809.8900000000003,7,2129,37.72168316831684,2011-06-03 17:07:00,2011-12-04 14:45:00,United Kingdom,1
13436,196.89,1,76,16.4075,2011-12-08 10:33:00,2011-12-08 10:33:00,United Kingdom,0
13437,3408.06,7,1283,20.40754491017964,2011-06-02 14:30:00,2011-11-25 14:00:00,United Kingdom,1
13439,283.71,1,242,5.253888888888889,2011-03-29 14:20:00,2011-03-29 14:20:00,United Kingdom,0
13441,296.64,1,204,22.818461538461538,2011-09-09 09:38:00,2011-09-09 09:38:00,United Kingdom,0
13447,1129.14,3,584,19.137966101694918,2011-11-04 10:10:00,2011-11-16 13:38:00,United Kingdom,1
13448,3534.69,6,1648,18.22005154639175,2010-12-01 10:52:00,2011-11-23 12:33:00,United Kingdom,1
13449,291.88,1,222,15.362105263157895,2011-11-16 08:28:00,2011-11-16 08:28:00,United Kingdom,0
13450,2043.7199999999998,6,1982,28.784788732394365,2011-05-05 19:48:00,2011-11-13 11:54:00,United Kingdom,1
13451,2898.2599999999998,5,2128,6.693441108545034,2011-01-09 15:35:00,2011-11-13 15:58:00,United Kingdom,1
13452,590.0,2,2,295.0,2011-03-14 11:38:00,2011-03-25 14:19:00,United Kingdom,1
13453,356.97999999999996,2,134,20.998823529411762,2011-02-23 09:44:00,2011-06-27 09:34:00,United Kingdom,1
13455,1058.34,2,354,23.007391304347824,2010-12-08 13:11:00,2011-11-15 11:21:00,United Kingdom,1
13456,1766.72,6,765,28.043174603174602,2011-05-16 15:34:00,2011-11-22 09:18:00,United Kingdom,1
13458,9646.57,14,5508,25.252801047120418,2010-12-15 12:05:00,2011-12-02 15:29:00,United Kingdom,1
13460,183.44,2,286,10.790588235294118,2011-10-21 09:50:00,2011-11-10 17:17:00,United Kingdom,1
13461,1445.0,3,1170,53.51851851851852,2011-06-29 10:23:00,2011-11-01 09:01:00,United Kingdom,1
13462,151.5,1,62,16.833333333333332,2011-04-01 11:20:00,2011-04-01 11:20:00,United Kingdom,0
13464,674.68,1,403,16.45560975609756,2011-10-12 15:01:00,2011-10-12 15:01:00,United Kingdom,0
13466,307.9,1,259,18.11176470588235,2011-06-08 16:39:00,2011-06-08 16:39:00,United Kingdom,0
13467,1071.91,2,580,10.937857142857144,2011-11-03 16:56:00,2011-11-29 10:01:00,United Kingdom,1
13468,5704.97,37,2589,18.89062913907285,2010-12-01 15:08:00,2011-12-08 10:39:00,United Kingdom,1
13470,165.0,2,100,16.5,2011-08-16 17:06:00,2011-09-01 14:57:00,United Kingdom,1
13471,2501.84,4,1583,9.84976377952756,2011-10-23 13:10:00,2011-12-08 15:44:00,United Kingdom,1
13473,422.64,2,266,20.125714285714285,2011-01-11 08:45:00,2011-10-10 11:20:00,United Kingdom,1
13474,226.84,1,129,3.658709677419355,2011-04-17 13:53:00,2011-04-17 13:53:00,United Kingdom,0
13475,1431.78,4,1012,16.648604651162792,2011-02-14 12:36:00,2011-06-01 13:52:00,United Kingdom,1
13476,1238.47,2,417,21.352931034482758,2011-03-03 14:43:00,2011-06-14 12:00:00,United Kingdom,1
13477,1454.58,6,1021,18.41240506329114,2011-02-21 12:29:00,2011-11-02 12:04:00,United Kingdom,1
13479,300.95,2,134,20.063333333333333,2011-04-19 11:27:00,2011-05-23 10:45:00,United Kingdom,1
13481,1804.56,5,1142,16.55559633027523,2011-03-28 09:07:00,2011-10-25 09:07:00,United Kingdom,1
13482,184.64,1,116,16.785454545454545,2011-04-21 17:03:00,2011-04-21 17:03:00,United Kingdom,0
13483,140.34,1,160,14.034,2011-10-05 11:53:00,2011-10-05 11:53:00,United Kingdom,0
13484,313.8,1,44,39.225,2011-04-12 16:30:00,2011-04-12 16:30:00,United Kingdom,0
13485,454.24,1,277,19.749565217391304,2011-04-20 13:58:00,2011-04-20 13:58:00,United Kingdom,0
13486,1122.41,3,669,16.2668115942029,2011-07-07 17:19:00,2011-09-22 13:13:00,United Kingdom,1
13487,575.4,3,265,16.923529411764704,2010-12-21 14:54:00,2011-10-13 12:07:00,United Kingdom,1
13488,8968.31,13,4518,21.25191943127962,2010-12-07 13:01:00,2011-11-22 14:41:00,United Kingdom,1
13489,449.52,4,560,32.10857142857143,2011-02-18 10:42:00,2011-08-26 13:16:00,United Kingdom,1
13491,1215.82,10,903,14.137441860465115,2010-12-02 14:30:00,2011-10-19 08:32:00,United Kingdom,1
13492,1269.84,3,408,25.3968,2011-05-09 10:06:00,2011-07-26 14:25:00,Switzerland,1
13493,618.63,2,380,77.32875,2011-02-25 16:42:00,2011-03-09 15:35:00,Switzerland,1
13494,316.26000000000005,1,162,17.570000000000004,2011-02-01 11:58:00,2011-02-01 11:58:00,United Kingdom,0
13495,2044.8700000000001,5,829,42.60145833333333,2010-12-06 15:14:00,2011-12-02 11:21:00,United Kingdom,1
13496,653.33,2,341,18.66657142857143,2010-12-15 10:17:00,2011-11-29 10:58:00,United Kingdom,1
13497,348.05,2,163,18.318421052631578,2010-12-06 11:37:00,2011-03-02 09:04:00,United Kingdom,1
13499,1159.11,5,1365,27.59785714285714,2011-03-15 08:52:00,2011-11-22 11:21:00,United Kingdom,1
13500,1166.77,3,609,17.950307692307693,2011-08-09 12:20:00,2011-11-16 15:35:00,United Kingdom,1
13501,1340.32,1,560,25.775384615384613,2011-02-24 18:59:00,2011-02-24 18:59:00,Switzerland,0
13502,292.0,3,264,16.22222222222222,2011-01-20 09:03:00,2011-11-23 10:39:00,United Kingdom,1
13503,216.85,1,248,12.755882352941176,2011-09-29 13:23:00,2011-09-29 13:23:00,United Kingdom,0
13504,295.93,1,178,13.451363636363636,2011-10-06 13:20:00,2011-10-06 13:20:00,United Kingdom,0
13505,4393.63,4,2486,20.435488372093022,2011-04-21 12:07:00,2011-09-28 11:56:00,Switzerland,1
13506,458.52,2,324,17.635384615384616,2010-12-05 12:15:00,2011-01-27 13:53:00,United Kingdom,1
13507,2479.16,4,1597,15.303456790123455,2011-07-17 11:50:00,2011-12-06 13:13:00,United Kingdom,1
13508,110.97,1,24,9.2475,2011-04-10 11:58:00,2011-04-10 11:58:00,United Kingdom,0
13509,979.72,7,1106,22.266363636363636,2011-02-28 13:27:00,2011-12-01 10:10:00,United Kingdom,1
13510,1791.56,4,1386,15.578782608695652,2011-06-09 09:32:00,2011-12-08 13:46:00,United Kingdom,1
13512,251.21,1,143,16.747333333333334,2011-03-24 10:03:00,2011-03-24 10:03:00,United Kingdom,0
13513,205.1,1,109,20.509999999999998,2011-08-05 11:50:00,2011-08-05 11:50:00,United Kingdom,0
13514,152.20000000000002,1,40,38.050000000000004,2011-09-27 09:39:00,2011-09-27 09:39:00,United Kingdom,0
13515,891.12,4,681,15.103728813559322,2011-04-06 10:33:00,2011-09-28 11:26:00,United Kingdom,1
13516,1389.41,3,985,31.5775,2011-04-15 11:06:00,2011-11-18 13:15:00,United Kingdom,1
13517,2128.42,3,1369,15.09517730496454,2011-06-13 08:44:00,2011-10-11 11:43:00,United Kingdom,1
13518,627.16,1,382,17.42111111111111,2011-09-15 10:29:00,2011-09-15 10:29:00,United Kingdom,0
13519,122.75,1,23,15.34375,2011-09-22 18:24:00,2011-09-22 18:24:00,United Kingdom,0
13520,3624.35,6,1649,38.97150537634408,2010-12-03 10:36:00,2011-10-12 10:20:00,Switzerland,1
13521,1071.73,3,718,2.5639473684210525,2011-11-29 15:09:00,2011-12-08 13:50:00,United Kingdom,1
13522,125.80000000000001,1,44,25.160000000000004,2011-11-09 15:11:00,2011-11-09 15:11:00,United Kingdom,0
13523,3964.88,5,1752,23.051627906976744,2010-12-08 14:22:00,2011-11-06 15:11:00,United Kingdom,1
13524,680.1800000000001,5,324,25.191851851851855,2011-05-04 12:26:00,2011-10-30 12:34:00,United Kingdom,1
13525,628.78,2,394,104.79666666666667,2011-04-05 15:36:00,2011-11-25 12:01:00,United Kingdom,1
13527,2242.36,7,1683,10.333456221198157,2011-01-17 11:17:00,2011-11-06 12:04:00,United Kingdom,1
13529,307.76,2,74,20.517333333333333,2011-05-19 11:50:00,2011-09-22 09:15:00,United Kingdom,1
13531,483.8,2,174,21.990909090909092,2010-12-08 15:03:00,2011-05-18 16:56:00,United Kingdom,1
13532,210.31,1,129,3.1865151515151515,2011-11-06 12:25:00,2011-11-06 12:25:00,United Kingdom,0
13533,269.09,3,202,3.5878666666666663,2011-03-17 12:47:00,2011-06-10 11:54:00,United Kingdom,1
13534,5870.08,25,2961,19.83135135135135,2010-12-16 15:23:00,2011-12-07 14:52:00,United Kingdom,1
13536,3444.39,7,2126,19.35050561797753,2011-09-25 13:30:00,2011-12-08 16:38:00,United Kingdom,1
13538,1280.85,7,175,51.233999999999995,2011-01-28 10:40:00,2011-10-27 16:34:00,United Kingdom,1
13539,631.34,3,320,17.063243243243242,2011-02-03 15:23:00,2011-09-15 10:18:00,United Kingdom,1
13544,276.06,2,112,3.539230769230769,2011-04-13 12:09:00,2011-10-31 11:57:00,United Kingdom,1
13546,621.09,3,357,6.4029896907216495,2011-05-23 12:14:00,2011-11-27 14:50:00,United Kingdom,1
13548,678.16,2,436,5.51349593495935,2011-04-10 11:35:00,2011-09-04 14:50:00,United Kingdom,1
13549,918.2,7,458,18.00392156862745,2011-04-11 13:42:00,2011-11-14 09:20:00,United Kingdom,1
13551,91.80000000000001,1,12,22.950000000000003,2011-01-24 14:46:00,2011-01-24 14:46:00,United Kingdom,0
13552,3740.07,12,1417,34.31256880733945,2011-01-28 10:10:00,2011-10-04 15:19:00,United Kingdom,1
13555,4098.88,4,2636,30.362074074074076,2011-05-22 11:06:00,2011-09-27 12:36:00,United Kingdom,1
13557,584.06,2,546,17.178235294117645,2011-03-04 12:14:00,2011-11-11 15:24:00,United Kingdom,1
13558,594.52,4,338,3.517869822485207,2011-10-02 13:01:00,2011-12-04 11:24:00,United Kingdom,1
13560,171.42000000000002,1,63,5.3568750000000005,2011-12-02 13:11:00,2011-12-02 13:11:00,United Kingdom,0
13561,141.85999999999999,1,83,10.132857142857143,2011-05-08 12:39:00,2011-05-08 12:39:00,United Kingdom,0
13562,1799.33,3,757,21.943048780487803,2011-04-08 12:42:00,2011-09-19 10:51:00,United Kingdom,1
13563,777.53,2,209,15.867959183673468,2011-07-22 17:21:00,2011-09-16 14:45:00,United Kingdom,1
13564,1724.67,3,636,21.29222222222222,2010-12-06 17:26:00,2011-07-18 14:33:00,United Kingdom,1
13565,240.22,2,172,6.321578947368421,2011-01-09 14:28:00,2011-11-20 14:33:00,United Kingdom,1
13566,856.84,2,567,5.0700591715976335,2011-09-18 12:40:00,2011-10-30 11:59:00,United Kingdom,1
13568,187.05,1,66,4.3500000000000005,2011-06-19 14:42:00,2011-06-19 14:42:00,United Kingdom,0
13569,338.62,2,156,4.286329113924051,2010-12-07 12:29:00,2011-11-22 13:07:00,United Kingdom,1
13570,239.49,1,161,8.870000000000001,2011-04-10 13:36:00,2011-04-10 13:36:00,United Kingdom,0
13571,2088.94,12,1757,6.143941176470588,2011-03-31 12:43:00,2011-11-27 10:47:00,United Kingdom,1
13572,1384.25,1,534,41.946969696969695,2011-05-18 11:59:00,2011-05-18 11:59:00,United Kingdom,0
13573,290.25,2,302,11.61,2011-03-31 14:47:00,2011-10-20 14:33:00,United Kingdom,1
13575,732.0699999999999,5,449,15.914565217391303,2011-06-16 14:24:00,2011-11-16 13:14:00,United Kingdom,1
13576,6717.34,18,2646,53.312222222222225,2010-12-01 17:24:00,2011-11-29 15:34:00,United Kingdom,1
13577,1687.6000000000001,4,791,20.33253012048193,2011-04-12 10:33:00,2011-11-14 15:19:00,United Kingdom,1
13579,467.04,2,176,20.30608695652174,2010-12-05 16:10:00,2011-11-25 08:41:00,United Kingdom,1
13581,118.0,1,30,11.8,2011-02-03 14:41:00,2011-02-03 14:41:00,United Kingdom,0
13583,781.03,1,725,14.736415094339621,2011-07-07 10:40:00,2011-07-07 10:40:00,United Kingdom,0
13584,142.4,1,37,5.933333333333334,2011-02-06 12:49:00,2011-02-06 12:49:00,United Kingdom,0
13587,712.4,1,180,89.05,2011-10-07 12:31:00,2011-10-07 12:31:00,United Kingdom,0
13588,2478.95,9,2606,14.246839080459768,2011-03-29 15:53:00,2011-11-24 10:42:00,United Kingdom,1
13589,379.65,2,114,18.07857142857143,2011-06-13 12:44:00,2011-11-25 12:10:00,United Kingdom,1
13590,1981.92,6,1848,22.780689655172413,2011-02-09 13:25:00,2011-11-28 12:54:00,United Kingdom,1
13591,1117.13,3,485,19.26086206896552,2011-03-18 12:18:00,2011-10-06 12:26:00,United Kingdom,1
13592,247.95999999999998,4,84,15.497499999999999,2011-03-20 14:01:00,2011-11-04 09:49:00,United Kingdom,1
13593,2011.88,5,719,15.841574803149607,2011-01-07 16:32:00,2011-08-23 13:35:00,United Kingdom,1
13594,396.97,1,359,15.268076923076924,2011-10-18 10:19:00,2011-10-18 10:19:00,United Kingdom,0
13596,664.11,2,384,4.548698630136986,2011-11-27 11:57:00,2011-12-04 12:01:00,United Kingdom,1
13598,160.04,1,52,4.572571428571428,2011-10-23 14:28:00,2011-10-23 14:28:00,United Kingdom,0
13599,5149.92,21,3293,20.934634146341462,2010-12-08 10:11:00,2011-12-08 16:10:00,United Kingdom,1
13600,219.52,1,324,11.553684210526317,2011-01-31 15:27:00,2011-01-31 15:27:00,United Kingdom,0
13601,693.32,2,548,7.003232323232324,2011-05-12 16:52:00,2011-10-25 17:31:00,United Kingdom,1
13602,428.89,1,267,18.647391304347824,2011-10-06 11:47:00,2011-10-06 11:47:00,United Kingdom,0
13603,164.34,1,164,6.086666666666667,2011-11-13 15:57:00,2011-11-13 15:57:00,United Kingdom,0
13606,276.75,3,276,6.91875,2011-02-01 11:42:00,2011-11-10 17:46:00,United Kingdom,1
13607,675.51,1,288,6.964020618556701,2011-10-30 16:17:00,2011-10-30 16:17:00,United Kingdom,0
13610,1082.33,7,488,5.034093023255814,2011-02-27 14:44:00,2011-11-27 15:38:00,United Kingdom,1
13611,1154.4,3,754,16.033333333333335,2010-12-15 10:31:00,2011-09-11 14:51:00,United Kingdom,1
13614,1585.46,4,564,8.130564102564103,2011-01-13 12:37:00,2011-11-15 14:47:00,United Kingdom,1
13615,417.69,1,189,18.160434782608696,2011-01-25 08:21:00,2011-01-25 08:21:00,United Kingdom,0
13617,544.18,3,300,12.367727272727272,2011-06-12 12:55:00,2011-10-30 13:50:00,United Kingdom,1
13618,177.34,1,246,13.641538461538461,2011-06-19 11:09:00,2011-06-19 11:09:00,United Kingdom,0
13621,213.85,1,343,11.255263157894737,2011-08-15 08:26:00,2011-08-15 08:26:00,United Kingdom,0
13623,727.74,5,286,9.33,2011-02-15 13:08:00,2011-11-09 12:00:00,United Kingdom,1
13626,257.23,1,209,13.53842105263158,2011-04-01 10:05:00,2011-04-01 10:05:00,United Kingdom,0
13627,1638.47,5,1269,17.80945652173913,2010-12-17 09:52:00,2011-10-11 14:20:00,United Kingdom,1
13629,7792.36,11,4372,132.07389830508475,2011-01-05 12:09:00,2011-11-16 13:21:00,United Kingdom,1
13630,2031.78,7,1391,28.61661971830986,2011-02-27 12:49:00,2011-12-04 15:16:00,United Kingdom,1
13631,3070.42,11,467,279.1290909090909,2011-03-17 17:13:00,2011-09-01 09:57:00,United Kingdom,1
13632,2118.93,5,1031,14.613310344827585,2011-04-10 15:07:00,2011-11-15 10:51:00,United Kingdom,1
13634,1547.3600000000001,5,700,8.319139784946238,2011-01-16 15:30:00,2011-11-06 13:40:00,United Kingdom,1
13635,1071.03,1,677,17.274677419354838,2011-10-03 10:55:00,2011-10-03 10:55:00,United Kingdom,0
13636,949.12,5,592,15.065396825396826,2011-02-27 14:29:00,2011-11-03 10:30:00,United Kingdom,1
13637,804.3,3,405,8.124242424242423,2011-04-27 13:06:00,2011-10-18 13:32:00,United Kingdom,1
13638,122.64,1,93,15.33,2011-11-24 10:38:00,2011-11-24 10:38:00,United Kingdom,0
13639,1033.34,1,800,25.833499999999997,2011-09-26 13:36:00,2011-09-26 13:36:00,United Kingdom,0
13642,312.28,1,151,5.478596491228069,2011-05-08 12:34:00,2011-05-08 12:34:00,United Kingdom,0
13643,519.44,3,273,18.551428571428573,2011-06-07 11:40:00,2011-11-08 15:37:00,United Kingdom,1
13644,2624.26,4,2067,17.974383561643837,2011-08-26 11:53:00,2011-11-23 14:07:00,United Kingdom,1
13645,252.1,1,158,50.42,2011-08-11 16:11:00,2011-08-11 16:11:00,United Kingdom,0
13647,1648.1200000000001,4,887,21.12974358974359,2011-04-19 09:49:00,2011-11-30 12:00:00,United Kingdom,1
13649,346.6,2,139,15.069565217391306,2010-12-08 14:46:00,2011-03-28 11:51:00,United Kingdom,1
13650,1836.34,6,922,19.128541666666667,2011-03-17 12:37:00,2011-11-23 12:22:00,United Kingdom,1
13651,94.2,2,33,15.700000000000001,2011-10-31 12:11:00,2011-11-04 14:59:00,United Kingdom,1
13652,1095.08,3,578,17.38222222222222,2010-12-06 09:21:00,2011-10-25 08:51:00,United Kingdom,1
13654,2707.33,6,2182,16.30921686746988,2011-03-11 12:54:00,2011-10-27 16:24:00,United Kingdom,1
13655,932.97,2,605,16.66017857142857,2011-04-12 09:53:00,2011-08-17 14:25:00,United Kingdom,1
13656,379.65,2,490,7.747959183673469,2011-01-06 15:42:00,2011-06-28 10:31:00,United Kingdom,1
13657,382.14,2,209,23.88375,2011-05-22 12:35:00,2011-11-29 12:32:00,United Kingdom,1
13658,2639.17,5,1019,24.43675925925926,2011-05-19 17:15:00,2011-11-30 10:13:00,United Kingdom,1
13659,1563.0,2,882,15.174757281553399,2011-01-23 12:08:00,2011-05-18 12:37:00,United Kingdom,1
13662,881.26,3,533,16.947307692307692,2011-03-25 13:23:00,2011-09-15 12:04:00,United Kingdom,1
13663,189.47,1,91,14.574615384615385,2011-06-13 15:44:00,2011-06-13 15:44:00,United Kingdom,0
13666,84.65,3,41,7.054166666666667,2011-02-25 13:05:00,2011-10-10 15:39:00,United Kingdom,1
13667,299.05,1,149,3.603012048192771,2011-07-13 15:42:00,2011-07-13 15:42:00,United Kingdom,0
13668,6309.83,21,3722,13.628142548596113,2010-12-12 12:35:00,2011-12-07 12:11:00,United Kingdom,1
13669,218.55,2,237,24.283333333333335,2011-07-13 11:44:00,2011-10-20 09:32:00,United Kingdom,1
13670,349.7,1,282,13.988,2011-09-25 15:25:00,2011-09-25 15:25:00,United Kingdom,0
13672,186.39000000000001,2,57,31.065,2011-01-11 13:54:00,2011-02-11 13:53:00,United Kingdom,1
13673,387.44,2,114,6.457333333333334,2011-11-07 15:40:00,2011-11-21 12:11:00,United Kingdom,1
13675,486.82000000000005,2,330,19.472800000000003,2011-02-28 12:14:00,2011-07-11 12:57:00,United Kingdom,1
13678,232.6,1,924,14.5375,2011-07-11 10:14:00,2011-07-11 10:14:00,United Kingdom,0
13680,3719.12,4,1934,19.170721649484534,2011-01-04 14:12:00,2011-12-08 13:47:00,United Kingdom,1
13681,827.83,4,360,14.523333333333333,2011-07-07 15:21:00,2011-11-22 11:13:00,United Kingdom,1
13682,59.5,1,10,19.833333333333332,2011-06-05 14:06:00,2011-06-05 14:06:00,United Kingdom,0
13684,65.13,1,38,2.245862068965517,2011-02-27 10:13:00,2011-02-27 10:13:00,United Kingdom,0
13685,3119.44,7,5056,79.98564102564103,2011-10-10 12:59:00,2011-12-07 11:41:00,United Kingdom,1
13686,72.0,1,70,9.0,2011-06-10 09:10:00,2011-06-10 09:10:00,United Kingdom,0
13689,910.0,1,512,151.66666666666666,2011-10-07 13:21:00,2011-10-07 13:21:00,United Kingdom,0
13690,172.25,1,67,19.13888888888889,2011-10-11 15:03:00,2011-10-11 15:03:00,United Kingdom,0
13692,1488.32,3,1226,28.081509433962264,2011-04-17 12:57:00,2011-11-15 11:17:00,United Kingdom,1
13694,65039.62,50,63312,114.50637323943663,2010-12-01 12:12:00,2011-12-06 09:32:00,United Kingdom,1
13695,2504.13,15,1603,27.823666666666668,2011-03-25 11:31:00,2011-11-08 14:26:00,United Kingdom,1
13697,151.29999999999998,1,177,12.608333333333333,2011-11-01 09:14:00,2011-11-01 09:14:00,United Kingdom,0
13699,308.58000000000004,1,66,22.041428571428575,2011-07-07 16:51:00,2011-07-07 16:51:00,United Kingdom,0
13700,2248.63,10,2281,11.590876288659794,2011-01-16 13:18:00,2011-11-13 13:00:00,United Kingdom,1
13703,99.5,1,10,99.5,2011-01-25 13:10:00,2011-01-25 13:10:00,United Kingdom,0
13704,2308.06,9,1531,17.224328358208954,2011-09-12 14:40:00,2011-12-04 15:13:00,United Kingdom,1
13705,711.86,3,363,25.423571428571428,2010-12-01 10:29:00,2011-12-02 12:32:00,United Kingdom,1
13706,330.79,1,189,16.5395,2011-02-10 09:21:00,2011-02-10 09:21:00,United Kingdom,0
13707,806.41,2,351,16.800208333333334,2011-01-28 13:27:00,2011-03-17 18:03:00,United Kingdom,1
13708,285.33,1,301,5.823061224489796,2011-03-13 13:46:00,2011-03-13 13:46:00,United Kingdom,0
13709,6307.650000000001,13,3508,18.828805970149254,2011-01-28 14:57:00,2011-12-06 10:28:00,United Kingdom,1
13710,180.48,1,176,22.56,2011-11-08 08:16:00,2011-11-08 08:16:00,United Kingdom,0
13711,252.06,2,140,19.38923076923077,2011-05-05 10:29:00,2011-05-05 10:31:00,United Kingdom,1
13712,228.84,1,352,22.884,2011-04-07 12:33:00,2011-04-07 12:33:00,United Kingdom,0
13715,1077.39,5,562,10.359519230769232,2010-12-02 08:52:00,2011-03-03 19:21:00,United Kingdom,1
13716,138.28,1,138,6.584761904761905,2011-03-15 13:49:00,2011-03-15 13:49:00,United Kingdom,0
13717,1445.01,6,1959,14.166764705882352,2011-02-14 13:21:00,2011-11-07 14:13:00,United Kingdom,1
13718,306.55,2,173,25.545833333333334,2011-02-17 11:58:00,2011-04-07 13:24:00,United Kingdom,1
13719,1041.68,5,609,17.361333333333334,2011-04-19 13:56:00,2011-11-24 15:26:00,United Kingdom,1
13720,799.9,4,501,18.60232558139535,2011-03-30 09:17:00,2011-08-15 12:46:00,United Kingdom,1
13721,524.14,1,316,18.719285714285714,2011-11-03 14:05:00,2011-11-03 14:05:00,United Kingdom,0
13722,2375.41,3,1401,27.945999999999998,2011-03-02 11:43:00,2011-07-31 12:44:00,United Kingdom,1
13723,199.85000000000002,1,43,33.30833333333334,2011-05-06 17:04:00,2011-05-06 17:04:00,United Kingdom,0
13725,1980.56,8,806,19.043846153846154,2011-02-04 12:18:00,2011-10-21 10:03:00,United Kingdom,1
13726,1079.6599999999999,2,1054,25.70619047619047,2011-08-31 11:06:00,2011-11-01 10:49:00,United Kingdom,1
13727,333.48,2,162,16.674,2011-11-06 12:16:00,2011-11-11 09:46:00,United Kingdom,1
13728,1016.14,6,458,16.12920634920635,2011-02-02 12:09:00,2011-11-03 10:49:00,United Kingdom,1
13730,752.6,2,488,17.50232558139535,2011-07-01 12:47:00,2011-07-27 08:35:00,United Kingdom,1
13731,610.59,2,278,16.068157894736842,2011-04-07 10:10:00,2011-05-04 14:33:00,United Kingdom,1
13732,491.86,1,498,14.904848484848486,2011-11-11 15:49:00,2011-11-11 15:49:00,United Kingdom,0
13735,2883.54,4,1128,14.787384615384616,2011-04-19 13:49:00,2011-11-15 11:14:00,United Kingdom,1
13736,729.8,2,496,3.8410526315789473,2011-03-24 13:04:00,2011-12-04 15:19:00,United Kingdom,1
13737,339.59999999999997,1,125,11.319999999999999,2011-05-23 16:32:00,2011-05-23 16:32:00,United Kingdom,0
13739,216.9,1,54,72.3,2011-11-21 13:35:00,2011-11-21 13:35:00,United Kingdom,0
13740,350.75,1,425,15.25,2011-04-13 10:32:00,2011-04-13 10:32:00,United Kingdom,0
13741,668.4300000000001,3,218,19.65970588235294,2011-05-06 13:43:00,2011-09-29 09:19:00,United Kingdom,1
13742,3107.87,12,1115,9.92929712460064,2011-01-23 14:59:00,2011-11-23 11:07:00,United Kingdom,1
13743,1341.6,7,1776,32.72195121951219,2011-03-25 14:46:00,2011-12-07 10:09:00,United Kingdom,1
13744,1080.52,2,1153,17.15111111111111,2011-02-20 14:08:00,2011-09-05 15:19:00,United Kingdom,1
13745,300.04,1,496,12.001600000000002,2011-06-30 16:43:00,2011-06-30 16:43:00,United Kingdom,0
13747,79.6,1,8,79.6,2010-12-01 10:37:00,2010-12-01 10:37:00,United Kingdom,0
13748,948.25,5,439,33.86607142857143,2010-12-01 09:00:00,2011-09-05 09:45:00,United Kingdom,1
13750,1647.26,5,516,68.63583333333334,2011-01-07 11:49:00,2011-10-17 12:16:00,United Kingdom,1
13751,296.25,1,152,32.916666666666664,2011-02-24 15:56:00,2011-02-24 15:56:00,United Kingdom,0
13752,1175.38,6,874,15.671733333333334,2011-04-07 12:04:00,2011-08-07 14:16:00,United Kingdom,1
13753,741.26,1,512,21.178857142857144,2011-02-25 12:48:00,2011-02-25 12:48:00,United Kingdom,0
13754,282.59999999999997,2,214,23.549999999999997,2011-01-26 14:58:00,2011-07-11 11:51:00,United Kingdom,1
13755,2108.06,9,1242,6.567165109034268,2011-10-07 15:45:00,2011-12-06 12:26:00,United Kingdom,1
13756,5189.52,14,3188,36.54591549295775,2010-12-07 11:41:00,2011-12-07 16:44:00,United Kingdom,1
13758,3190.55,7,1844,27.26965811965812,2010-12-01 12:08:00,2011-11-28 11:11:00,United Kingdom,1
13759,659.4100000000001,2,287,26.376400000000004,2011-09-29 15:40:00,2011-11-06 14:47:00,United Kingdom,1
13760,286.79,2,197,5.03140350877193,2011-03-28 12:52:00,2011-10-16 16:13:00,United Kingdom,1
13761,1070.65,2,642,15.295000000000002,2011-06-13 08:43:00,2011-10-20 14:01:00,United Kingdom,1
13762,306.72,1,272,43.81714285714286,2011-05-05 09:15:00,2011-05-05 09:15:00,United Kingdom,0
13763,1714.96,1,728,114.33066666666667,2011-10-07 15:13:00,2011-10-07 15:13:00,United Kingdom,0
13764,1519.42,3,926,7.340193236714976,2011-01-06 14:53:00,2011-09-30 12:03:00,United Kingdom,1
13767,17220.36,37,7322,46.79445652173913,2010-12-01 10:47:00,2011-12-07 15:00:00,United Kingdom,1
13769,2796.51,10,1163,20.71488888888889,2010-12-07 13:28:00,2011-12-07 15:08:00,United Kingdom,1
13771,2634.45,4,1477,22.138235294117646,2011-04-06 15:47:00,2011-10-06 14:18:00,United Kingdom,1
13772,1122.63,3,540,6.489190751445087,2011-04-14 12:31:00,2011-11-06 11:43:00,United Kingdom,1
13774,345.0,1,192,15.681818181818182,2011-09-19 12:06:00,2011-09-19 12:06:00,United Kingdom,0
13777,25977.16,33,12897,131.86375634517768,2010-12-01 16:01:00,2011-12-09 12:25:00,United Kingdom,1
13778,178.7,1,70,19.855555555555554,2011-08-28 15:25:00,2011-08-28 15:25:00,United Kingdom,0
13780,360.01,2,318,6.315964912280702,2011-06-22 11:43:00,2011-12-02 13:49:00,United Kingdom,1
13781,127.84,1,30,7.5200000000000005,2011-04-03 12:08:00,2011-04-03 12:08:00,United Kingdom,0
13782,908.86,6,369,8.043008849557522,2011-01-16 11:08:00,2011-11-27 11:54:00,United Kingdom,1
13784,2462.79,11,2493,79.44483870967741,2011-01-11 14:38:00,2011-11-30 09:33:00,United Kingdom,1
13786,230.39999999999998,1,136,32.91428571428571,2010-12-07 13:53:00,2010-12-07 13:53:00,United Kingdom,0
13787,309.04,2,337,9.969032258064518,2010-12-10 14:45:00,2011-09-25 12:06:00,United Kingdom,1
13790,348.8,1,748,7.751111111111111,2011-12-05 15:48:00,2011-12-05 15:48:00,United Kingdom,0
13791,1516.0,2,1200,137.8181818181818,2011-06-24 16:38:00,2011-08-04 11:44:00,United Kingdom,1
13792,195.55,2,92,15.042307692307693,2011-02-25 14:03:00,2011-10-04 14:31:00,United Kingdom,1
13798,37153.85,57,23948,106.4580229226361,2010-12-02 17:24:00,2011-12-08 15:51:00,United Kingdom,1
13799,688.86,2,402,17.663076923076922,2011-02-18 14:18:00,2011-08-15 12:07:00,United Kingdom,1
13800,558.32,1,331,16.91878787878788,2011-02-03 12:27:00,2011-02-03 12:27:00,United Kingdom,0
13801,324.8,1,168,14.121739130434783,2011-10-04 10:15:00,2011-10-04 10:15:00,United Kingdom,0
13802,4599.42,3,2572,76.657,2011-02-01 12:03:00,2011-07-24 10:54:00,United Kingdom,1
13803,277.07,1,121,16.298235294117646,2011-03-29 12:57:00,2011-03-29 12:57:00,United Kingdom,0
13804,2588.39,7,1462,19.173259259259257,2011-02-23 09:09:00,2011-11-09 12:32:00,United Kingdom,1
13805,924.6,2,1900,71.12307692307692,2011-08-02 15:29:00,2011-10-18 14:50:00,United Kingdom,1
13806,256.38,1,56,25.637999999999998,2011-10-07 11:43:00,2011-10-07 11:43:00,United Kingdom,0
13807,112.6,1,36,16.085714285714285,2010-12-07 15:48:00,2010-12-07 15:48:00,United Kingdom,0
13808,1747.66,5,782,22.995526315789476,2011-09-04 12:07:00,2011-12-04 12:18:00,United Kingdom,1
13809,155.05,1,29,12.920833333333334,2011-02-07 13:15:00,2011-02-07 13:15:00,Cyprus,0
13810,1499.01,3,312,42.828857142857146,2011-10-14 12:57:00,2011-11-11 08:33:00,Germany,1
13811,814.5,3,68,62.65384615384615,2011-04-14 18:40:00,2011-06-09 09:54:00,Germany,1
13812,539.0,3,333,14.972222222222221,2011-08-26 12:54:00,2011-10-28 14:27:00,Germany,1
13813,1366.8600000000001,4,552,19.809565217391306,2011-07-28 10:33:00,2011-10-31 10:38:00,Germany,1
13814,1579.12,2,864,27.703859649122805,2011-07-25 13:54:00,2011-09-08 13:48:00,Germany,1
13815,4027.36,4,2560,22.882727272727273,2011-01-25 12:16:00,2011-11-17 14:19:00,Germany,1
13816,571.6700000000001,2,269,20.416785714285716,2011-10-06 14:37:00,2011-11-16 08:38:00,Germany,1
13817,382.98,2,211,15.957500000000001,2010-12-23 11:46:00,2011-11-10 17:49:00,Germany,1
13819,1140.35,3,1109,31.676388888888887,2011-01-24 10:38:00,2011-02-11 10:38:00,United Kingdom,1
13821,385.64,2,153,6.536271186440678,2011-03-23 11:30:00,2011-07-18 09:49:00,United Kingdom,1
13822,632.0,2,611,6.583333333333333,2011-10-30 15:55:00,2011-12-04 12:13:00,United Kingdom,1
13823,957.66,2,439,23.941499999999998,2011-09-09 10:42:00,2011-11-21 10:22:00,United Kingdom,1
13824,1698.94,5,768,36.93347826086956,2011-02-02 13:07:00,2011-11-07 12:41:00,United Kingdom,1
13826,189.5,1,82,18.95,2011-06-16 13:48:00,2011-06-16 13:48:00,United Kingdom,0
13827,409.8,3,138,4.4543478260869565,2011-07-19 15:38:00,2011-10-13 12:38:00,United Kingdom,1
13828,209.49,1,311,13.966000000000001,2011-11-17 16:02:00,2011-11-17 16:02:00,United Kingdom,0
13831,2198.45,6,743,30.534027777777776,2010-12-05 12:13:00,2011-11-23 15:41:00,United Kingdom,1
13832,52.199999999999996,1,28,17.4,2011-11-20 15:36:00,2011-11-20 15:36:00,United Kingdom,0
13833,383.85,1,117,13.708928571428572,2011-07-03 13:27:00,2011-07-03 13:27:00,United Kingdom,0
13835,834.57,4,442,15.174000000000001,2011-05-08 15:22:00,2011-11-14 15:37:00,United Kingdom,1
13837,266.59000000000003,2,182,14.810555555555558,2011-01-26 12:15:00,2011-05-12 12:10:00,United Kingdom,1
13838,674.82,4,254,4.089818181818182,2010-12-05 10:45:00,2011-12-04 11:00:00,United Kingdom,1
13841,85.0,1,100,85.0,2011-04-01 12:10:00,2011-04-01 12:10:00,United Kingdom,0
13842,3385.62,9,1768,16.43504854368932,2010-12-08 10:39:00,2011-10-12 10:51:00,United Kingdom,1
13844,361.62,1,196,18.081,2011-11-28 13:21:00,2011-11-28 13:21:00,United Kingdom,0
13845,312.98,1,182,34.775555555555556,2011-10-06 08:25:00,2011-10-06 08:25:00,United Kingdom,0
13846,865.0600000000001,3,388,15.728363636363637,2010-12-14 16:07:00,2011-11-15 12:07:00,United Kingdom,1
13848,1255.0,3,3700,251.0,2010-12-08 15:10:00,2011-09-08 12:58:00,United Kingdom,1
13849,1537.95,2,1016,15.227227722772279,2011-06-22 10:11:00,2011-10-19 10:59:00,United Kingdom,1
13850,1595.48,1,944,17.155698924731183,2011-08-02 14:04:00,2011-08-02 14:04:00,United Kingdom,0
13851,2651.46,3,1705,32.73407407407407,2011-02-24 17:18:00,2011-09-05 12:36:00,United Kingdom,1
13853,1090.14,1,312,47.39739130434783,2011-10-13 14:18:00,2011-10-13 14:18:00,United Kingdom,0
13854,8109.5199999999995,25,2296,73.72290909090908,2010-12-09 10:48:00,2011-12-01 09:06:00,United Kingdom,1
13856,388.5,3,494,27.75,2011-05-20 13:13:00,2011-06-24 10:03:00,United Kingdom,1
13858,216.17,1,75,19.651818181818182,2011-10-13 16:17:00,2011-10-13 16:17:00,United Kingdom,0
13859,201.16,1,129,7.184285714285714,2011-01-17 16:14:00,2011-01-17 16:14:00,United Kingdom,0
13860,1245.9,5,591,16.39342105263158,2011-09-14 09:27:00,2011-12-08 12:57:00,United Kingdom,1
13862,2209.36,8,1688,15.894676258992806,2011-01-11 15:13:00,2011-11-21 16:24:00,United Kingdom,1
13863,305.78,1,224,15.288999999999998,2011-04-06 10:20:00,2011-04-06 10:20:00,United Kingdom,0
13865,501.56,4,204,16.718666666666667,2011-02-23 12:04:00,2011-10-12 13:31:00,United Kingdom,1
13866,145.67000000000002,1,57,20.810000000000002,2011-09-26 14:54:00,2011-09-26 14:54:00,United Kingdom,0
13867,1005.09,3,501,16.7515,2011-05-05 17:28:00,2011-11-08 15:48:00,United Kingdom,1
13868,3192.54,2,1964,96.74363636363637,2011-11-01 12:45:00,2011-12-02 16:32:00,United Kingdom,1
13869,3083.65,4,1709,10.143585526315789,2010-12-17 15:14:00,2011-08-08 13:53:00,United Kingdom,1
13870,2770.94,8,1325,24.095130434782607,2011-02-25 09:09:00,2011-12-07 13:23:00,United Kingdom,1
13871,6403.25,13,2806,19.057291666666668,2011-02-04 09:30:00,2011-11-17 10:49:00,United Kingdom,1
13873,389.6,3,140,16.93913043478261,2011-02-03 09:37:00,2011-08-12 10:08:00,United Kingdom,1
13874,540.45,1,180,30.025000000000002,2010-12-16 18:20:00,2010-12-16 18:20:00,United Kingdom,0
13875,1786.79,5,1316,17.180673076923078,2011-02-11 15:39:00,2011-10-17 09:36:00,United Kingdom,1
13876,122.7,1,36,17.52857142857143,2011-10-07 10:22:00,2011-10-07 10:22:00,United Kingdom,0
13877,117.24,1,108,39.08,2011-09-14 15:49:00,2011-09-14 15:49:00,United Kingdom,0
13878,1271.57,1,463,36.330571428571425,2011-10-16 12:19:00,2011-10-16 12:19:00,United Kingdom,0
13880,3219.77,13,1842,19.513757575757577,2010-12-07 14:00:00,2011-11-18 13:44:00,United Kingdom,1
13881,17159.52,20,10118,96.40179775280899,2011-02-01 10:14:00,2011-12-06 12:50:00,United Kingdom,1
13882,1191.13,5,953,18.325076923076924,2011-10-06 15:28:00,2011-12-07 11:16:00,United Kingdom,1
13883,2674.48,5,1436,18.834366197183098,2011-03-31 17:17:00,2011-11-29 10:45:00,United Kingdom,1
13884,787.6,5,300,13.349152542372881,2011-03-01 13:40:00,2011-12-02 16:30:00,United Kingdom,1
13885,506.8,2,182,18.1,2011-05-23 08:52:00,2011-06-03 15:07:00,United Kingdom,1
13886,243.56,1,126,15.2225,2011-09-29 13:17:00,2011-09-29 13:17:00,United Kingdom,0
13887,349.55,1,147,18.397368421052633,2011-05-19 17:22:00,2011-05-19 17:22:00,United Kingdom,0
13888,595.67,2,254,15.273589743589742,2011-05-05 14:41:00,2011-08-12 10:13:00,United Kingdom,1
13889,416.90000000000003,1,146,27.793333333333337,2011-09-08 09:13:00,2011-09-08 09:13:00,United Kingdom,0
13890,1883.8100000000002,10,831,17.125545454545456,2010-12-16 09:31:00,2011-12-08 15:36:00,United Kingdom,1
13892,632.97,4,983,23.443333333333335,2011-04-07 12:04:00,2011-11-13 11:50:00,United Kingdom,1
13893,821.1,1,190,39.1,2011-02-15 11:30:00,2011-02-15 11:30:00,United Kingdom,0
13894,564.62,3,354,20.911851851851853,2011-02-02 12:54:00,2011-11-16 09:44:00,United Kingdom,1
13895,2593.07,4,1365,21.975169491525424,2011-06-28 10:17:00,2011-11-11 16:57:00,United Kingdom,1
13897,311.16,1,200,18.303529411764707,2011-10-20 14:30:00,2011-10-20 14:30:00,United Kingdom,0
13898,155.93,1,133,12.994166666666667,2011-01-18 10:28:00,2011-01-18 10:28:00,United Kingdom,0
13899,388.52,2,156,20.448421052631577,2011-03-10 09:30:00,2011-11-23 13:40:00,United Kingdom,1
13900,740.95,3,430,17.23139534883721,2011-03-22 10:13:00,2011-06-09 19:26:00,United Kingdom,1
13901,2867.2,5,1739,19.242953020134227,2011-01-25 09:01:00,2011-09-28 14:48:00,United Kingdom,1
13904,332.64,2,332,12.793846153846154,2011-02-18 11:18:00,2011-11-02 13:41:00,United Kingdom,1
13908,2369.55,4,1478,19.42254098360656,2011-03-08 12:04:00,2011-09-21 11:49:00,United Kingdom,1
13911,2580.91,9,2731,17.43858108108108,2011-02-04 14:46:00,2011-10-13 15:43:00,United Kingdom,1
13914,626.45,2,380,18.983333333333334,2011-11-03 16:28:00,2011-11-28 10:35:00,United Kingdom,1
13917,272.04,2,228,15.113333333333335,2011-06-01 12:46:00,2011-10-21 09:56:00,United Kingdom,1
13918,1212.8400000000001,2,1140,40.428000000000004,2011-03-31 18:05:00,2011-10-21 12:25:00,United Kingdom,1
13919,384.81,2,474,13.743214285714286,2011-08-10 10:15:00,2011-10-11 14:24:00,Denmark,1
13922,172.25,1,93,24.607142857142858,2010-12-23 10:38:00,2010-12-23 10:38:00,United Kingdom,0
13923,351.13,1,185,17.5565,2011-10-17 12:33:00,2011-10-17 12:33:00,United Kingdom,0
13924,1838.8500000000001,6,1575,15.716666666666669,2011-09-28 15:07:00,2011-12-08 09:39:00,United Kingdom,1
13925,678.25,4,331,16.54268292682927,2011-07-28 12:09:00,2011-09-08 12:47:00,United Kingdom,1
13926,223.85000000000002,1,104,20.35,2011-11-16 13:16:00,2011-11-16 13:16:00,United Kingdom,0
13927,348.99,1,214,16.61857142857143,2011-09-26 12:00:00,2011-09-26 12:00:00,United Kingdom,0
13928,464.57,4,129,17.206296296296298,2011-07-29 15:59:00,2011-11-29 10:33:00,United Kingdom,1
13929,842.65,2,143,93.62777777777778,2011-01-17 15:11:00,2011-06-23 15:26:00,United Kingdom,1
13930,337.34,2,274,19.843529411764706,2011-07-26 11:00:00,2011-10-13 09:45:00,United Kingdom,1
13931,1237.53,2,725,21.336724137931036,2011-03-04 08:43:00,2011-09-05 10:12:00,United Kingdom,1
13932,307.4,1,72,19.2125,2011-02-18 12:02:00,2011-02-18 12:02:00,United Kingdom,0
13933,608.7900000000001,2,205,26.469130434782613,2011-07-14 13:35:00,2011-08-22 14:03:00,United Kingdom,1
13934,922.1,1,390,29.74516129032258,2011-03-21 08:39:00,2011-03-21 08:39:00,United Kingdom,0
13936,376.58,1,330,14.483846153846153,2011-06-13 08:47:00,2011-06-13 08:47:00,United Kingdom,0
13937,158.85,1,123,17.65,2011-06-23 16:35:00,2011-06-23 16:35:00,United Kingdom,0
13938,71.66,1,70,10.237142857142857,2011-11-04 14:37:00,2011-11-04 14:37:00,United Kingdom,0
13939,568.55,3,847,12.634444444444444,2011-02-01 11:30:00,2011-11-16 13:33:00,United Kingdom,1
13940,839.14,4,516,17.12530612244898,2011-07-18 16:05:00,2011-11-22 15:15:00,United Kingdom,1
13941,5112.96,5,2364,113.62133333333334,2010-12-02 10:17:00,2011-11-18 09:43:00,United Kingdom,1
13946,561.5699999999999,3,443,51.05181818181818,2011-03-17 10:02:00,2011-09-21 13:33:00,United Kingdom,1
13947,90.6,1,44,18.119999999999997,2011-10-05 14:42:00,2011-10-05 14:42:00,United Kingdom,0
13948,102.0,1,40,34.0,2010-12-14 10:18:00,2010-12-14 10:18:00,United Kingdom,0
13949,2427.32,6,2474,15.170750000000002,2011-09-06 11:55:00,2011-12-07 09:35:00,United Kingdom,1
13950,745.06,4,323,21.28742857142857,2011-04-07 11:29:00,2011-11-28 14:44:00,United Kingdom,1
13951,674.45,3,459,17.293589743589745,2011-02-18 15:21:00,2011-06-16 16:43:00,United Kingdom,1
13952,3251.071,2,1431,23.730445255474454,2011-04-15 09:27:00,2011-05-06 09:00:00,United Kingdom,1
13953,3515.68,7,2724,175.784,2010-12-22 10:29:00,2011-12-02 16:04:00,United Kingdom,1
13954,439.92,2,150,17.5968,2011-09-30 10:52:00,2011-12-08 12:50:00,United Kingdom,1
13955,322.96,2,154,9.786666666666665,2011-02-07 12:24:00,2011-07-08 17:19:00,United Kingdom,1
13956,1019.27,5,486,6.933809523809524,2011-03-13 12:51:00,2011-12-04 13:20:00,United Kingdom,1
13959,594.04,3,355,6.600444444444444,2010-12-12 13:56:00,2011-09-21 15:06:00,United Kingdom,1
13960,230.22,2,142,19.185,2011-09-29 12:39:00,2011-11-18 15:27:00,United Kingdom,1
13962,169.55,2,87,15.413636363636364,2011-04-08 11:21:00,2011-11-18 08:47:00,United Kingdom,1
13963,664.54,4,460,18.986857142857144,2010-12-07 09:21:00,2011-02-04 14:43:00,United Kingdom,1
13967,80.7,1,42,40.35,2011-07-17 12:02:00,2011-07-17 12:02:00,United Kingdom,0
13969,9024.17,18,4528,14.578626817447496,2010-12-09 19:32:00,2011-12-02 15:11:00,United Kingdom,1
13971,2758.26,8,1844,18.511812080536913,2011-02-27 12:27:00,2011-11-21 12:06:00,United Kingdom,1
13972,190.25,2,187,12.683333333333334,2011-05-22 11:34:00,2011-09-30 11:54:00,United Kingdom,1
13973,264.7,1,109,24.063636363636363,2011-02-25 15:21:00,2011-02-25 15:21:00,United Kingdom,0
13974,413.59000000000003,1,249,14.77107142857143,2011-10-21 14:41:00,2011-10-21 14:41:00,United Kingdom,0
13975,2461.2400000000002,6,1697,7.480972644376901,2011-03-08 12:19:00,2011-11-08 13:19:00,United Kingdom,1
13976,357.98,1,154,35.798,2011-05-17 09:13:00,2011-05-17 09:13:00,United Kingdom,0
13978,196.79000000000002,2,315,13.119333333333335,2011-10-25 15:04:00,2011-11-25 11:36:00,United Kingdom,1
13979,869.87,1,639,16.108703703703704,2011-09-27 13:32:00,2011-09-27 13:32:00,United Kingdom,0
13980,200.14,1,172,18.19454545454545,2011-10-10 13:34:00,2011-10-10 13:34:00,United Kingdom,0
13982,1871.81,4,1136,16.863153153153153,2010-12-09 13:57:00,2011-10-31 16:24:00,United Kingdom,1
13983,2603.43,12,1183,24.3311214953271,2010-12-08 10:38:00,2011-11-10 11:06:00,United Kingdom,1
13984,920.51,5,679,57.531875,2010-12-08 15:58:00,2011-11-13 12:38:00,United Kingdom,1
13985,7060.13,15,3447,20.114330484330484,2011-03-20 13:48:00,2011-12-05 17:06:00,United Kingdom,1
13986,320.46,1,430,24.650769230769228,2011-11-22 15:00:00,2011-11-22 15:00:00,United Kingdom,0
13988,4147.96,6,3044,17.726324786324785,2011-03-30 11:48:00,2011-11-20 10:15:00,United Kingdom,1
13989,1266.08,2,1313,30.88,2011-04-14 15:39:00,2011-10-05 09:47:00,United Kingdom,1
13990,311.3,1,190,19.45625,2011-05-10 15:19:00,2011-05-10 15:19:00,United Kingdom,0
13991,852.88,6,995,10.400975609756097,2011-07-19 12:58:00,2011-11-27 16:18:00,United Kingdom,1
13992,76.8,1,64,15.36,2011-11-09 15:23:00,2011-11-09 15:23:00,United Kingdom,0
13993,3466.36,9,900,28.647603305785125,2011-01-13 10:43:00,2011-10-28 09:06:00,United Kingdom,1
13994,2274.14,6,932,15.36581081081081,2011-07-14 18:28:00,2011-12-06 11:05:00,United Kingdom,1
13995,1393.69,5,879,16.205697674418605,2011-04-08 08:20:00,2011-11-24 14:22:00,United Kingdom,1
13999,3901.81,12,2243,18.758701923076924,2010-12-13 11:23:00,2011-11-29 13:40:00,United Kingdom,1
14000,635.66,1,710,42.37733333333333,2011-05-12 16:50:00,2011-05-12 16:50:00,United Kingdom,0
14001,2043.0800000000002,3,962,52.38666666666667,2010-12-01 12:58:00,2011-10-25 10:31:00,United Kingdom,1
14002,529.73,2,877,11.270851063829788,2011-07-06 14:59:00,2011-07-28 15:55:00,United Kingdom,1
14004,4582.64,7,2668,26.799064327485382,2011-02-24 09:28:00,2011-10-27 14:40:00,United Kingdom,1
14005,2874.72,5,2478,34.22285714285714,2011-05-08 10:33:00,2011-11-30 12:41:00,United Kingdom,1
14006,962.19,3,641,32.073,2011-01-31 15:11:00,2011-08-16 09:39:00,United Kingdom,1
14009,695.61,2,365,16.562142857142856,2011-05-18 13:00:00,2011-05-25 15:47:00,United Kingdom,1
14012,328.8,1,160,29.89090909090909,2011-03-07 12:26:00,2011-03-07 12:26:00,United Kingdom,0
14013,473.02,3,462,13.91235294117647,2011-03-09 08:59:00,2011-08-21 15:01:00,United Kingdom,1
14014,505.18,1,1076,12.953333333333333,2011-09-23 13:18:00,2011-09-23 13:18:00,United Kingdom,0
14015,917.34,1,378,45.867000000000004,2011-10-18 10:02:00,2011-10-18 10:02:00,United Kingdom,0
14016,4341.21,4,2125,26.964037267080744,2010-12-17 14:21:00,2011-07-01 11:29:00,EIRE,1
14019,1421.61,3,1037,21.539545454545454,2011-07-24 15:39:00,2011-10-24 10:13:00,United Kingdom,1
14020,642.8,2,441,16.48205128205128,2011-09-12 15:32:00,2011-11-23 09:22:00,United Kingdom,1
14021,631.9,3,192,28.722727272727273,2011-03-28 15:10:00,2011-07-07 15:46:00,United Kingdom,1
14022,440.0,1,487,15.714285714285714,2011-04-28 14:39:00,2011-04-28 14:39:00,United Kingdom,0
14023,584.07,2,345,18.840967741935486,2011-04-03 15:50:00,2011-12-02 13:58:00,United Kingdom,1
14024,327.7,2,150,20.48125,2011-08-07 13:31:00,2011-08-10 11:30:00,United Kingdom,1
14027,104.82,1,62,17.47,2011-10-10 09:01:00,2011-10-10 09:01:00,United Kingdom,0
14029,467.66,2,198,31.177333333333333,2011-07-18 16:57:00,2011-10-07 14:46:00,United Kingdom,1
14030,2358.84,8,1478,9.747272727272728,2010-12-08 16:11:00,2011-11-21 16:48:00,United Kingdom,1
14031,17286.86,19,5788,69.14744,2010-12-02 16:34:00,2011-12-02 17:13:00,United Kingdom,1
14032,2975.59,11,2032,20.80832167832168,2010-12-08 10:53:00,2011-12-07 15:23:00,United Kingdom,1
14034,648.89,3,420,7.545232558139535,2011-07-05 13:06:00,2011-11-17 14:02:00,United Kingdom,1
14035,1428.02,5,739,21.636666666666667,2011-02-15 12:48:00,2011-11-11 10:03:00,United Kingdom,1
14036,626.65,1,268,16.49078947368421,2011-02-28 09:26:00,2011-02-28 09:26:00,United Kingdom,0
14037,147.20000000000002,2,46,5.257142857142858,2010-12-10 11:39:00,2011-06-16 13:57:00,United Kingdom,1
14038,1560.38,3,965,16.960652173913044,2011-05-16 14:05:00,2011-09-22 13:37:00,United Kingdom,1
14039,152.2,1,92,25.366666666666664,2011-11-06 13:48:00,2011-11-06 13:48:00,United Kingdom,0
14040,3560.32,12,1544,15.547248908296943,2011-01-12 14:57:00,2011-10-30 12:42:00,United Kingdom,1
14041,141.41,1,94,6.733809523809524,2011-03-18 13:25:00,2011-03-18 13:25:00,United Kingdom,0
14044,646.42,4,304,3.1379611650485435,2011-02-03 11:39:00,2011-11-13 12:05:00,United Kingdom,1
14045,1659.75,4,535,276.625,2010-12-01 11:32:00,2011-08-22 15:27:00,United Kingdom,1
14046,154.99,1,460,11.070714285714287,2011-02-28 14:48:00,2011-02-28 14:48:00,United Kingdom,0
14047,1308.6100000000001,5,381,40.894062500000004,2010-12-02 10:09:00,2011-12-01 11:43:00,United Kingdom,1
14048,409.93,1,288,4.822705882352941,2011-02-07 14:53:00,2011-02-07 14:53:00,United Kingdom,0
14049,5578.72,4,3808,11.670962343096235,2011-01-26 11:27:00,2011-11-23 12:20:00,United Kingdom,1
14050,746.36,2,689,13.821481481481483,2011-08-25 13:46:00,2011-11-08 10:00:00,United Kingdom,1
14051,15610.390000000001,23,3756,74.33519047619048,2010-12-08 12:49:00,2011-12-09 10:20:00,United Kingdom,1
14052,225.36,1,89,4.024285714285715,2011-11-20 12:30:00,2011-11-20 12:30:00,United Kingdom,0
14053,260.25,2,215,65.0625,2011-07-03 12:21:00,2011-08-07 14:27:00,United Kingdom,1
14054,92.46,1,62,15.409999999999998,2011-10-05 15:49:00,2011-10-05 15:49:00,United Kingdom,0
14055,725.6400000000001,1,216,72.56400000000001,2011-08-25 15:04:00,2011-08-25 15:04:00,United Kingdom,0
14056,8152.71,23,4252,7.493299632352941,2011-02-28 15:19:00,2011-12-08 13:36:00,United Kingdom,1
14057,6211.66,17,4873,21.949328621908126,2010-12-14 12:11:00,2011-11-16 10:32:00,United Kingdom,1
14059,183.6,1,128,22.95,2011-03-18 10:06:00,2011-03-18 10:06:00,United Kingdom,0
14060,6140.42,19,5386,30.39811881188119,2010-12-02 12:11:00,2011-12-05 12:29:00,United Kingdom,1
14062,10464.85,12,5593,94.27792792792793,2010-12-10 15:56:00,2011-11-30 10:04:00,United Kingdom,1
14064,1334.34,5,1772,17.329090909090908,2011-03-10 12:59:00,2011-11-10 13:14:00,United Kingdom,1
14066,152.55,1,45,21.792857142857144,2011-03-18 12:21:00,2011-03-18 12:21:00,United Kingdom,0
14067,374.7,2,361,7.2057692307692305,2011-09-04 12:00:00,2011-10-07 10:21:00,United Kingdom,1
14068,265.85,1,73,11.077083333333334,2011-01-23 16:02:00,2011-01-23 16:02:00,United Kingdom,0
14071,1437.57,8,994,4.450681114551084,2011-03-20 11:33:00,2011-12-06 12:27:00,United Kingdom,1
14073,151.04,1,130,11.618461538461538,2011-11-07 15:49:00,2011-11-07 15:49:00,United Kingdom,0
14075,942.26,3,754,21.913023255813954,2011-03-23 16:35:00,2011-12-05 08:38:00,United Kingdom,1
14076,118.67,1,79,2.6970454545454547,2011-08-02 15:19:00,2011-08-02 15:19:00,United Kingdom,0
14077,499.41999999999996,5,268,11.89095238095238,2011-03-10 15:52:00,2011-10-30 12:35:00,United Kingdom,1
14078,1049.37,6,310,16.144153846153845,2010-12-01 12:54:00,2011-08-30 12:16:00,United Kingdom,1
14079,375.1,1,301,31.258333333333336,2011-08-07 12:10:00,2011-08-07 12:10:00,United Kingdom,0
14080,45.599999999999994,1,48,11.399999999999999,2011-11-07 11:09:00,2011-11-07 11:09:00,United Kingdom,0
14081,921.62,2,592,6.1441333333333334,2010-12-05 15:47:00,2011-02-10 16:17:00,United Kingdom,1
14082,182.25,1,110,6.2844827586206895,2010-12-10 11:02:00,2010-12-10 11:02:00,United Kingdom,0
14083,1002.9,9,705,5.6661016949152545,2010-12-03 12:24:00,2011-12-05 13:14:00,United Kingdom,1
14085,4421.29,18,3177,9.868950892857143,2010-12-06 12:39:00,2011-12-07 13:46:00,United Kingdom,1
14087,191.47,1,250,2.8157352941176472,2011-12-07 12:41:00,2011-12-07 12:41:00,United Kingdom,0
14088,50491.81,13,12665,85.7246349745331,2011-01-21 13:07:00,2011-11-29 16:16:00,United Kingdom,1
14089,158.75,1,133,12.211538461538462,2011-10-14 10:38:00,2011-10-14 10:38:00,United Kingdom,0
14090,76.32000000000001,1,72,76.32000000000001,2011-01-19 10:51:00,2011-01-19 10:51:00,United Kingdom,0
14092,4076.91,14,2066,19.050981308411213,2010-12-16 15:47:00,2011-12-02 12:13:00,United Kingdom,1
14093,433.86,1,391,4.3386000000000005,2011-11-27 16:27:00,2011-11-27 16:27:00,United Kingdom,0
14096,65164.79,17,16352,12.749909998043435,2011-08-30 10:49:00,2011-12-05 17:17:00,United Kingdom,1
14098,147.35,1,104,7.016666666666667,2011-11-03 10:13:00,2011-11-03 10:13:00,United Kingdom,0
14099,3104.17,11,2179,12.41668,2010-12-20 11:14:00,2011-11-23 13:53:00,United Kingdom,1
14100,191.95000000000002,1,63,7.678000000000001,2011-07-25 11:01:00,2011-07-25 11:01:00,United Kingdom,0
14101,5976.79,6,6942,170.76542857142857,2011-01-17 13:09:00,2011-09-27 12:28:00,United Kingdom,1
14102,1105.8799999999999,5,769,19.066896551724135,2011-10-26 12:46:00,2011-12-04 15:38:00,United Kingdom,1
14104,216.20999999999998,2,72,10.295714285714284,2011-06-27 12:49:00,2011-07-08 12:50:00,United Kingdom,1
14105,1266.23,1,800,17.111216216216217,2011-04-14 17:58:00,2011-04-14 17:58:00,United Kingdom,0
14107,2703.23,7,1793,21.977479674796747,2010-12-10 13:29:00,2011-10-19 12:12:00,United Kingdom,1
14108,597.91,2,381,17.585588235294118,2011-08-30 11:32:00,2011-11-09 10:41:00,United Kingdom,1
14109,144.2,1,88,16.022222222222222,2011-09-28 10:18:00,2011-09-28 10:18:00,United Kingdom,0
14110,5683.15,12,2457,36.430448717948714,2011-03-18 09:59:00,2011-12-06 12:26:00,United Kingdom,1
14111,692.85,4,458,69.285,2011-04-12 11:36:00,2011-11-25 13:44:00,United Kingdom,1
14112,2915.15,7,1651,18.2196875,2011-03-09 11:28:00,2011-11-17 12:30:00,United Kingdom,1
14113,1840.42,4,745,54.13,2010-12-20 12:14:00,2011-12-06 12:18:00,United Kingdom,1
14114,386.53,2,101,25.768666666666665,2011-01-13 11:05:00,2011-03-11 09:42:00,United Kingdom,1
14116,1382.74,5,707,19.204722222222223,2011-08-10 12:44:00,2011-11-20 10:29:00,United Kingdom,1
14117,90.0,1,72,30.0,2011-07-19 09:49:00,2011-07-19 09:49:00,United Kingdom,0
14121,2780.15,4,2082,17.485220125786164,2011-10-11 10:39:00,2011-12-06 12:19:00,United Kingdom,1
14124,419.58000000000004,1,1618,83.91600000000001,2011-09-16 13:32:00,2011-09-16 13:32:00,United Kingdom,0
14125,2720.63,3,1628,16.38933734939759,2011-09-22 15:40:00,2011-11-29 12:47:00,United Kingdom,1
14126,706.1300000000001,3,508,47.07533333333334,2011-11-29 12:21:00,2011-12-02 11:45:00,United Kingdom,1
14127,709.71,3,321,16.129772727272726,2011-02-02 12:26:00,2011-08-09 10:49:00,United Kingdom,1
14128,637.5,2,564,13.858695652173912,2011-03-29 10:49:00,2011-10-10 12:00:00,United Kingdom,1
14129,1123.8600000000001,5,592,21.61269230769231,2011-03-24 08:44:00,2011-12-08 11:02:00,United Kingdom,1
14130,480.91,1,257,7.286515151515152,2011-01-24 16:05:00,2011-01-24 16:05:00,United Kingdom,0
14132,3586.0299999999997,11,3368,17.930149999999998,2011-06-09 12:04:00,2011-12-07 13:35:00,United Kingdom,1
14133,605.64,3,348,21.63,2011-01-28 11:27:00,2011-08-02 11:34:00,United Kingdom,1
14135,4690.31,15,3850,35.00231343283583,2010-12-02 10:27:00,2011-12-08 11:38:00,United Kingdom,1
14138,965.8800000000001,2,600,20.99739130434783,2011-10-07 09:38:00,2011-12-08 12:44:00,United Kingdom,1
14139,415.82,1,510,15.993076923076924,2011-10-24 13:34:00,2011-10-24 13:34:00,United Kingdom,0
14140,935.05,2,811,14.167424242424241,2011-11-08 11:20:00,2011-12-06 09:05:00,United Kingdom,1
14141,915.13,4,355,22.87825,2011-08-26 14:40:00,2011-12-07 09:53:00,United Kingdom,1
14142,311.81,1,313,14.173181818181819,2010-12-01 16:33:00,2010-12-01 16:33:00,United Kingdom,0
14143,115.8,1,30,16.54285714285714,2011-07-29 09:48:00,2011-07-29 09:48:00,United Kingdom,0
14145,3742.2,4,756,340.2,2011-05-06 13:01:00,2011-10-24 12:10:00,United Kingdom,1
14146,4191.0,5,2437,19.957142857142856,2010-12-17 15:52:00,2011-12-01 10:18:00,United Kingdom,1
14147,483.4,2,108,96.67999999999999,2011-02-27 11:42:00,2011-09-22 18:10:00,United Kingdom,1
14148,157.2,1,16,52.4,2011-04-20 12:02:00,2011-04-20 12:02:00,United Kingdom,0
14149,446.62,1,218,15.950714285714286,2011-05-03 09:44:00,2011-05-03 09:44:00,United Kingdom,0
14150,658.64,2,496,25.33230769230769,2010-12-15 10:04:00,2011-11-04 10:05:00,United Kingdom,1
14152,621.29,2,711,12.67938775510204,2011-04-19 15:46:00,2011-09-25 12:54:00,United Kingdom,1
14154,1345.62,2,465,25.87730769230769,2011-04-14 15:58:00,2011-04-14 16:26:00,United Kingdom,1
14155,118.75,1,25,19.791666666666668,2011-03-18 14:13:00,2011-03-18 14:13:00,United Kingdom,0
14156,117210.08,55,57768,84.02156272401434,2010-12-03 11:48:00,2011-11-30 10:54:00,EIRE,1
14157,424.89000000000004,2,271,9.236739130434783,2011-02-27 13:04:00,2011-11-20 11:32:00,United Kingdom,1
14158,507.66,1,781,12.381951219512196,2011-10-30 15:08:00,2011-10-30 15:08:00,United Kingdom,0
14159,4630.35,11,4348,3.9407234042553196,2010-12-12 11:17:00,2011-11-20 12:36:00,United Kingdom,1
14161,1097.6200000000001,3,450,10.554038461538463,2010-12-05 13:18:00,2011-05-08 11:41:00,United Kingdom,1
14162,289.36,2,142,11.5744,2011-02-20 12:32:00,2011-06-19 11:36:00,United Kingdom,1
14163,2445.91,4,893,47.036730769230765,2011-04-14 17:33:00,2011-09-13 15:18:00,United Kingdom,1
14164,1631.77,2,1033,56.26793103448276,2011-09-20 12:18:00,2011-09-30 12:24:00,United Kingdom,1
14165,120.44,1,53,5.0183333333333335,2011-03-09 12:39:00,2011-03-09 12:39:00,United Kingdom,0
14167,562.59,4,147,11.251800000000001,2011-01-12 15:44:00,2011-10-31 14:29:00,United Kingdom,1
14171,363.79,1,167,6.272241379310345,2011-09-02 16:43:00,2011-09-02 16:43:00,United Kingdom,0
14173,450.84,4,150,15.546206896551723,2011-05-04 14:03:00,2011-11-29 11:54:00,United Kingdom,1
14174,134.46,1,94,5.171538461538462,2011-11-06 13:17:00,2011-11-06 13:17:00,United Kingdom,0
14175,3222.3,3,1515,21.626174496644296,2011-01-14 12:22:00,2011-10-11 11:55:00,United Kingdom,1
14176,576.9000000000001,4,209,18.609677419354842,2010-12-07 11:45:00,2011-02-15 13:12:00,United Kingdom,1
14177,549.46,4,204,13.401463414634147,2011-06-13 11:10:00,2011-09-14 15:11:00,United Kingdom,1
14178,1600.26,7,1494,5.032264150943396,2011-06-10 12:51:00,2011-12-01 12:01:00,United Kingdom,1
14179,701.57,2,319,4.46859872611465,2011-10-18 14:00:00,2011-10-30 12:07:00,United Kingdom,1
14180,4748.52,25,719,19.785500000000003,2010-12-02 13:08:00,2011-11-29 10:56:00,United Kingdom,1
14184,452.89,1,127,18.870416666666667,2011-10-04 12:43:00,2011-10-04 12:43:00,United Kingdom,0
14185,197.65,1,6,65.88333333333334,2011-01-12 13:52:00,2011-01-12 13:52:00,United Kingdom,0
14188,2054.36,6,1162,31.605538461538462,2011-02-02 13:46:00,2011-11-09 12:45:00,United Kingdom,1
14189,4654.08,15,3937,17.56256603773585,2010-12-06 11:42:00,2011-12-07 15:55:00,United Kingdom,1
14191,4684.76,13,3662,18.08787644787645,2011-05-03 10:30:00,2011-12-08 09:23:00,United Kingdom,1
14193,853.39,2,445,20.318809523809524,2011-03-15 11:38:00,2011-10-03 09:34:00,United Kingdom,1
14194,11349.52,21,5840,19.601934369602763,2011-02-04 14:51:00,2011-12-05 10:38:00,United Kingdom,1
14195,1012.0,2,760,144.57142857142858,2011-04-01 16:50:00,2011-05-22 10:29:00,United Kingdom,1
14196,335.52,1,142,55.919999999999995,2011-08-25 10:25:00,2011-08-25 10:25:00,United Kingdom,0
14198,701.4,4,290,17.984615384615385,2011-04-14 14:54:00,2011-11-21 16:35:00,United Kingdom,1
14199,185.39999999999998,1,28,92.69999999999999,2011-05-05 13:44:00,2011-05-05 13:44:00,United Kingdom,0
14201,747.44,7,590,20.20108108108108,2010-12-15 13:25:00,2011-10-10 13:27:00,United Kingdom,1
14204,150.61,1,72,3.861794871794872,2011-12-07 13:38:00,2011-12-07 13:38:00,United Kingdom,0
14205,466.7,2,204,19.445833333333333,2011-03-20 15:07:00,2011-11-23 10:55:00,United Kingdom,1
14206,328.15999999999997,1,276,16.407999999999998,2011-04-14 16:38:00,2011-04-14 16:38:00,United Kingdom,0
14208,151.74,1,114,15.174000000000001,2011-09-06 12:48:00,2011-09-06 12:48:00,United Kingdom,0
14209,2073.43,6,691,23.83252873563218,2011-01-11 12:56:00,2011-11-29 10:18:00,United Kingdom,1
14210,1905.8400000000001,6,760,18.684705882352944,2010-12-03 12:43:00,2011-08-26 12:36:00,United Kingdom,1
14211,2241.1,9,1242,20.009821428571428,2011-02-17 15:50:00,2011-10-17 13:23:00,United Kingdom,1
14212,1070.48,1,1152,118.94222222222223,2011-09-11 12:45:00,2011-09-11 12:45:00,United Kingdom,0
14214,1004.38,5,751,14.990746268656716,2011-03-07 12:26:00,2011-11-09 10:31:00,United Kingdom,1
14215,1789.72,6,1358,16.57148148148148,2010-12-06 15:34:00,2011-11-28 12:19:00,United Kingdom,1
14216,1839.3,4,594,31.17457627118644,2011-11-02 10:51:00,2011-12-06 14:56:00,United Kingdom,1
14217,2004.98,17,689,20.0498,2010-12-08 13:28:00,2011-12-08 11:53:00,United Kingdom,1
14218,169.48000000000002,1,160,14.123333333333335,2011-10-28 10:00:00,2011-10-28 10:00:00,United Kingdom,0
14219,89.94,1,78,12.848571428571429,2011-12-05 16:23:00,2011-12-05 16:23:00,United Kingdom,0
14220,632.4,2,272,30.114285714285714,2010-12-16 18:18:00,2011-04-06 13:23:00,United Kingdom,1
14221,3432.8,9,2191,17.78652849740933,2011-01-04 15:33:00,2011-10-28 13:42:00,United Kingdom,1
14222,683.17,1,607,16.662682926829266,2011-06-15 16:42:00,2011-06-15 16:42:00,United Kingdom,0
14223,991.13,3,585,16.518833333333333,2011-03-20 16:02:00,2011-09-08 13:38:00,United Kingdom,1
14224,1009.73,4,483,8.93566371681416,2011-01-23 13:58:00,2011-08-21 13:24:00,United Kingdom,1
14226,2214.79,5,1296,33.55742424242424,2011-03-15 15:36:00,2011-11-11 11:34:00,United Kingdom,1
14227,3350.96,10,1820,19.148342857142858,2011-02-28 12:27:00,2011-11-13 15:48:00,United Kingdom,1
14229,1547.2,3,610,38.68,2011-01-10 12:03:00,2011-10-19 10:04:00,United Kingdom,1
14231,925.71,3,409,18.514200000000002,2011-02-24 11:55:00,2011-06-09 11:05:00,United Kingdom,1
14232,2048.07,5,1941,17.80930434782609,2011-03-20 12:44:00,2011-10-28 11:09:00,United Kingdom,1
14233,1462.72,4,680,41.792,2011-01-26 12:43:00,2011-10-21 15:54:00,United Kingdom,1
14234,754.12,4,951,5.130068027210885,2011-10-13 13:58:00,2011-11-17 17:53:00,United Kingdom,1
14235,3144.86,5,1959,39.80835443037975,2011-03-24 13:23:00,2011-09-25 14:37:00,United Kingdom,1
14236,490.86,2,310,32.724000000000004,2010-12-02 18:49:00,2011-09-20 09:13:00,United Kingdom,1
14237,161.0,1,38,17.88888888888889,2010-12-01 13:20:00,2010-12-01 13:20:00,United Kingdom,0
14238,146.85,1,111,18.35625,2011-01-17 14:40:00,2011-01-17 14:40:00,United Kingdom,0
14239,2380.85,11,993,21.257589285714285,2011-01-27 14:45:00,2011-10-27 14:40:00,United Kingdom,1
14240,890.34,2,418,21.19857142857143,2011-04-28 11:40:00,2011-11-09 13:45:00,United Kingdom,1
14241,213.70000000000002,1,146,21.37,2011-06-09 11:46:00,2011-06-09 11:46:00,United Kingdom,0
14242,280.55,2,123,17.534375,2011-01-18 08:53:00,2011-04-19 11:46:00,United Kingdom,1
14243,2588.77,10,1221,18.360070921985816,2010-12-09 08:34:00,2011-12-01 11:12:00,United Kingdom,1
14245,1693.45,2,976,15.680092592592594,2011-03-21 10:41:00,2011-05-04 08:40:00,United Kingdom,1
14246,1474.06,3,804,19.654133333333334,2011-04-08 08:25:00,2011-08-21 11:50:00,United Kingdom,1
14247,136.76999999999998,1,47,6.838499999999999,2011-03-06 15:21:00,2011-03-06 15:21:00,United Kingdom,0
14248,302.58,1,102,37.8225,2011-01-25 14:45:00,2011-01-25 14:45:00,United Kingdom,0
14250,1904.05,3,1200,17.153603603603603,2011-09-11 13:44:00,2011-12-02 14:30:00,United Kingdom,1
14251,2879.7000000000003,5,1674,36.91923076923077,2011-10-13 12:46:00,2011-12-08 08:32:00,United Kingdom,1
14256,969.0600000000001,2,414,18.284150943396227,2010-12-10 11:44:00,2011-03-24 13:17:00,United Kingdom,1
14257,3099.7200000000003,5,1682,29.242641509433966,2011-01-25 10:49:00,2011-10-06 16:54:00,United Kingdom,1
14258,12669.98,9,7100,114.14396396396396,2011-01-06 12:18:00,2011-11-30 15:27:00,United Kingdom,1
14259,120.0,1,68,24.0,2011-07-21 10:44:00,2011-07-21 10:44:00,United Kingdom,0
14261,1163.45,2,406,22.37403846153846,2011-09-22 10:47:00,2011-10-20 10:04:00,United Kingdom,1
14262,2618.23,8,1645,18.3093006993007,2011-04-13 12:23:00,2011-12-01 14:17:00,United Kingdom,1
14264,333.97,2,70,19.64529411764706,2011-04-08 12:20:00,2011-07-08 10:20:00,United Kingdom,1
14265,530.18,2,330,17.10258064516129,2011-07-14 09:10:00,2011-08-22 13:32:00,Unspecified,1
14267,1516.24,3,530,27.568,2011-03-24 11:38:00,2011-06-30 10:09:00,United Kingdom,1
14270,492.65000000000003,1,197,16.98793103448276,2011-01-12 09:33:00,2011-01-12 09:33:00,United Kingdom,0
14271,112.32,1,88,11.232,2011-04-28 12:47:00,2011-04-28 12:47:00,United Kingdom,0
14272,437.96,2,599,13.271515151515151,2011-03-30 13:57:00,2011-09-27 10:08:00,United Kingdom,1
14273,559.97,4,264,19.309310344827587,2011-04-11 13:24:00,2011-10-19 13:20:00,United Kingdom,1
14276,1119.74,3,744,17.4959375,2011-02-23 09:38:00,2011-09-02 09:45:00,United Kingdom,1
14277,4188.0,3,1976,18.864864864864863,2011-05-11 13:20:00,2011-11-24 15:01:00,France,1
14280,134.04,1,52,16.755,2011-05-27 10:37:00,2011-05-27 10:37:00,United Kingdom,0
14282,3701.44,15,2656,24.035324675324677,2010-12-07 12:21:00,2011-12-06 17:04:00,United Kingdom,1
14284,595.25,2,161,18.6015625,2011-09-14 13:04:00,2011-11-09 08:11:00,United Kingdom,1
14285,1910.01,4,541,70.74111111111111,2011-06-16 12:36:00,2011-11-18 14:50:00,United Kingdom,1
14286,4628.75,3,4338,16.53125,2011-04-11 08:16:00,2011-11-16 10:34:00,United Kingdom,1
14287,176.63,3,261,19.625555555555554,2011-05-25 11:41:00,2011-12-01 13:25:00,United Kingdom,1
14288,426.6,1,188,26.6625,2011-05-10 13:22:00,2011-05-10 13:22:00,United Kingdom,0
14289,911.26,6,292,19.388510638297873,2011-02-23 12:33:00,2011-12-01 11:44:00,United Kingdom,1
14290,2314.65,5,915,22.917326732673267,2010-12-13 10:24:00,2011-11-28 14:02:00,United Kingdom,1
14291,3883.25,11,2749,16.385021097046412,2011-03-09 15:20:00,2011-12-08 10:26:00,United Kingdom,1
14292,4871.93,9,1663,48.719300000000004,2011-03-02 08:26:00,2011-12-02 11:50:00,United Kingdom,1
14293,1046.56,4,709,17.15672131147541,2010-12-06 10:18:00,2011-12-06 15:17:00,United Kingdom,1
14295,166.20000000000002,1,84,33.24,2011-10-30 15:50:00,2011-10-30 15:50:00,United Kingdom,0
14297,1305.33,4,865,21.053709677419352,2011-03-10 08:31:00,2011-11-22 09:06:00,United Kingdom,1
14298,51527.3,44,58343,31.476664630421503,2010-12-14 12:59:00,2011-12-01 13:12:00,United Kingdom,1
14299,3965.62,9,2149,27.73160839160839,2010-12-09 10:30:00,2011-12-01 16:05:00,United Kingdom,1
14300,43.2,1,32,14.4,2011-11-21 08:57:00,2011-11-21 08:57:00,United Kingdom,0
14301,640.14,1,606,49.24153846153846,2011-08-14 15:33:00,2011-08-14 15:33:00,United Kingdom,0
14304,383.45,1,139,22.555882352941175,2011-05-01 11:50:00,2011-05-01 11:50:00,United Kingdom,0
14305,1858.96,3,1089,17.70438095238095,2011-07-27 14:14:00,2011-09-29 15:29:00,United Kingdom,1
14306,2093.32,2,1075,63.4339393939394,2011-09-15 10:31:00,2011-10-19 13:23:00,United Kingdom,1
14307,2995.72,6,2058,16.642888888888887,2010-12-01 11:41:00,2011-09-12 09:38:00,United Kingdom,1
14309,2352.53,9,1633,20.10709401709402,2010-12-16 13:05:00,2011-12-01 13:33:00,United Kingdom,1
14311,310.26,1,146,15.513,2011-04-11 10:14:00,2011-04-11 10:14:00,United Kingdom,0
14312,1611.59,6,1012,18.524022988505745,2011-01-06 16:35:00,2011-10-24 09:46:00,United Kingdom,1
14314,120.0,1,296,15.0,2011-08-25 10:39:00,2011-08-25 10:39:00,United Kingdom,0
14315,2481.13,6,1021,24.565643564356435,2011-03-18 12:59:00,2011-10-26 12:06:00,United Kingdom,1
14317,508.58000000000004,1,255,21.190833333333334,2011-10-06 10:44:00,2011-10-06 10:44:00,United Kingdom,0
14320,477.79,2,325,15.412580645161292,2011-01-11 09:12:00,2011-05-17 09:24:00,United Kingdom,1
14321,1530.75,5,2406,12.445121951219512,2011-01-10 11:35:00,2011-11-29 09:47:00,United Kingdom,1
14323,605.0600000000001,2,350,16.807222222222222,2011-04-15 11:44:00,2011-08-17 11:37:00,United Kingdom,1
14326,183.85,1,103,22.98125,2011-04-11 15:04:00,2011-04-11 15:04:00,United Kingdom,0
14327,311.65,1,139,25.97083333333333,2011-06-29 13:58:00,2011-06-29 13:58:00,United Kingdom,0
14329,4975.24,7,3087,19.28387596899225,2011-01-14 13:42:00,2011-11-22 15:50:00,United Kingdom,1
14331,462.65999999999997,2,252,16.523571428571426,2011-07-27 15:14:00,2011-08-07 13:17:00,United Kingdom,1
14332,840.21,3,463,33.6084,2011-07-15 10:33:00,2011-11-17 11:54:00,United Kingdom,1
14333,415.2,1,58,27.68,2011-10-03 10:38:00,2011-10-03 10:38:00,United Kingdom,0
14334,2552.21,8,1731,15.754382716049383,2010-12-16 17:37:00,2011-11-23 10:01:00,United Kingdom,1
14335,454.86,2,375,7.581,2011-09-04 13:07:00,2011-11-23 13:41:00,Germany,1
14336,1614.91,4,1759,17.943444444444445,2011-03-08 16:48:00,2011-11-23 11:40:00,United Kingdom,1
14338,588.22,2,335,18.97483870967742,2011-05-27 13:30:00,2011-07-01 14:08:00,United Kingdom,1
14339,309.52,1,168,22.108571428571427,2011-04-11 11:06:00,2011-04-11 11:06:00,United Kingdom,0
14340,134.7,1,58,22.45,2011-05-05 09:44:00,2011-05-05 09:44:00,United Kingdom,0
14341,2166.98,8,1397,16.92953125,2011-01-25 13:55:00,2011-10-25 15:48:00,United Kingdom,1
14342,668.5600000000001,4,347,31.836190476190477,2011-05-13 13:50:00,2011-11-18 13:21:00,United Kingdom,1
14344,889.9300000000001,8,477,12.534225352112676,2010-12-06 11:58:00,2011-08-04 13:51:00,United Kingdom,1
14345,108.97999999999999,1,50,18.16333333333333,2011-11-01 09:51:00,2011-11-01 09:51:00,United Kingdom,0
14346,1021.58,2,605,17.026333333333334,2011-02-15 13:52:00,2011-08-11 09:47:00,United Kingdom,1
14348,409.57,1,183,22.753888888888888,2011-03-24 16:23:00,2011-03-24 16:23:00,United Kingdom,0
14349,133.5,1,86,4.306451612903226,2011-11-29 15:39:00,2011-11-29 15:39:00,United Kingdom,0
14350,282.93,1,183,15.718333333333334,2011-03-10 14:14:00,2011-03-10 14:14:00,United Kingdom,0
14351,51.0,1,12,51.0,2011-06-28 11:56:00,2011-06-28 11:56:00,United Kingdom,0
14352,1078.96,4,538,22.95659574468085,2011-03-11 14:58:00,2011-07-05 15:41:00,United Kingdom,1
14353,90.6,1,64,15.1,2011-05-08 16:06:00,2011-05-08 16:06:00,United Kingdom,0
14354,163.62,2,210,18.18,2011-11-09 15:36:00,2011-12-04 11:32:00,United Kingdom,1
14355,174.4,1,92,15.854545454545455,2010-12-09 12:16:00,2010-12-09 12:16:00,United Kingdom,0
14356,701.23,2,277,21.24939393939394,2011-09-19 14:43:00,2011-09-21 09:18:00,United Kingdom,1
14357,225.12,1,147,5.628,2011-10-27 16:23:00,2011-10-27 16:23:00,United Kingdom,0
14359,912.18,3,371,16.58509090909091,2011-09-13 09:03:00,2011-11-20 13:17:00,United Kingdom,1
14360,2118.03,4,1139,18.102820512820514,2011-09-06 11:58:00,2011-11-08 09:12:00,United Kingdom,1
14362,151.5,1,96,4.094594594594595,2011-11-17 15:08:00,2011-11-17 15:08:00,United Kingdom,0
14364,3717.35,8,1967,53.87463768115942,2011-05-12 12:56:00,2011-08-23 11:01:00,United Kingdom,1
14367,9227.82,16,4426,17.711746641074857,2011-03-08 14:12:00,2011-12-01 13:19:00,United Kingdom,1
14368,155.0,1,36,19.375,2011-01-24 09:52:00,2011-01-24 09:52:00,United Kingdom,0
14371,100.5,1,34,25.125,2011-02-17 16:35:00,2011-02-17 16:35:00,United Kingdom,0
14373,76.55,1,17,19.1375,2010-12-16 15:40:00,2010-12-16 15:40:00,United Kingdom,0
14375,235.56,1,184,3.5690909090909093,2011-06-07 13:44:00,2011-06-07 13:44:00,United Kingdom,0
14377,617.05,2,219,56.095454545454544,2011-03-22 13:38:00,2011-06-01 13:32:00,United Kingdom,1
14379,348.1,2,292,7.567391304347827,2011-02-17 15:03:00,2011-10-26 16:43:00,United Kingdom,1
14381,202.68,1,146,3.619285714285714,2011-10-18 17:10:00,2011-10-18 17:10:00,United Kingdom,0
14382,615.49,1,1231,4.88484126984127,2011-11-13 16:18:00,2011-11-13 16:18:00,United Kingdom,0
14383,1247.69,3,817,21.14728813559322,2011-06-29 10:18:00,2011-11-01 15:53:00,United Kingdom,1
14385,202.11,3,159,14.436428571428573,2011-11-16 11:55:00,2011-11-30 15:36:00,United Kingdom,1
14386,142.4,1,54,20.342857142857145,2011-02-16 09:45:00,2011-02-16 09:45:00,United Kingdom,0
14387,1727.6,3,795,12.428776978417266,2011-08-22 14:13:00,2011-11-07 12:29:00,United Kingdom,1
14388,3212.84,8,1941,17.273333333333333,2010-12-02 11:02:00,2011-11-29 13:32:00,United Kingdom,1
14389,1043.46,2,729,23.188000000000002,2011-06-02 12:04:00,2011-10-05 15:17:00,United Kingdom,1
14390,4642.57,9,2133,16.347077464788732,2010-12-02 11:57:00,2011-11-29 13:49:00,United Kingdom,1
14393,67.95,1,13,13.59,2011-05-05 18:16:00,2011-05-05 18:16:00,United Kingdom,0
14395,3479.91,9,1689,9.999741379310345,2010-12-02 18:15:00,2011-12-07 14:34:00,United Kingdom,1
14396,487.99,2,225,6.684794520547945,2010-12-03 15:19:00,2011-10-05 16:09:00,United Kingdom,1
14397,2612.96,19,1890,30.034022988505747,2011-05-10 12:25:00,2011-12-07 09:22:00,United Kingdom,1
14400,574.7,1,454,22.988000000000003,2011-07-13 15:50:00,2011-07-13 15:50:00,United Kingdom,0
14401,4051.48,13,4507,22.26087912087912,2010-12-15 09:07:00,2011-12-05 13:30:00,United Kingdom,1
14403,1475.81,4,519,73.7905,2011-04-06 14:23:00,2011-08-01 12:57:00,United Kingdom,1
14404,1449.32,6,827,14.4932,2010-12-05 16:00:00,2011-11-06 12:30:00,United Kingdom,1
14406,156.75,1,77,19.59375,2011-08-12 16:54:00,2011-08-12 16:54:00,United Kingdom,0
14407,2157.73,6,1415,29.557945205479452,2011-03-08 11:59:00,2011-08-24 14:02:00,United Kingdom,1
14408,2599.03,7,1610,24.519150943396227,2011-03-20 14:41:00,2011-11-29 11:41:00,United Kingdom,1
14409,2059.4500000000003,6,1230,38.137962962962966,2010-12-06 15:03:00,2011-09-29 18:18:00,United Kingdom,1
14410,1100.27,9,569,5.790894736842105,2011-02-07 09:36:00,2011-09-08 15:08:00,United Kingdom,1
14411,1063.0,1,196,75.92857142857143,2011-02-02 10:56:00,2011-02-02 10:56:00,United Kingdom,0
14412,770.03,2,786,17.90767441860465,2011-09-28 08:48:00,2011-10-28 10:45:00,United Kingdom,1
14413,121.05,1,67,5.502272727272727,2010-12-12 13:37:00,2010-12-12 13:37:00,United Kingdom,0
14414,1496.98,7,2512,15.432783505154639,2010-12-16 11:11:00,2011-09-09 12:09:00,United Kingdom,1
14415,5855.57,13,2996,10.113246977547496,2010-12-14 13:31:00,2011-12-08 14:38:00,United Kingdom,1
14416,490.22,2,326,35.01571428571429,2011-10-28 15:10:00,2011-11-17 15:22:00,United Kingdom,1
14418,1937.25,3,1711,15.622983870967742,2011-08-23 17:18:00,2011-12-06 11:39:00,United Kingdom,1
14419,1051.79,6,483,5.206881188118811,2010-12-10 10:56:00,2011-11-29 11:22:00,United Kingdom,1
14420,387.52,1,334,13.362758620689654,2011-09-01 18:07:00,2011-09-01 18:07:00,United Kingdom,0
14421,813.11,2,365,30.115185185185187,2011-05-12 10:49:00,2011-10-13 13:24:00,United Kingdom,1
14422,4263.64,6,2906,19.205585585585588,2011-03-17 17:26:00,2011-12-09 11:26:00,United Kingdom,1
14423,265.2,1,120,88.39999999999999,2011-05-05 15:12:00,2011-05-05 15:12:00,United Kingdom,0
14424,322.08,1,48,322.08,2011-11-22 11:48:00,2011-11-22 11:48:00,United Kingdom,0
14426,4481.67,10,2699,20.007455357142856,2011-01-31 09:51:00,2011-11-16 12:25:00,United Kingdom,1
14427,363.34000000000003,2,228,21.37294117647059,2011-10-07 09:10:00,2011-10-20 14:23:00,United Kingdom,1
14428,1224.06,5,428,8.934744525547444,2011-01-18 16:39:00,2011-12-02 13:17:00,United Kingdom,1
14431,470.36,1,130,27.668235294117647,2011-02-10 10:40:00,2011-02-10 10:40:00,United Kingdom,0
14432,2248.5,6,2013,5.964190981432361,2011-09-11 14:09:00,2011-11-30 08:04:00,United Kingdom,1
14434,1372.8,6,368,114.39999999999999,2011-09-28 15:31:00,2011-11-18 08:56:00,United Kingdom,1
14436,89.06,1,129,9.895555555555555,2011-09-02 10:13:00,2011-09-02 10:13:00,United Kingdom,0
14437,63.0,1,60,12.6,2010-12-09 09:27:00,2010-12-09 09:27:00,United Kingdom,0
14438,131.9,1,82,14.655555555555557,2011-02-06 14:56:00,2011-02-06 14:56:00,United Kingdom,0
14439,2661.24,1,526,83.16375,2011-01-24 11:39:00,2011-01-24 11:39:00,Greece,0
14440,2357.6800000000003,5,588,42.8669090909091,2010-12-09 12:49:00,2011-12-01 15:42:00,United Kingdom,1
14441,1712.89,4,446,33.58607843137255,2011-03-29 12:01:00,2011-12-09 09:07:00,United Kingdom,1
14442,1589.82,2,482,25.235238095238095,2011-01-27 09:33:00,2011-05-19 11:36:00,Channel Islands,1
14443,1420.2,4,938,15.270967741935484,2010-12-06 11:03:00,2011-10-17 10:10:00,United Kingdom,1
14446,1010.35,4,916,3.6474729241877255,2011-04-07 12:10:00,2011-12-09 11:34:00,United Kingdom,1
14447,1163.23,5,571,16.617571428571427,2011-03-04 10:49:00,2011-11-21 08:28:00,United Kingdom,1
14448,375.35,2,104,18.767500000000002,2010-12-10 17:26:00,2011-11-30 13:50:00,United Kingdom,1
14449,885.8,4,741,3.5431999999999997,2010-12-02 14:09:00,2011-11-21 12:06:00,United Kingdom,1
14450,483.25,3,241,12.08125,2011-01-23 11:53:00,2011-06-12 10:46:00,United Kingdom,1
14451,643.9,2,378,6.132380952380952,2011-05-29 12:35:00,2011-10-10 13:38:00,United Kingdom,1
14452,259.05,2,116,4.3175,2011-09-07 11:32:00,2011-11-29 12:06:00,United Kingdom,1
14453,119.93,1,49,5.451363636363637,2011-06-02 14:15:00,2011-06-02 14:15:00,United Kingdom,0
14456,3017.28,9,2885,3.1861457233368533,2011-07-20 13:06:00,2011-12-04 13:59:00,United Kingdom,1
14457,113.64,1,88,28.41,2011-02-02 09:39:00,2011-02-02 09:39:00,United Kingdom,0
14459,1837.92,1,760,49.67351351351351,2011-07-07 13:35:00,2011-07-07 13:35:00,United Kingdom,0
14460,434.34,3,881,27.14625,2011-02-02 11:55:00,2011-08-21 14:19:00,United Kingdom,1
14461,2103.06,3,766,11.683666666666666,2011-03-23 12:15:00,2011-07-14 17:11:00,United Kingdom,1
14462,1980.57,11,956,8.500300429184549,2011-01-04 12:45:00,2011-10-04 15:55:00,United Kingdom,1
14463,529.62,3,179,88.27,2011-05-18 14:42:00,2011-09-02 15:20:00,United Kingdom,1
14465,1038.44,3,398,8.44260162601626,2011-02-10 12:13:00,2011-04-07 12:38:00,United Kingdom,1
14466,2272.4,7,1006,31.561111111111114,2010-12-02 13:36:00,2011-11-10 14:07:00,United Kingdom,1
14467,596.26,4,276,6.699550561797753,2011-01-31 12:35:00,2011-11-22 12:48:00,United Kingdom,1
14470,461.19,2,193,10.725348837209303,2011-02-25 11:56:00,2011-11-28 10:31:00,United Kingdom,1
14472,1852.67,8,1135,6.991207547169812,2010-12-19 14:03:00,2011-08-28 11:01:00,United Kingdom,1
14473,234.34000000000003,2,88,33.47714285714286,2011-03-02 13:56:00,2011-09-26 15:10:00,United Kingdom,1
14474,547.66,1,140,18.884827586206896,2011-10-24 13:26:00,2011-10-24 13:26:00,United Kingdom,0
14475,925.85,3,447,22.04404761904762,2011-02-08 10:12:00,2011-09-29 10:46:00,United Kingdom,1
14476,193.0,1,110,11.352941176470589,2011-03-27 15:39:00,2011-03-27 15:39:00,United Kingdom,0
14477,1309.6,4,720,130.95999999999998,2011-02-15 15:44:00,2011-11-20 11:11:00,United Kingdom,1
14479,316.25,2,117,17.569444444444443,2010-12-09 12:59:00,2011-03-31 09:07:00,United Kingdom,1
14480,279.05,1,143,21.465384615384615,2011-11-28 16:35:00,2011-11-28 16:35:00,United Kingdom,0
14481,636.51,2,489,21.217,2011-02-25 13:53:00,2011-06-28 10:38:00,United Kingdom,1
14482,2022.81,6,1627,14.765036496350364,2011-04-14 16:41:00,2011-11-21 13:14:00,United Kingdom,1
14483,137.1,1,97,15.233333333333333,2011-03-03 10:26:00,2011-03-03 10:26:00,United Kingdom,0
14484,321.92,1,210,22.994285714285716,2011-10-20 14:11:00,2011-10-20 14:11:00,United Kingdom,0
14485,162.8,1,70,3.539130434782609,2011-11-01 12:25:00,2011-11-01 12:25:00,United Kingdom,0
14487,1165.48,6,712,8.324857142857143,2010-12-06 13:22:00,2011-11-13 12:17:00,United Kingdom,1
14488,1064.28,1,799,23.136521739130433,2011-10-03 09:30:00,2011-10-03 09:30:00,United Kingdom,0
14489,463.38,1,299,15.446,2011-05-16 14:51:00,2011-05-16 14:51:00,United Kingdom,0
14491,340.93,2,139,20.05470588235294,2010-12-02 12:10:00,2011-06-17 15:22:00,United Kingdom,1
14493,2383.2400000000002,5,1285,19.860333333333337,2011-07-07 16:59:00,2011-12-02 16:14:00,United Kingdom,1
14494,139.56,1,92,19.937142857142856,2011-11-14 09:21:00,2011-11-14 09:21:00,United Kingdom,0
14495,123.8,2,62,20.633333333333333,2011-08-10 14:13:00,2011-10-20 12:28:00,United Kingdom,1
14496,538.8100000000001,2,159,28.35842105263158,2010-12-01 15:35:00,2011-02-01 09:01:00,United Kingdom,1
14497,475.37,1,235,16.392068965517243,2011-02-03 17:01:00,2011-02-03 17:01:00,United Kingdom,0
14498,1957.32,5,1098,10.141554404145078,2010-12-13 11:29:00,2011-10-28 12:09:00,United Kingdom,1
14499,808.44,3,496,4.254947368421053,2011-03-06 11:55:00,2011-11-13 13:01:00,United Kingdom,1
14500,356.85,3,117,50.978571428571435,2011-06-03 10:08:00,2011-09-12 16:45:00,United Kingdom,1
14501,251.21,2,161,25.121000000000002,2011-01-24 10:43:00,2011-06-09 12:02:00,United Kingdom,1
14502,2429.83,11,1480,3.9964309210526316,2011-01-30 15:52:00,2011-11-20 11:50:00,United Kingdom,1
14503,3543.26,6,2004,21.605243902439025,2011-06-14 10:00:00,2011-12-06 13:30:00,United Kingdom,1
14504,673.26,4,308,6.2921495327102805,2011-03-06 14:38:00,2011-10-23 16:00:00,United Kingdom,1
14505,5859.43,8,2739,7.464242038216561,2010-12-12 16:14:00,2011-11-22 15:45:00,United Kingdom,1
14506,1960.65,5,704,6.6462711864406785,2010-12-05 14:25:00,2011-11-22 13:02:00,United Kingdom,1
14507,1367.88,6,594,14.398736842105265,2011-03-08 17:23:00,2011-11-16 12:21:00,United Kingdom,1
14508,268.05,2,129,4.873636363636364,2011-09-11 11:29:00,2011-11-17 19:48:00,United Kingdom,1
14511,1314.81,5,784,19.33544117647059,2011-07-29 12:13:00,2011-11-28 17:05:00,United Kingdom,1
14512,275.28,2,122,11.968695652173912,2011-04-21 19:05:00,2011-06-05 12:39:00,United Kingdom,1
14513,455.59000000000003,3,361,37.965833333333336,2011-02-24 09:36:00,2011-08-31 11:25:00,United Kingdom,1
14514,990.2,3,564,14.35072463768116,2011-01-12 15:22:00,2011-10-09 16:05:00,United Kingdom,1
14515,2076.89,6,1110,21.192755102040817,2011-05-05 12:13:00,2011-11-22 11:37:00,United Kingdom,1
14517,330.45,2,91,18.358333333333334,2011-07-21 11:42:00,2011-11-06 14:20:00,United Kingdom,1
14518,174.37,1,278,10.898125,2011-10-06 14:43:00,2011-10-06 14:43:00,United Kingdom,0
14520,270.6,2,146,67.65,2011-02-22 09:15:00,2011-12-08 09:46:00,United Kingdom,1
14522,974.54,4,525,57.32588235294117,2011-05-25 16:01:00,2011-11-15 13:24:00,United Kingdom,1
14523,241.09,1,251,20.090833333333332,2011-08-23 13:13:00,2011-08-23 13:13:00,United Kingdom,0
14524,1843.83,9,669,9.359543147208122,2010-12-14 11:01:00,2011-11-08 12:29:00,United Kingdom,1
14525,4215.9,9,2637,14.95,2010-12-13 17:40:00,2011-11-20 11:37:00,United Kingdom,1
14527,8507.13,55,2088,8.761204943357363,2010-12-05 13:17:00,2011-12-07 12:19:00,United Kingdom,1
14528,364.21999999999997,1,278,20.234444444444442,2011-11-02 17:09:00,2011-11-02 17:09:00,United Kingdom,0
14529,578.61,3,325,2.7164788732394367,2011-08-21 14:10:00,2011-10-10 15:27:00,United Kingdom,1
14530,2862.11,6,1395,13.437136150234743,2011-02-16 10:47:00,2011-11-14 10:38:00,United Kingdom,1
14532,932.85,4,284,14.57578125,2010-12-22 13:48:00,2011-04-17 13:05:00,United Kingdom,1
14533,1949.72,7,4019,31.44709677419355,2010-12-22 11:07:00,2011-11-15 12:05:00,United Kingdom,1
14534,4397.3,18,2027,8.656102362204726,2011-01-25 12:33:00,2011-12-07 12:19:00,United Kingdom,1
14535,2854.84,3,1824,8.70378048780488,2011-04-05 12:50:00,2011-10-10 15:39:00,United Kingdom,1
14536,170.95,1,39,9.497222222222222,2011-03-25 12:21:00,2011-03-25 12:21:00,United Kingdom,0
14537,355.56,1,120,35.556,2011-10-13 10:54:00,2011-10-13 10:54:00,United Kingdom,0
14538,388.25,2,155,20.43421052631579,2011-03-28 14:57:00,2011-10-06 10:31:00,United Kingdom,1
14539,537.48,2,428,16.79625,2011-10-26 12:03:00,2011-11-24 09:50:00,United Kingdom,1
14540,952.66,3,411,13.417746478873239,2011-02-03 15:02:00,2011-11-30 10:15:00,United Kingdom,1
14541,1453.35,8,641,13.84142857142857,2011-01-24 14:16:00,2011-10-12 10:08:00,United Kingdom,1
14542,103.25,1,19,20.65,2011-06-07 08:19:00,2011-06-07 08:19:00,United Kingdom,0
14543,3599.73,16,675,50.70042253521127,2010-12-10 11:51:00,2011-11-11 12:45:00,United Kingdom,1
14544,2004.3,2,1536,18.056756756756755,2010-12-13 12:50:00,2011-11-15 15:06:00,United Kingdom,1
14546,2573.93,5,1313,6.48345088161209,2011-04-05 12:37:00,2011-12-04 13:00:00,United Kingdom,1
14547,3974.75,8,2639,11.196478873239437,2011-10-16 14:35:00,2011-12-06 11:06:00,United Kingdom,1
14548,652.8,2,256,163.2,2011-01-26 08:38:00,2011-07-12 12:19:00,United Kingdom,1
14549,289.24,1,136,5.165,2011-02-01 13:47:00,2011-02-01 13:47:00,United Kingdom,0
14550,757.37,2,389,16.114255319148935,2011-10-26 12:14:00,2011-11-29 12:12:00,United Kingdom,1
14551,186.23,2,106,18.622999999999998,2011-05-19 18:21:00,2011-11-21 13:36:00,United Kingdom,1
14552,164.22,1,90,2.8810526315789473,2011-07-11 12:49:00,2011-07-11 12:49:00,United Kingdom,0
14553,859.27,5,493,7.604159292035398,2011-01-04 15:40:00,2011-11-20 13:20:00,United Kingdom,1
14554,2279.4900000000002,4,1443,11.229014778325125,2011-10-18 13:04:00,2011-11-29 16:44:00,United Kingdom,1
14555,312.54,2,122,16.449473684210528,2011-02-10 17:19:00,2011-10-13 16:24:00,United Kingdom,1
14557,788.38,1,510,49.27375,2011-09-15 15:48:00,2011-09-15 15:48:00,United Kingdom,0
14560,2237.77,22,1260,30.240135135135134,2010-12-17 09:22:00,2011-12-02 15:22:00,United Kingdom,1
14561,1080.76,3,1014,15.6631884057971,2011-06-08 13:26:00,2011-09-25 12:39:00,United Kingdom,1
14562,5006.77,18,1815,11.949331742243437,2011-02-08 14:45:00,2011-12-06 11:05:00,United Kingdom,1
14565,3099.12,4,1540,24.40251968503937,2010-12-13 13:25:00,2011-09-05 09:07:00,United Kingdom,1
14566,1432.0,1,800,358.0,2011-08-21 11:05:00,2011-08-21 11:05:00,Channel Islands,0
14567,1530.3600000000001,2,412,46.374545454545455,2011-08-01 13:48:00,2011-10-14 10:21:00,United Kingdom,1
14569,227.39,1,79,18.949166666666667,2011-12-08 14:58:00,2011-12-08 14:58:00,United Kingdom,0
14570,218.06,2,95,7.519310344827586,2011-03-04 10:39:00,2011-03-04 10:58:00,United Kingdom,1
14572,2804.54,7,1420,10.704351145038167,2011-01-19 17:23:00,2011-12-06 14:40:00,United Kingdom,1
14573,1639.82,9,534,7.223876651982379,2010-12-02 19:59:00,2011-06-13 11:15:00,United Kingdom,1
14576,35.400000000000006,1,12,35.400000000000006,2010-12-02 17:51:00,2010-12-02 17:51:00,United Kingdom,0
14577,859.71,4,353,6.989512195121952,2010-12-12 11:26:00,2011-11-27 12:47:00,United Kingdom,1
14578,168.63,1,240,7.02625,2011-12-06 17:18:00,2011-12-06 17:18:00,United Kingdom,0
14581,138.6,1,217,8.152941176470588,2011-11-23 12:39:00,2011-11-23 12:39:00,United Kingdom,0
14582,114.11,1,73,19.018333333333334,2011-10-30 11:56:00,2011-10-30 11:56:00,United Kingdom,0
14583,986.96,5,751,3.2680794701986757,2011-05-18 11:28:00,2011-12-04 12:32:00,United Kingdom,1
14584,1033.06,4,381,10.54142857142857,2011-05-25 17:31:00,2011-06-23 18:33:00,United Kingdom,1
14585,157.05,1,91,5.415517241379311,2011-10-20 14:33:00,2011-10-20 14:33:00,United Kingdom,0
14586,237.36,1,444,12.49263157894737,2011-03-08 10:04:00,2011-03-08 10:04:00,United Kingdom,0
14587,1580.29,9,749,4.259541778975741,2011-01-12 13:16:00,2011-11-21 11:34:00,United Kingdom,1
14589,39.75,1,5,13.25,2010-12-03 11:42:00,2010-12-03 11:42:00,United Kingdom,0
14591,1320.21,4,1228,7.501193181818182,2011-05-10 14:09:00,2011-11-24 13:57:00,United Kingdom,1
14592,557.94,3,407,3.5312658227848104,2011-10-06 18:08:00,2011-11-04 16:35:00,United Kingdom,1
14593,617.15,3,330,4.087086092715231,2011-05-25 11:14:00,2011-11-18 12:48:00,United Kingdom,1
14594,363.33,2,183,6.987115384615384,2010-12-01 13:54:00,2011-12-02 13:28:00,United Kingdom,1
14595,1740.6,6,978,17.06470588235294,2011-01-30 13:36:00,2011-11-20 12:12:00,United Kingdom,1
14597,866.24,2,566,18.430638297872342,2011-06-01 12:33:00,2011-11-28 13:13:00,United Kingdom,1
14598,221.97,1,189,4.4394,2011-10-26 13:19:00,2011-10-26 13:19:00,United Kingdom,0
14600,393.33000000000004,1,125,15.733200000000002,2011-02-07 09:48:00,2011-02-07 09:48:00,United Kingdom,0
14601,213.96,1,168,30.565714285714286,2011-11-29 09:48:00,2011-11-29 09:48:00,United Kingdom,0
14603,660.0,1,400,330.0,2011-03-10 10:27:00,2011-03-10 10:27:00,United Kingdom,0
14606,12076.15,93,6187,4.511075831154277,2010-12-01 16:57:00,2011-12-08 19:28:00,United Kingdom,1
14607,16209.5,14,11526,200.1172839506173,2011-03-23 15:22:00,2011-11-24 10:35:00,United Kingdom,1
14608,1785.15,4,437,89.25750000000001,2010-12-12 14:49:00,2011-12-05 16:52:00,United Kingdom,1
14609,601.56,4,7026,150.39,2011-02-16 12:10:00,2011-09-28 12:54:00,United Kingdom,1
14616,406.08000000000004,3,104,135.36,2011-01-26 12:42:00,2011-04-11 09:54:00,United Kingdom,1
14618,553.44,3,264,34.59,2011-01-06 11:59:00,2011-11-30 13:45:00,United Kingdom,1
14619,394.44,1,152,19.722,2011-04-08 07:37:00,2011-04-08 07:37:00,United Kingdom,0
14620,412.78000000000003,2,214,15.876153846153848,2011-03-01 08:30:00,2011-05-18 11:58:00,United Kingdom,1
14621,1788.3600000000001,5,993,19.438695652173916,2010-12-16 13:00:00,2011-12-08 16:22:00,United Kingdom,1
14622,320.58000000000004,1,146,15.265714285714287,2011-06-08 12:42:00,2011-06-08 12:42:00,United Kingdom,0
14623,886.7,5,418,6.666917293233083,2011-04-18 13:54:00,2011-11-07 13:56:00,United Kingdom,1
14624,225.85,2,162,17.373076923076923,2011-10-11 14:39:00,2011-10-13 13:44:00,United Kingdom,1
14625,899.63,2,335,16.974150943396225,2010-12-13 15:36:00,2011-05-27 15:32:00,United Kingdom,1
14626,2791.27,4,1403,22.87926229508197,2011-04-20 13:18:00,2011-11-16 10:37:00,United Kingdom,1
14628,671.96,2,272,27.998333333333335,2011-04-11 14:43:00,2011-09-09 14:58:00,United Kingdom,1
14629,955.26,2,378,6.3684,2011-10-23 16:13:00,2011-12-05 16:55:00,United Kingdom,1
14631,1006.98,3,622,24.56048780487805,2011-02-14 09:31:00,2011-10-20 11:17:00,United Kingdom,1
14632,114.56,1,96,14.32,2011-03-22 08:49:00,2011-03-22 08:49:00,United Kingdom,0
14633,344.90000000000003,1,96,17.245,2011-03-18 17:07:00,2011-03-18 17:07:00,United Kingdom,0
14636,609.85,2,241,21.780357142857145,2011-03-16 09:52:00,2011-11-03 16:12:00,United Kingdom,1
14638,443.6,1,166,27.725,2011-10-20 10:10:00,2011-10-20 10:10:00,United Kingdom,0
14639,2984.49,6,1431,17.351686046511627,2010-12-13 13:50:00,2011-10-18 15:06:00,United Kingdom,1
14640,2107.38,6,880,20.070285714285717,2011-04-26 12:31:00,2011-11-15 13:07:00,United Kingdom,1
14641,110.46,1,90,15.78,2011-11-18 10:42:00,2011-11-18 10:42:00,United Kingdom,0
14642,96.12,1,76,48.06,2011-10-12 11:08:00,2011-10-12 11:08:00,United Kingdom,0
14643,693.8100000000001,2,815,22.380967741935486,2010-12-16 17:53:00,2011-06-22 14:41:00,United Kingdom,1
14644,830.76,2,258,31.95230769230769,2011-02-14 14:14:00,2011-10-03 08:30:00,United Kingdom,1
14645,597.09,2,381,19.903000000000002,2011-03-09 09:52:00,2011-07-06 09:15:00,United Kingdom,1
14646,280206.02,74,197491,134.7144326923077,2010-12-20 10:09:00,2011-12-08 12:12:00,Netherlands,1
14647,236.04000000000002,1,91,8.430000000000001,2011-05-22 13:40:00,2011-05-22 13:40:00,United Kingdom,0
14649,1402.59,4,1004,7.5408064516129025,2011-05-11 14:37:00,2011-12-05 12:30:00,United Kingdom,1
14651,653.75,2,343,6.4727722772277225,2011-05-12 16:29:00,2011-10-03 15:52:00,United Kingdom,1
14652,114.18,1,53,3.937241379310345,2011-09-23 14:21:00,2011-09-23 14:21:00,United Kingdom,0
14653,1926.65,7,945,8.233547008547008,2011-01-05 13:40:00,2011-12-08 13:45:00,United Kingdom,1
14655,1932.23,4,1089,39.43326530612245,2011-05-01 14:59:00,2011-12-01 16:28:00,United Kingdom,1
14656,291.05,2,120,3.638125,2011-03-01 13:19:00,2011-06-23 13:51:00,United Kingdom,1
14657,848.22,4,466,6.7319047619047625,2011-01-17 15:19:00,2011-11-22 12:47:00,United Kingdom,1
14658,247.15,2,47,8.522413793103448,2011-08-14 15:42:00,2011-12-04 15:35:00,United Kingdom,1
14659,2529.93,9,1195,9.999723320158102,2011-01-28 12:43:00,2011-12-01 12:17:00,United Kingdom,1
14660,285.74,2,228,9.524666666666667,2011-08-31 10:40:00,2011-09-14 11:34:00,United Kingdom,1
14661,107.95,1,35,26.9875,2011-11-13 11:51:00,2011-11-13 11:51:00,United Kingdom,0
14662,741.37,4,578,4.722101910828026,2011-01-27 17:41:00,2011-11-11 12:13:00,United Kingdom,1
14664,636.24,2,465,6.492244897959184,2011-11-06 14:56:00,2011-11-20 10:59:00,United Kingdom,1
14665,1835.7,5,740,20.39666666666667,2011-02-02 09:08:00,2011-10-10 09:14:00,United Kingdom,1
14666,195.25,1,161,13.946428571428571,2011-11-15 12:57:00,2011-11-15 12:57:00,United Kingdom,0
14667,9175.04,25,5319,16.18172839506173,2010-12-06 13:13:00,2011-11-29 11:30:00,United Kingdom,1
14669,1259.24,3,770,7.58578313253012,2011-01-11 12:30:00,2011-04-12 11:43:00,United Kingdom,1
14670,392.86,2,326,3.1939837398373987,2011-03-04 13:58:00,2011-03-04 14:13:00,United Kingdom,1
14672,765.55,2,454,12.549999999999999,2011-01-07 15:48:00,2011-04-19 10:19:00,United Kingdom,1
14673,1736.4,5,1004,23.464864864864865,2010-12-07 12:49:00,2011-12-06 14:31:00,United Kingdom,1
14675,596.36,1,336,6.148041237113402,2011-11-23 12:58:00,2011-11-23 12:58:00,United Kingdom,0
14676,2548.2400000000002,6,2500,60.672380952380955,2011-03-01 14:26:00,2011-11-08 13:29:00,United Kingdom,1
14680,28754.11,16,13476,111.45003875968993,2010-12-03 12:05:00,2011-11-14 16:59:00,United Kingdom,1
14681,498.95,3,76,71.27857142857142,2011-05-12 10:45:00,2011-09-29 15:52:00,United Kingdom,1
14682,52.0,2,80,26.0,2011-05-22 12:51:00,2011-06-05 12:12:00,United Kingdom,1
14684,1201.51,5,821,3.080794871794872,2010-12-12 12:44:00,2011-11-14 11:33:00,United Kingdom,1
14687,628.38,1,470,41.892,2011-08-25 11:59:00,2011-08-25 11:59:00,United Kingdom,0
14688,5579.1,21,3584,17.219444444444445,2010-12-01 09:37:00,2011-12-02 12:26:00,United Kingdom,1
14689,112.8,1,76,8.676923076923076,2011-05-15 11:22:00,2011-05-15 11:22:00,United Kingdom,0
14690,355.05,2,167,7.3968750000000005,2011-07-11 11:58:00,2011-10-26 15:39:00,United Kingdom,1
14691,2114.33,5,707,29.779295774647885,2011-05-11 09:55:00,2011-11-09 12:30:00,United Kingdom,1
14692,591.55,4,265,8.699264705882353,2011-01-21 13:47:00,2011-07-25 15:08:00,United Kingdom,1
14693,172.9,1,34,21.6125,2011-03-20 12:50:00,2011-03-20 12:50:00,United Kingdom,0
14696,2078.95,7,1630,15.991923076923076,2010-12-01 15:37:00,2011-12-05 13:43:00,United Kingdom,1
14697,188.60999999999999,2,181,8.573181818181817,2011-05-05 15:29:00,2011-05-05 15:39:00,United Kingdom,1
14698,1217.27,5,602,6.0863499999999995,2011-10-19 12:54:00,2011-12-08 12:26:00,United Kingdom,1
14699,109.13000000000001,1,77,13.641250000000001,2011-05-09 14:54:00,2011-05-09 14:54:00,United Kingdom,0
14700,2195.1,3,1314,19.599107142857143,2011-04-15 13:16:00,2011-11-07 14:40:00,United Kingdom,1
14701,2526.09,9,921,7.725045871559633,2011-01-27 12:40:00,2011-11-29 12:38:00,United Kingdom,1
14702,3251.79,17,1439,9.508157894736842,2010-12-09 19:23:00,2011-12-08 19:29:00,United Kingdom,1
14703,318.17,1,183,14.462272727272728,2011-11-25 09:23:00,2011-11-25 09:23:00,United Kingdom,0
14704,1493.96,9,1043,3.8014249363867685,2011-06-12 13:59:00,2011-11-28 12:51:00,United Kingdom,1
14705,179.0,1,100,179.0,2011-05-25 12:39:00,2011-05-25 12:39:00,United Kingdom,0
14708,1126.37,3,621,40.2275,2010-12-06 12:23:00,2011-12-07 08:21:00,United Kingdom,1
14709,4921.04,13,2484,25.10734693877551,2010-12-16 13:43:00,2011-11-24 15:41:00,United Kingdom,1
14710,599.48,4,375,4.4079411764705885,2011-10-11 13:49:00,2011-11-25 14:53:00,United Kingdom,1
14711,2839.62,11,966,8.230782608695652,2011-03-22 13:32:00,2011-11-29 14:58:00,United Kingdom,1
14712,917.07,3,315,36.6828,2011-08-19 13:33:00,2011-11-10 12:59:00,United Kingdom,1
14713,2662.2,11,1613,7.876331360946745,2010-12-09 18:58:00,2011-11-30 16:26:00,United Kingdom,1
14714,160.19,1,229,16.019,2011-11-15 13:07:00,2011-11-15 13:07:00,United Kingdom,0
14715,867.38,4,521,12.21661971830986,2011-01-12 13:27:00,2011-11-15 12:10:00,United Kingdom,1
14716,307.51,2,495,6.029607843137255,2011-07-14 12:42:00,2011-10-27 17:29:00,United Kingdom,1
14719,1581.84,5,1025,6.731234042553191,2011-04-04 14:17:00,2011-12-08 12:43:00,United Kingdom,1
14720,663.81,3,219,17.94081081081081,2011-08-05 12:06:00,2011-12-04 12:02:00,United Kingdom,1
14722,180.42000000000002,1,118,6.443571428571429,2011-07-15 14:58:00,2011-07-15 14:58:00,United Kingdom,0
14723,1122.3600000000001,6,673,4.333436293436294,2010-12-03 14:18:00,2011-11-29 15:23:00,United Kingdom,1
14725,655.58,1,588,13.948510638297874,2011-11-15 12:42:00,2011-11-15 12:42:00,United Kingdom,0
14727,268.58,1,62,26.857999999999997,2011-03-10 14:45:00,2011-03-10 14:45:00,United Kingdom,0
14729,313.49,1,197,4.415352112676056,2010-12-01 12:43:00,2010-12-01 12:43:00,United Kingdom,0
14730,1897.57,8,1078,4.107294372294372,2011-03-08 12:49:00,2011-12-08 14:39:00,United Kingdom,1
14731,380.02,3,256,8.444888888888888,2011-05-11 13:06:00,2011-10-23 15:54:00,United Kingdom,1
14732,2702.4900000000002,8,1405,18.384285714285717,2011-01-04 14:40:00,2011-12-01 14:34:00,United Kingdom,1
14733,9585.91,12,3764,47.455,2010-12-07 11:30:00,2011-11-23 15:39:00,United Kingdom,1
14735,6065.69,32,2264,31.26644329896907,2010-12-16 16:05:00,2011-12-06 12:09:00,United Kingdom,1
14737,1164.55,3,345,68.50294117647059,2010-12-21 13:49:00,2011-12-06 10:16:00,United Kingdom,1
14738,1314.45,7,601,24.34166666666667,2011-01-27 14:10:00,2011-10-28 08:56:00,United Kingdom,1
14739,3902.28,7,3820,65.038,2010-12-07 14:58:00,2011-12-05 16:54:00,United Kingdom,1
14740,1448.21,3,735,16.272022471910113,2011-03-01 08:35:00,2011-05-26 18:17:00,United Kingdom,1
14741,1400.34,6,841,23.73457627118644,2010-12-02 08:43:00,2011-11-28 08:48:00,United Kingdom,1
14744,1099.98,7,627,42.30692307692308,2010-12-08 10:21:00,2011-11-23 12:51:00,United Kingdom,1
14745,1220.26,5,1038,17.684927536231886,2011-02-27 15:25:00,2011-08-19 10:05:00,United Kingdom,1
14747,328.2,1,84,18.233333333333334,2011-04-04 14:09:00,2011-04-04 14:09:00,United Kingdom,0
14748,1415.75,5,1223,15.907303370786517,2010-12-06 10:19:00,2011-11-10 18:33:00,United Kingdom,1
14752,389.64,1,260,77.928,2011-10-27 11:55:00,2011-10-27 11:55:00,United Kingdom,0
14753,563.15,1,211,18.771666666666665,2011-09-13 14:50:00,2011-09-13 14:50:00,United Kingdom,0
14754,638.05,2,486,15.562195121951218,2011-02-17 12:21:00,2011-10-26 12:01:00,United Kingdom,1
14755,5010.28,11,2219,21.320340425531914,2011-01-09 14:02:00,2011-11-30 11:24:00,United Kingdom,1
14756,738.96,1,416,19.446315789473687,2011-11-24 18:13:00,2011-11-24 18:13:00,United Kingdom,0
14757,420.5,1,160,22.13157894736842,2011-09-25 14:36:00,2011-09-25 14:36:00,United Kingdom,0
14758,1484.06,4,419,20.90225352112676,2011-03-25 12:10:00,2011-07-18 08:21:00,United Kingdom,1
14759,1625.97,3,569,15.940882352941177,2011-04-21 10:55:00,2011-12-05 12:03:00,United Kingdom,1
14760,89.2,1,40,17.84,2011-02-15 16:27:00,2011-02-15 16:27:00,United Kingdom,0
14761,255.9,2,118,23.263636363636365,2011-01-09 12:03:00,2011-10-12 12:10:00,United Kingdom,1
14762,300.52,1,341,14.310476190476189,2011-03-21 08:20:00,2011-03-21 08:20:00,United Kingdom,0
14764,278.3,1,190,46.38333333333333,2011-10-24 11:54:00,2011-10-24 11:54:00,United Kingdom,0
14765,254.11,3,135,6.515641025641026,2011-06-16 19:49:00,2011-11-10 19:53:00,United Kingdom,1
14766,2473.37,6,1349,18.321259259259257,2010-12-08 15:33:00,2011-12-01 16:05:00,United Kingdom,1
14768,192.60000000000002,2,52,38.52,2011-08-04 13:25:00,2011-11-22 12:54:00,United Kingdom,1
14769,10416.98,8,7239,9.808832391713747,2010-12-17 11:40:00,2011-12-07 10:24:00,United Kingdom,1
14770,876.42,2,490,16.854230769230767,2011-01-20 15:00:00,2011-04-21 14:21:00,United Kingdom,1
14772,139.26,1,82,15.473333333333333,2011-08-19 15:04:00,2011-08-19 15:04:00,United Kingdom,0
14775,1011.9,3,1174,16.865,2010-12-02 16:38:00,2011-10-12 15:27:00,United Kingdom,1
14776,2538.3,11,3134,21.694871794871798,2011-01-31 13:17:00,2011-10-19 15:34:00,United Kingdom,1
14778,730.86,2,306,20.881714285714285,2011-02-04 11:43:00,2011-08-04 15:23:00,United Kingdom,1
14779,386.15,3,84,9.418292682926829,2011-01-20 12:04:00,2011-03-04 12:42:00,United Kingdom,1
14780,447.68,2,310,16.58074074074074,2011-09-21 15:15:00,2011-10-16 12:46:00,United Kingdom,1
14782,200.10000000000002,1,114,33.35,2011-01-24 11:12:00,2011-01-24 11:12:00,United Kingdom,0
14784,289.99,2,237,19.332666666666668,2011-01-20 09:25:00,2011-11-13 13:30:00,United Kingdom,1
14785,77.4,2,84,25.8,2011-11-24 13:40:00,2011-11-29 13:21:00,United Kingdom,1
14788,679.4399999999999,2,421,22.648,2011-11-13 15:52:00,2011-12-02 17:06:00,United Kingdom,1
14789,197.64,1,116,32.94,2011-11-11 08:59:00,2011-11-11 08:59:00,United Kingdom,0
14790,745.06,4,699,16.19695652173913,2011-03-31 11:49:00,2011-11-23 09:28:00,United Kingdom,1
14792,6.2,1,2,3.1,2011-10-07 09:19:00,2011-10-07 09:19:00,United Kingdom,0
14793,228.99,1,91,16.356428571428573,2011-11-18 14:50:00,2011-11-18 14:50:00,United Kingdom,0
14794,1319.91,7,673,16.498875,2011-01-09 16:11:00,2011-12-07 10:11:00,United Kingdom,1
14795,131.45000000000002,1,17,21.908333333333335,2011-06-26 13:04:00,2011-06-26 13:04:00,United Kingdom,0
14796,7975.49,17,5995,7.045485865724381,2010-12-08 10:40:00,2011-12-08 15:31:00,United Kingdom,1
14798,173.74,3,150,14.478333333333333,2011-02-02 15:26:00,2011-10-18 10:58:00,United Kingdom,1
14799,157.7,1,146,12.13076923076923,2011-10-19 16:16:00,2011-10-19 16:16:00,United Kingdom,0
14800,4331.79,12,3644,11.310156657963446,2010-12-05 11:10:00,2011-10-23 12:46:00,United Kingdom,1
14801,189.34,1,173,3.3217543859649123,2011-10-09 15:24:00,2011-10-09 15:24:00,United Kingdom,0
14803,845.55,3,370,19.217045454545453,2011-02-20 13:21:00,2011-06-30 13:58:00,United Kingdom,1
14804,353.27,1,121,29.439166666666665,2011-12-01 11:20:00,2011-12-01 11:20:00,United Kingdom,0
14805,546.4,4,114,11.878260869565217,2011-01-30 10:43:00,2011-11-24 16:20:00,United Kingdom,1
14806,193.39000000000001,1,330,17.580909090909092,2011-09-25 15:32:00,2011-09-25 15:32:00,United Kingdom,0
14808,2718.6,8,2120,11.768831168831168,2011-06-20 12:53:00,2011-10-31 12:21:00,United Kingdom,1
14810,2085.33,11,1015,8.209960629921259,2010-12-05 12:08:00,2011-10-30 11:19:00,United Kingdom,1
14813,152.88,2,66,5.2717241379310344,2010-12-05 11:54:00,2010-12-05 11:57:00,United Kingdom,1
14815,778.5,2,744,14.68867924528302,2011-10-03 11:36:00,2011-11-03 11:36:00,United Kingdom,1
14816,271.85,1,5,67.9625,2011-05-26 13:16:00,2011-05-26 13:16:00,United Kingdom,0
14817,1110.34,2,655,17.624444444444443,2011-03-07 13:51:00,2011-05-23 13:35:00,United Kingdom,1
14818,657.8,3,324,13.704166666666666,2011-03-31 12:28:00,2011-09-27 11:01:00,United Kingdom,1
14819,272.07,2,109,20.928461538461537,2011-05-31 13:50:00,2011-10-06 13:41:00,United Kingdom,1
14820,507.29,4,253,17.492758620689656,2011-06-19 14:56:00,2011-11-18 15:41:00,United Kingdom,1
14821,48.800000000000004,1,20,24.400000000000002,2010-12-08 08:43:00,2010-12-08 08:43:00,United Kingdom,0
14823,321.43,3,88,4.591857142857143,2011-05-29 12:48:00,2011-06-12 13:12:00,United Kingdom,1
14824,1127.71,4,525,38.88655172413793,2011-09-09 14:12:00,2011-11-29 14:20:00,United Kingdom,1
14825,2221.01,12,989,18.50841666666667,2010-12-06 12:30:00,2011-12-06 11:38:00,United Kingdom,1
14828,2139.76,3,2172,125.86823529411765,2011-01-07 09:50:00,2011-05-27 10:16:00,United Kingdom,1
14829,697.55,4,452,16.60833333333333,2010-12-02 16:12:00,2011-11-10 16:16:00,United Kingdom,1
14830,188.88,1,164,4.843076923076923,2011-10-17 14:29:00,2011-10-17 14:29:00,United Kingdom,0
14834,1720.3,6,734,25.676119402985073,2011-04-13 15:00:00,2011-11-22 10:30:00,United Kingdom,1
14836,102.44999999999999,3,45,17.075,2011-11-09 13:26:00,2011-11-29 16:45:00,United Kingdom,1
14837,1649.5,4,1436,15.273148148148149,2011-05-22 12:49:00,2011-09-11 10:58:00,United Kingdom,1
14840,62.85,1,31,15.7125,2011-03-17 12:00:00,2011-03-17 12:00:00,United Kingdom,0
14841,3295.76,6,1778,23.88231884057971,2010-12-16 10:28:00,2011-10-17 15:03:00,United Kingdom,1
14842,2824.69,4,1166,19.480620689655172,2011-02-04 15:32:00,2011-10-27 12:37:00,United Kingdom,1
14844,3189.81,4,1833,24.537,2011-04-12 13:10:00,2011-10-07 10:41:00,United Kingdom,1
14847,309.4,1,120,23.799999999999997,2011-07-14 10:52:00,2011-07-14 10:52:00,United Kingdom,0
14849,7930.54,25,5694,20.439536082474227,2010-12-01 12:22:00,2011-11-18 10:58:00,United Kingdom,1
14850,325.75,1,293,15.511904761904763,2011-02-01 11:21:00,2011-02-01 11:21:00,United Kingdom,0
14851,511.35,2,325,18.2625,2011-03-28 14:59:00,2011-11-16 14:20:00,United Kingdom,1
14852,2836.69,6,1747,19.83699300699301,2011-04-01 13:22:00,2011-10-12 13:20:00,United Kingdom,1
14853,475.8,2,82,52.86666666666667,2011-05-12 15:17:00,2011-11-15 16:56:00,United Kingdom,1
14854,2740.03,7,1820,21.746269841269843,2011-03-10 12:22:00,2011-09-22 17:00:00,United Kingdom,1
14855,645.65,2,267,32.2825,2011-07-28 12:06:00,2011-08-12 14:02:00,United Kingdom,1
14856,1290.53,3,711,19.854307692307692,2011-10-14 09:35:00,2011-11-03 14:53:00,United Kingdom,1
14857,1173.12,2,464,19.552,2011-07-14 15:03:00,2011-10-11 09:23:00,United Kingdom,1
14859,1353.74,4,671,23.340344827586208,2011-05-19 14:42:00,2011-11-27 11:18:00,United Kingdom,1
14860,170.32,1,232,15.483636363636363,2011-11-20 14:17:00,2011-11-20 14:17:00,United Kingdom,0
14861,125.79,1,117,20.965,2011-10-18 12:54:00,2011-10-18 12:54:00,United Kingdom,0
14862,841.1999999999999,2,772,17.525,2011-07-14 11:20:00,2011-11-14 10:01:00,United Kingdom,1
14863,266.76,1,132,24.25090909090909,2011-11-10 15:04:00,2011-11-10 15:04:00,United Kingdom,0
14865,52.2,2,108,13.05,2010-12-02 18:23:00,2011-12-02 16:25:00,United Kingdom,1
14866,14389.9,12,6752,145.35252525252525,2010-12-08 14:58:00,2011-11-29 11:45:00,United Kingdom,1
14867,710.28,3,328,19.73,2011-01-07 16:34:00,2011-06-07 11:39:00,United Kingdom,1
14868,2953.59,8,1405,20.511041666666667,2011-04-20 13:36:00,2011-12-06 14:49:00,United Kingdom,1
14869,721.45,2,549,10.306428571428572,2011-08-28 16:09:00,2011-12-01 12:36:00,United Kingdom,1
14870,327.25,1,119,25.173076923076923,2011-03-23 10:51:00,2011-03-23 10:51:00,United Kingdom,0
14871,501.28000000000003,4,179,5.390107526881721,2010-12-14 12:18:00,2011-12-06 13:42:00,United Kingdom,1
14873,519.68,1,168,18.56,2011-05-13 13:52:00,2011-05-13 13:52:00,United Kingdom,0
14875,1465.3200000000002,2,558,31.17702127659575,2011-03-22 11:53:00,2011-08-24 12:20:00,United Kingdom,1
14878,1476.09,9,799,12.099098360655738,2010-12-16 12:11:00,2011-11-27 11:15:00,United Kingdom,1
14880,690.59,3,365,15.012826086956522,2011-02-24 12:27:00,2011-09-23 13:42:00,United Kingdom,1
14881,255.4,1,316,15.023529411764706,2011-11-20 11:06:00,2011-11-20 11:06:00,United Kingdom,0
14882,589.7,2,158,53.60909090909092,2011-11-06 10:15:00,2011-11-13 12:47:00,United Kingdom,1
14883,761.59,6,790,14.369622641509434,2011-05-12 09:49:00,2011-11-21 10:23:00,United Kingdom,1
14885,765.3199999999999,1,724,51.02133333333333,2011-07-31 12:05:00,2011-07-31 12:05:00,United Kingdom,0
14886,364.8,1,160,20.266666666666666,2011-04-01 08:56:00,2011-04-01 08:56:00,United Kingdom,0
14887,1862.0,1,1100,310.3333333333333,2011-09-21 15:32:00,2011-09-21 15:32:00,United Kingdom,0
14888,369.2,1,184,18.46,2011-05-16 14:58:00,2011-05-16 14:58:00,United Kingdom,0
14889,135.9,1,90,13.59,2011-01-07 15:19:00,2011-01-07 15:19:00,United Kingdom,0
14890,125.65,1,51,17.95,2011-03-31 11:57:00,2011-03-31 11:57:00,United Kingdom,0
14891,554.38,2,505,16.79939393939394,2011-06-05 10:58:00,2011-07-14 18:08:00,United Kingdom,1
14893,1237.8500000000001,2,799,16.956849315068496,2011-11-28 10:49:00,2011-11-30 12:31:00,United Kingdom,1
14894,655.75,1,265,28.51086956521739,2011-09-15 13:51:00,2011-09-15 13:51:00,United Kingdom,0
14895,11138.710000000001,20,4851,22.366887550200804,2011-02-22 13:08:00,2011-12-02 09:23:00,United Kingdom,1
14896,468.77000000000004,2,279,10.901627906976746,2010-12-09 12:24:00,2011-05-19 10:20:00,United Kingdom,1
14897,1366.38,4,468,24.84327272727273,2011-02-16 08:37:00,2011-12-02 10:32:00,United Kingdom,1
14898,1269.31,6,1001,11.645045871559633,2010-12-03 15:25:00,2011-11-16 14:54:00,United Kingdom,1
14901,1421.29,9,661,14.805104166666666,2010-12-02 11:20:00,2011-11-28 17:09:00,United Kingdom,1
14902,332.66,1,218,16.633000000000003,2011-11-14 10:34:00,2011-11-14 10:34:00,United Kingdom,0
14903,2795.33,5,1531,7.986657142857142,2011-03-06 11:50:00,2011-11-18 16:07:00,United Kingdom,1
14904,1025.44,2,1985,14.86144927536232,2011-11-14 09:13:00,2011-12-07 12:55:00,United Kingdom,1
14905,616.15,2,287,36.24411764705882,2011-04-20 10:48:00,2011-07-05 12:41:00,United Kingdom,1
14907,3501.1,7,1691,21.21878787878788,2010-12-07 10:14:00,2011-12-06 14:14:00,United Kingdom,1
14908,277.8,1,132,30.866666666666667,2011-09-26 12:56:00,2011-09-26 12:56:00,United Kingdom,0
14910,434.35,4,238,14.478333333333333,2011-10-16 11:06:00,2011-12-07 10:06:00,United Kingdom,1
14911,143711.17,201,80490,25.336948166431597,2010-12-01 14:05:00,2011-12-08 15:54:00,EIRE,1
14912,867.85,2,971,32.14259259259259,2011-04-07 11:06:00,2011-11-23 09:20:00,Italy,1
14913,1227.43,4,1743,14.108390804597702,2010-12-15 14:35:00,2011-11-04 08:29:00,United Kingdom,1
14915,307.48,2,112,25.623333333333335,2011-03-07 09:39:00,2011-09-09 13:34:00,United Kingdom,1
14916,1268.98,4,1136,16.48025974025974,2011-01-19 15:30:00,2011-09-30 09:20:00,United Kingdom,1
14918,1610.15,2,675,35.781111111111116,2011-07-08 12:50:00,2011-08-16 11:50:00,United Kingdom,1
14920,977.77,2,509,17.153859649122808,2011-05-11 10:31:00,2011-05-11 10:32:00,United Kingdom,1
14921,1316.07,2,953,16.872692307692308,2011-05-22 12:51:00,2011-11-09 13:17:00,United Kingdom,1
14923,749.1,1,418,17.025000000000002,2011-10-20 11:51:00,2011-10-20 11:51:00,United Kingdom,0
14924,310.05,1,64,31.005000000000003,2011-04-08 09:25:00,2011-04-08 09:25:00,United Kingdom,0
14929,223.88,1,136,20.35272727272727,2011-11-07 17:21:00,2011-11-07 17:21:00,United Kingdom,0
14930,2362.96,3,1160,18.605984251968504,2011-03-10 14:42:00,2011-08-23 10:31:00,Channel Islands,1
14931,1257.68,5,417,30.675121951219513,2011-04-13 09:32:00,2011-12-05 10:19:00,Channel Islands,1
14932,363.53,1,80,21.384117647058822,2010-12-09 11:48:00,2010-12-09 11:48:00,Channel Islands,0
14934,1890.94,2,1042,21.734942528735633,2011-03-02 11:48:00,2011-09-19 10:10:00,Channel Islands,1
14935,1784.71,1,935,178.471,2011-02-15 14:44:00,2011-02-15 14:44:00,Channel Islands,0
14936,8137.02,8,4085,22.35445054945055,2011-03-09 11:53:00,2011-11-06 10:30:00,Channel Islands,1
14937,1621.88,3,484,47.70235294117647,2011-08-01 14:16:00,2011-10-14 12:29:00,Channel Islands,1
14944,5900.25,12,2815,34.707352941176474,2011-02-16 12:47:00,2011-11-10 09:10:00,United Kingdom,1
14946,100.9,1,22,33.63333333333333,2011-11-25 13:33:00,2011-11-25 13:33:00,United Kingdom,0
14947,290.82,2,179,20.77285714285714,2011-08-01 09:31:00,2011-09-28 15:48:00,United Kingdom,1
14948,1101.97,6,673,17.491587301587302,2011-05-04 14:52:00,2011-11-16 17:16:00,United Kingdom,1
14950,371.2,1,136,19.53684210526316,2011-11-20 13:48:00,2011-11-20 13:48:00,United Kingdom,0
14951,311.69,1,311,15.5845,2011-09-21 15:15:00,2011-09-21 15:15:00,United Kingdom,0
14952,8099.49,11,3355,58.69195652173913,2010-12-10 12:48:00,2011-10-11 10:33:00,United Kingdom,1
14953,285.67,1,224,5.2901851851851855,2011-11-14 14:59:00,2011-11-14 14:59:00,United Kingdom,0
14954,294.85,1,117,3.8292207792207793,2011-11-27 14:30:00,2011-11-27 14:30:00,United Kingdom,0
14957,58.49,1,34,4.8741666666666665,2011-03-31 17:59:00,2011-03-31 17:59:00,United Kingdom,0
14958,483.72999999999996,3,128,11.798292682926828,2011-04-08 11:28:00,2011-07-15 14:20:00,United Kingdom,1
14959,695.42,4,494,11.786779661016949,2011-02-16 13:00:00,2011-10-06 18:23:00,United Kingdom,1
14960,221.27,2,221,8.195185185185185,2011-06-21 13:38:00,2011-12-01 12:54:00,United Kingdom,1
14961,7044.68,9,3708,22.579102564102566,2010-12-14 11:38:00,2011-11-29 09:42:00,United Kingdom,1
14962,126.7,1,44,25.34,2011-03-14 09:42:00,2011-03-14 09:42:00,United Kingdom,0
14963,1472.34,5,1159,7.6684375,2011-06-09 12:30:00,2011-11-30 12:16:00,United Kingdom,1
14964,206.21,1,143,15.862307692307693,2011-04-06 14:13:00,2011-04-06 14:13:00,United Kingdom,0
14965,596.09,2,363,7.359135802469136,2011-09-04 13:15:00,2011-09-04 13:20:00,United Kingdom,1
14966,183.02,1,179,5.08388888888889,2011-11-25 12:20:00,2011-11-25 12:20:00,United Kingdom,0
14967,463.8,1,140,77.3,2011-10-21 11:06:00,2011-10-21 11:06:00,United Kingdom,0
14968,147.59,1,127,3.988918918918919,2011-11-09 13:58:00,2011-11-09 13:58:00,United Kingdom,0
14970,1592.06,4,250,46.825294117647054,2011-01-27 12:23:00,2011-10-02 13:44:00,United Kingdom,1
14971,1097.98,3,639,7.083741935483871,2011-10-27 13:33:00,2011-11-04 17:07:00,United Kingdom,1
14972,114.77,1,28,6.376111111111111,2011-08-03 14:54:00,2011-08-03 14:54:00,United Kingdom,0
14973,1314.45,3,369,41.0765625,2011-04-28 12:22:00,2011-08-24 15:51:00,United Kingdom,1
14974,89.94,1,37,5.290588235294117,2011-11-02 13:01:00,2011-11-02 13:01:00,United Kingdom,0
14975,279.94,1,380,25.44909090909091,2011-10-13 14:08:00,2011-10-13 14:08:00,United Kingdom,0
14976,790.86,7,234,10.984166666666667,2011-01-17 11:09:00,2011-10-13 16:37:00,United Kingdom,1
14978,1921.3700000000001,5,523,8.97836448598131,2011-01-13 12:03:00,2011-09-28 13:07:00,United Kingdom,1
14981,102.12,1,97,12.765,2011-04-07 13:45:00,2011-04-07 13:45:00,United Kingdom,0
14984,202.37,2,58,5.188974358974359,2011-06-12 11:04:00,2011-11-20 14:28:00,United Kingdom,1
14985,292.01,2,256,3.5181927710843373,2010-12-16 19:51:00,2011-05-25 14:29:00,United Kingdom,1
14987,326.4,2,128,81.6,2010-12-09 12:13:00,2011-11-24 09:59:00,United Kingdom,1
14988,334.54,1,141,8.3635,2011-05-12 12:05:00,2011-05-12 12:05:00,United Kingdom,0
14995,231.98000000000002,2,102,3.866333333333334,2011-03-04 13:14:00,2011-11-01 11:39:00,United Kingdom,1
14997,546.1999999999999,3,1120,21.007692307692306,2011-06-14 16:52:00,2011-10-24 13:28:00,United Kingdom,1
14998,414.87,2,258,5.606351351351352,2011-04-12 16:28:00,2011-06-22 17:30:00,United Kingdom,1
15000,490.52,1,218,6.37038961038961,2011-10-23 11:42:00,2011-10-23 11:42:00,United Kingdom,0
15002,1641.76,4,862,14.276173913043479,2010-12-07 13:16:00,2011-08-16 10:44:00,United Kingdom,1
15004,1220.77,1,623,7.927077922077922,2011-07-15 14:05:00,2011-07-15 14:05:00,United Kingdom,0
15005,6295.37,28,4230,5.661303956834533,2010-12-08 14:36:00,2011-11-24 12:25:00,United Kingdom,1
15006,480.38,1,286,3.639242424242424,2011-10-19 15:08:00,2011-10-19 15:08:00,United Kingdom,0
15007,156.91,1,69,13.075833333333334,2011-07-03 16:00:00,2011-07-03 16:00:00,United Kingdom,0
15009,1259.43,3,639,6.996833333333334,2011-11-14 17:40:00,2011-11-27 13:35:00,United Kingdom,1
15010,308.94,1,184,15.447,2011-11-04 12:42:00,2011-11-04 12:42:00,United Kingdom,0
15012,405.04,2,225,3.3200000000000003,2010-12-01 12:49:00,2011-10-17 12:22:00,United Kingdom,1
15014,257.67,2,149,7.808181818181819,2011-06-16 19:40:00,2011-10-27 20:07:00,United Kingdom,1
15016,170.04,1,76,8.501999999999999,2011-06-20 12:06:00,2011-06-20 12:06:00,United Kingdom,0
15017,125.58,1,63,6.279,2011-11-06 10:33:00,2011-11-06 10:33:00,United Kingdom,0
15018,496.21000000000004,3,189,16.006774193548388,2010-12-07 10:47:00,2011-11-01 12:47:00,United Kingdom,1
15019,252.81,1,150,3.8304545454545456,2011-03-18 12:35:00,2011-03-18 12:35:00,United Kingdom,0
15021,1871.77,9,819,4.215698198198198,2010-12-08 12:17:00,2011-12-01 11:53:00,United Kingdom,1
15022,852.39,4,527,7.044545454545454,2011-10-23 15:47:00,2011-11-28 12:35:00,United Kingdom,1
15023,6720.41,11,2827,12.152640144665462,2010-12-05 13:49:00,2011-12-06 17:23:00,United Kingdom,1
15024,1636.43,10,902,10.765986842105264,2010-12-07 13:20:00,2011-11-30 12:06:00,United Kingdom,1
15025,361.96,1,184,5.402388059701492,2011-11-06 15:20:00,2011-11-06 15:20:00,United Kingdom,0
15026,469.0,3,285,7.688524590163935,2011-03-07 13:45:00,2011-09-20 13:52:00,United Kingdom,1
15027,1066.1499999999999,4,565,30.461428571428566,2011-04-15 14:14:00,2011-11-09 10:16:00,United Kingdom,1
15028,627.13,4,459,13.065208333333333,2010-12-06 12:47:00,2011-12-01 14:06:00,United Kingdom,1
15030,518.28,2,372,74.03999999999999,2011-03-16 15:34:00,2011-09-29 10:50:00,United Kingdom,1
15031,653.19,4,400,5.93809090909091,2011-03-02 14:46:00,2011-12-05 14:19:00,United Kingdom,1
15032,4959.1,3,2968,95.3673076923077,2010-12-08 12:57:00,2011-03-28 15:03:00,United Kingdom,1
15033,2557.18,10,1672,5.104151696606786,2011-01-14 13:28:00,2011-12-05 12:40:00,United Kingdom,1
15034,4274.16,8,2413,10.959384615384614,2010-12-21 09:47:00,2011-11-24 12:11:00,United Kingdom,1
15035,252.73000000000002,1,245,9.36037037037037,2011-09-11 11:08:00,2011-09-11 11:08:00,United Kingdom,0
15036,429.56,3,316,3.609747899159664,2011-06-13 12:19:00,2011-09-28 15:42:00,United Kingdom,1
15038,685.74,6,212,5.48592,2010-12-05 10:54:00,2011-10-12 11:33:00,United Kingdom,1
15039,19766.59,47,9131,13.38293161814489,2010-12-06 11:26:00,2011-11-30 11:31:00,United Kingdom,1
15041,179.93,1,103,2.7262121212121215,2011-06-22 16:16:00,2011-06-22 16:16:00,United Kingdom,0
15042,135.93,1,30,27.186,2011-05-24 16:25:00,2011-05-24 16:25:00,United Kingdom,0
15043,537.0,1,300,179.0,2011-11-08 14:26:00,2011-11-08 14:26:00,United Kingdom,0
15044,7634.7300000000005,17,2785,17.19533783783784,2010-12-12 14:27:00,2011-11-20 13:20:00,United Kingdom,1
15045,735.66,2,114,61.305,2011-03-27 11:44:00,2011-07-11 11:33:00,United Kingdom,1
15046,5090.42,15,3372,25.32547263681592,2011-01-05 15:30:00,2011-11-30 15:50:00,United Kingdom,1
15047,343.62,1,222,15.61909090909091,2011-03-15 10:49:00,2011-03-15 10:49:00,United Kingdom,0
15048,381.0,4,192,4.053191489361702,2010-12-06 12:15:00,2011-10-05 14:55:00,United Kingdom,1
15049,121.17000000000002,1,63,40.39000000000001,2011-03-11 12:13:00,2011-03-11 12:13:00,United Kingdom,0
15050,1737.69,3,1216,22.86434210526316,2011-09-29 13:22:00,2011-11-14 16:17:00,United Kingdom,1
15051,1383.3600000000001,3,1010,9.741971830985916,2011-07-12 15:29:00,2011-11-16 15:38:00,United Kingdom,1
15052,207.73000000000002,1,79,7.418928571428572,2011-01-24 15:52:00,2011-01-24 15:52:00,United Kingdom,0
15053,693.95,3,984,10.057246376811595,2011-03-03 12:06:00,2011-12-05 12:08:00,United Kingdom,1
15054,302.1,2,198,2.6500000000000004,2011-10-30 14:33:00,2011-11-27 15:02:00,United Kingdom,1
15057,1489.5,2,668,59.58,2011-01-28 09:09:00,2011-03-09 15:17:00,United Kingdom,1
15058,2102.54,11,1054,7.904285714285714,2011-01-31 15:35:00,2011-11-14 14:57:00,United Kingdom,1
15059,1337.72,9,604,5.644388185654009,2011-01-09 11:54:00,2011-10-30 11:35:00,United Kingdom,1
15060,294.25,4,257,2.5586956521739133,2011-11-30 14:03:00,2011-12-01 13:47:00,United Kingdom,1
15061,54534.14,48,28920,135.32044665012407,2010-12-02 15:19:00,2011-12-06 12:06:00,United Kingdom,1
15062,987.86,4,763,17.330877192982456,2010-12-15 15:37:00,2011-09-29 16:51:00,United Kingdom,1
15063,370.79999999999995,1,56,74.16,2011-05-10 13:25:00,2011-05-10 13:25:00,United Kingdom,0
15065,3158.13,4,1383,20.37503225806452,2011-02-21 12:54:00,2011-11-02 09:45:00,United Kingdom,1
15066,893.59,1,317,21.275952380952383,2011-10-17 13:25:00,2011-10-17 13:25:00,United Kingdom,0
15067,1744.76,3,954,21.277560975609756,2011-03-02 12:10:00,2011-09-22 13:20:00,United Kingdom,1
15068,553.36,2,364,5.320769230769231,2011-03-28 14:27:00,2011-10-24 14:47:00,United Kingdom,1
15069,1109.53,1,520,15.850428571428571,2011-06-13 14:16:00,2011-06-13 14:16:00,United Kingdom,0
15070,106.2,1,36,106.2,2010-12-02 11:23:00,2010-12-02 11:23:00,United Kingdom,0
15071,982.07,2,269,37.77192307692308,2011-03-09 10:19:00,2011-09-07 11:43:00,United Kingdom,1
15073,1043.41,3,491,19.322407407407407,2011-06-06 09:59:00,2011-11-30 10:44:00,United Kingdom,1
15074,735.67,1,431,17.943170731707315,2011-08-26 14:45:00,2011-08-26 14:45:00,United Kingdom,0
15075,773.03,1,447,28.63074074074074,2011-09-23 12:27:00,2011-09-23 12:27:00,United Kingdom,0
15076,880.85,1,571,17.976530612244897,2011-06-20 08:23:00,2011-06-20 08:23:00,United Kingdom,0
15078,9743.11,32,5105,22.14343181818182,2010-12-06 12:38:00,2011-12-02 15:41:00,United Kingdom,1
15079,895.61,4,389,19.055531914893617,2010-12-09 09:25:00,2011-05-11 12:45:00,United Kingdom,1
15081,504.8,5,190,15.296969696969697,2010-12-07 16:20:00,2011-11-17 17:08:00,United Kingdom,1
15083,88.2,1,38,17.64,2011-03-28 12:18:00,2011-03-28 12:18:00,United Kingdom,0
15087,306.94,1,470,20.462666666666667,2011-03-03 10:34:00,2011-03-03 10:34:00,United Kingdom,0
15088,1160.07,2,460,20.352105263157895,2011-10-03 14:05:00,2011-11-18 13:14:00,United Kingdom,1
15089,2420.84,6,1359,16.69544827586207,2011-08-03 14:14:00,2011-11-29 16:31:00,United Kingdom,1
15090,381.32,1,208,16.57913043478261,2011-02-04 14:03:00,2011-02-04 14:03:00,United Kingdom,0
15091,480.71,1,346,16.023666666666667,2011-10-03 12:47:00,2011-10-03 12:47:00,United Kingdom,0
15092,457.81,2,135,17.608076923076922,2011-03-01 12:24:00,2011-05-08 14:10:00,United Kingdom,1
15093,4597.02,6,3760,42.565000000000005,2010-12-02 18:25:00,2011-11-21 13:09:00,United Kingdom,1
15095,1370.6,4,1079,29.161702127659574,2011-05-20 14:27:00,2011-08-28 12:01:00,United Kingdom,1
15096,219.39000000000001,1,120,19.944545454545455,2011-10-28 10:27:00,2011-10-28 10:27:00,United Kingdom,0
15097,248.08,1,170,9.923200000000001,2011-12-05 14:03:00,2011-12-05 14:03:00,United Kingdom,0
15098,39916.5,3,121,13305.5,2011-06-10 15:22:00,2011-06-10 15:33:00,United Kingdom,1
15099,410.48,1,343,17.84695652173913,2011-09-16 13:13:00,2011-09-16 13:13:00,United Kingdom,0
15100,876.0,3,80,292.0,2010-12-01 09:09:00,2011-01-10 10:35:00,United Kingdom,1
15101,317.53,2,241,39.69125,2010-12-15 12:54:00,2011-12-01 10:18:00,United Kingdom,1
15103,703.36,2,329,20.096,2011-09-14 13:54:00,2011-11-08 14:53:00,United Kingdom,1
15104,993.54,2,635,14.828955223880596,2011-03-02 14:16:00,2011-05-27 12:29:00,United Kingdom,1
15105,2298.93,7,1211,22.76168316831683,2011-07-28 10:09:00,2011-11-21 16:54:00,United Kingdom,1
15106,1422.52,5,1181,14.2252,2011-03-15 12:52:00,2011-11-22 09:16:00,United Kingdom,1
15107,319.5,6,170,18.794117647058822,2010-12-02 13:45:00,2011-02-01 14:46:00,United Kingdom,1
15108,1300.25,4,499,21.670833333333334,2011-04-26 10:54:00,2011-07-21 10:24:00,European Community,1
15109,484.95,1,131,17.319642857142856,2011-04-08 09:58:00,2011-04-08 09:58:00,United Kingdom,0
15110,996.1,4,246,28.46,2011-01-25 11:41:00,2011-11-16 11:16:00,United Kingdom,1
15111,1567.48,3,710,18.660476190476192,2010-12-02 11:45:00,2011-11-10 16:58:00,United Kingdom,1
15113,3509.43,3,2344,36.179690721649486,2011-10-16 15:27:00,2011-11-30 08:23:00,United Kingdom,1
15114,2760.56,10,3096,14.012994923857867,2011-02-11 08:45:00,2011-11-09 15:05:00,United Kingdom,1
15115,340.11,1,157,16.195714285714285,2011-11-21 14:59:00,2011-11-21 14:59:00,United Kingdom,0
15116,1352.75,4,648,30.06111111111111,2011-05-19 08:50:00,2011-11-22 12:25:00,United Kingdom,1
15117,1551.78,5,1948,19.64278481012658,2011-05-08 12:38:00,2011-11-25 08:12:00,United Kingdom,1
15118,244.8,1,1440,244.8,2011-07-28 14:54:00,2011-07-28 14:54:00,United Kingdom,0
15119,266.4,1,88,19.02857142857143,2011-04-08 09:08:00,2011-04-08 09:08:00,United Kingdom,0
15120,358.82,1,296,17.086666666666666,2011-07-29 09:48:00,2011-07-29 09:48:00,United Kingdom,0
15121,457.72,2,199,16.34714285714286,2011-02-24 12:41:00,2011-10-20 14:51:00,United Kingdom,1
15122,1633.78,3,800,19.924146341463413,2011-02-15 09:59:00,2011-08-17 16:48:00,United Kingdom,1
15123,2199.31,2,1195,20.748207547169812,2011-05-17 14:57:00,2011-12-02 13:12:00,United Kingdom,1
15124,184.19,2,233,12.279333333333334,2011-06-01 09:06:00,2011-11-17 10:09:00,United Kingdom,1
15125,11528.48,15,6193,90.77543307086614,2011-03-14 09:59:00,2011-11-14 13:57:00,United Kingdom,1
15127,406.53,1,251,25.408125,2011-10-05 10:30:00,2011-10-05 10:30:00,United Kingdom,0
15128,1471.0,4,1343,14.42156862745098,2011-05-04 12:32:00,2011-10-10 13:54:00,United Kingdom,1
15129,3447.4,11,1794,41.04047619047619,2011-02-21 09:09:00,2011-10-20 14:40:00,United Kingdom,1
15130,330.11,1,197,15.005,2011-06-23 10:15:00,2011-06-23 10:15:00,United Kingdom,0
15132,977.9300000000001,5,679,18.806346153846157,2011-03-22 12:02:00,2011-11-21 17:10:00,United Kingdom,1
15133,982.42,3,680,33.87655172413793,2011-02-11 10:38:00,2011-08-04 10:44:00,United Kingdom,1
15134,1387.99,8,887,19.013561643835615,2011-04-13 11:05:00,2011-11-25 08:55:00,United Kingdom,1
15135,139.05,1,43,15.450000000000001,2011-04-14 19:16:00,2011-04-14 19:16:00,United Kingdom,0
15136,1286.7,4,776,18.92205882352941,2011-09-04 16:05:00,2011-12-07 12:26:00,United Kingdom,1
15139,178.96,2,208,13.766153846153847,2011-01-07 12:44:00,2011-04-14 11:39:00,United Kingdom,1
15140,2354.25,7,1572,29.428125,2011-03-20 14:37:00,2011-10-18 14:07:00,United Kingdom,1
15142,498.74,1,365,19.182307692307692,2011-10-24 12:51:00,2011-10-24 12:51:00,United Kingdom,0
15143,259.45,1,150,18.532142857142855,2011-04-28 12:03:00,2011-04-28 12:03:00,United Kingdom,0
15144,6580.44,17,3050,30.324608294930872,2011-01-31 13:17:00,2011-12-01 15:12:00,United Kingdom,1
15145,1194.73,4,756,17.83179104477612,2011-04-05 15:20:00,2011-12-05 17:21:00,United Kingdom,1
15146,1327.16,2,1473,14.584175824175825,2011-02-21 13:07:00,2011-06-28 12:09:00,United Kingdom,1
15147,623.5,1,366,22.267857142857142,2011-04-13 15:57:00,2011-04-13 15:57:00,United Kingdom,0
15148,301.29,1,187,15.0645,2011-11-29 08:21:00,2011-11-29 08:21:00,United Kingdom,0
15149,520.8000000000001,1,128,22.643478260869568,2011-07-29 10:58:00,2011-07-29 10:58:00,United Kingdom,0
15150,5291.33,10,3642,15.517096774193549,2011-03-15 14:21:00,2011-11-22 12:52:00,United Kingdom,1
15152,4745.69,13,2704,17.511771217712177,2011-06-05 15:36:00,2011-11-30 12:32:00,United Kingdom,1
15153,329.25,1,198,14.965909090909092,2011-11-08 17:09:00,2011-11-08 17:09:00,United Kingdom,0
15154,254.28,1,89,3.581408450704225,2011-09-25 16:05:00,2011-09-25 16:05:00,United Kingdom,0
15156,961.49,3,597,17.481636363636365,2011-11-06 12:41:00,2011-12-08 18:22:00,United Kingdom,1
15157,1936.07,3,2392,15.48856,2010-12-16 13:44:00,2011-12-06 11:28:00,United Kingdom,1
15158,401.40000000000003,1,198,57.34285714285715,2011-10-25 13:53:00,2011-10-25 13:53:00,United Kingdom,0
15159,18641.010000000002,30,11441,26.254943661971833,2010-12-13 15:44:00,2011-12-08 12:05:00,United Kingdom,1
15160,158.16,1,84,39.54,2010-12-17 14:15:00,2010-12-17 14:15:00,United Kingdom,0
15163,304.47,2,186,10.49896551724138,2011-05-31 15:22:00,2011-11-21 13:10:00,United Kingdom,1
15164,824.58,3,351,8.164158415841584,2011-01-04 14:21:00,2011-10-02 12:05:00,United Kingdom,1
15165,487.75,1,160,18.064814814814813,2010-12-01 14:03:00,2010-12-01 14:03:00,United Kingdom,0
15167,158.8,1,65,4.071794871794872,2011-01-23 12:41:00,2011-01-23 12:41:00,United Kingdom,0
15168,106.56,1,52,21.312,2011-11-14 11:26:00,2011-11-14 11:26:00,United Kingdom,0
15171,1289.5,1,290,257.9,2011-01-12 15:36:00,2011-01-12 15:36:00,United Kingdom,0
15172,1624.05,5,1611,14.764090909090909,2011-04-17 11:56:00,2011-12-01 11:51:00,United Kingdom,1
15174,135.75,1,145,12.340909090909092,2011-01-21 09:06:00,2011-01-21 09:06:00,United Kingdom,0
15175,224.14,1,454,9.745217391304347,2011-09-29 11:31:00,2011-09-29 11:31:00,United Kingdom,0
15178,40.5,1,30,13.5,2011-03-24 15:12:00,2011-03-24 15:12:00,United Kingdom,0
15179,2206.95,5,1938,23.73064516129032,2011-01-24 13:48:00,2011-11-21 12:53:00,United Kingdom,1
15180,87.5,1,36,14.583333333333334,2010-12-07 14:57:00,2010-12-07 14:57:00,United Kingdom,0
15181,689.4799999999999,3,544,43.092499999999994,2011-03-15 12:03:00,2011-10-04 13:58:00,United Kingdom,1
15182,622.85,2,253,21.477586206896554,2011-03-16 12:42:00,2011-07-08 13:37:00,United Kingdom,1
15184,402.2,2,199,6.487096774193549,2011-06-02 12:06:00,2011-11-10 13:41:00,United Kingdom,1
15185,310.62,1,666,14.791428571428572,2011-09-30 14:06:00,2011-09-30 14:06:00,United Kingdom,0
15186,411.41,2,215,21.653157894736843,2011-06-24 14:54:00,2011-11-25 14:58:00,United Kingdom,1
15187,4777.18,16,1887,52.49648351648352,2011-05-11 13:49:00,2011-12-08 11:56:00,United Kingdom,1
15189,16225.39,41,6149,76.53485849056604,2011-01-11 12:29:00,2011-12-08 13:22:00,United Kingdom,1
15192,1044.32,3,918,20.47686274509804,2010-12-09 14:56:00,2011-08-12 11:41:00,United Kingdom,1
15193,499.32,1,144,26.28,2011-10-10 08:23:00,2011-10-10 08:23:00,United Kingdom,0
15194,7616.53,15,5703,24.569451612903226,2010-12-06 15:00:00,2011-12-06 15:10:00,United Kingdom,1
15195,3861.0,1,1404,3861.0,2011-12-07 12:20:00,2011-12-07 12:20:00,United Kingdom,0
15197,1079.6100000000001,3,469,33.737812500000004,2010-12-16 18:01:00,2011-11-29 10:00:00,United Kingdom,1
15198,193.64,2,120,19.363999999999997,2011-08-07 15:16:00,2011-09-08 14:42:00,United Kingdom,1
15199,1268.7,4,396,97.5923076923077,2011-02-04 14:04:00,2011-10-11 15:12:00,United Kingdom,1
15201,1236.54,5,1210,17.92086956521739,2011-04-06 14:02:00,2011-09-13 14:53:00,United Kingdom,1
15203,1827.8,6,1753,12.871830985915492,2011-02-01 12:29:00,2011-11-14 08:16:00,United Kingdom,1
15204,316.58,1,258,35.175555555555555,2010-12-17 13:49:00,2010-12-17 13:49:00,United Kingdom,0
15205,653.24,2,378,17.655135135135136,2011-08-04 16:07:00,2011-09-15 19:36:00,United Kingdom,1
15206,420.29999999999995,4,162,46.699999999999996,2011-03-09 08:59:00,2011-11-29 13:41:00,United Kingdom,1
15208,870.12,5,316,20.717142857142857,2010-12-21 13:03:00,2011-12-08 17:24:00,United Kingdom,1
15210,331.18,1,228,16.559,2011-04-28 16:11:00,2011-04-28 16:11:00,United Kingdom,0
15211,894.4100000000001,2,240,17.20019230769231,2010-12-09 16:08:00,2011-10-10 13:31:00,United Kingdom,1
15212,101.8,1,36,20.36,2011-04-12 13:45:00,2011-04-12 13:45:00,United Kingdom,0
15213,328.35,2,272,13.68125,2011-01-14 11:05:00,2011-01-25 12:21:00,United Kingdom,1
15214,1661.44,8,1254,15.104000000000001,2011-04-11 09:46:00,2011-12-08 12:07:00,United Kingdom,1
15215,734.94,3,225,20.998285714285714,2011-09-04 12:24:00,2011-10-24 11:41:00,United Kingdom,1
15216,96.6,1,28,48.3,2011-09-13 11:41:00,2011-09-13 11:41:00,United Kingdom,0
15218,5756.89,11,3329,34.680060240963854,2011-01-25 11:20:00,2011-11-29 11:48:00,United Kingdom,1
15219,305.75,1,45,33.97222222222222,2011-06-16 16:57:00,2011-06-16 16:57:00,United Kingdom,0
15220,1778.96,6,1393,15.204786324786324,2011-03-04 10:24:00,2011-10-19 12:39:00,United Kingdom,1
15221,403.25,1,43,80.65,2010-12-08 13:08:00,2010-12-08 13:08:00,United Kingdom,0
15222,585.0,1,440,117.0,2011-01-25 08:03:00,2011-01-25 08:03:00,United Kingdom,0
15223,755.75,2,213,37.7875,2011-04-04 12:17:00,2011-04-28 11:31:00,United Kingdom,1
15224,322.08,2,152,23.005714285714284,2010-12-12 12:34:00,2010-12-16 15:02:00,United Kingdom,1
15225,409.40000000000003,1,226,17.8,2011-04-19 14:51:00,2011-04-19 14:51:00,United Kingdom,0
15226,154.41,1,71,19.30125,2011-02-02 11:41:00,2011-02-02 11:41:00,United Kingdom,0
15227,1219.4,5,750,21.024137931034485,2011-01-26 15:31:00,2011-11-03 11:59:00,United Kingdom,1
15228,3386.71,4,2255,27.09368,2011-02-18 09:04:00,2011-10-04 13:56:00,United Kingdom,1
15230,429.6,2,351,18.678260869565218,2011-04-13 11:04:00,2011-04-14 14:39:00,United Kingdom,1
15232,612.06,2,686,19.743870967741934,2011-07-22 12:21:00,2011-08-18 16:27:00,United Kingdom,1
15234,197.0,1,196,14.071428571428571,2011-03-08 08:53:00,2011-03-08 08:53:00,United Kingdom,0
15235,2247.51,12,1324,15.716853146853149,2010-12-01 17:22:00,2011-05-06 09:44:00,United Kingdom,1
15236,321.05,1,269,21.403333333333332,2011-02-14 10:52:00,2011-02-14 10:52:00,United Kingdom,0
15237,1412.32,4,1071,14.265858585858584,2011-04-26 15:04:00,2011-12-08 09:46:00,United Kingdom,1
15238,1071.99,3,692,21.4398,2011-06-08 16:00:00,2011-11-10 14:28:00,United Kingdom,1
15239,780.59,2,594,15.930408163265307,2011-09-22 09:53:00,2011-11-29 14:14:00,United Kingdom,1
15240,1706.57,5,1369,21.879102564102563,2011-02-01 08:23:00,2011-10-26 09:50:00,United Kingdom,1
15241,1756.44,8,1818,15.967636363636364,2011-03-01 11:02:00,2011-10-04 09:05:00,United Kingdom,1
15243,316.68,1,185,14.394545454545455,2011-09-26 14:12:00,2011-09-26 14:12:00,United Kingdom,0
15244,631.57,2,405,18.57558823529412,2011-04-05 15:12:00,2011-10-05 13:19:00,United Kingdom,1
15245,2515.84,3,1784,28.267865168539327,2011-03-23 13:42:00,2011-07-28 18:56:00,United Kingdom,1
15246,514.15,2,247,15.58030303030303,2010-12-16 09:46:00,2011-04-15 14:45:00,United Kingdom,1
15247,356.0,1,160,59.333333333333336,2011-08-09 12:52:00,2011-08-09 12:52:00,United Kingdom,0
15249,6688.46,13,3577,19.109885714285713,2011-03-28 12:49:00,2011-11-08 11:45:00,United Kingdom,1
15251,10484.99,11,6171,94.45936936936937,2011-04-12 10:38:00,2011-11-30 15:02:00,United Kingdom,1
15252,740.78,2,522,16.83590909090909,2011-06-09 14:15:00,2011-11-03 13:30:00,United Kingdom,1
15253,918.1999999999999,5,866,17.32452830188679,2011-06-23 12:19:00,2011-11-23 16:22:00,United Kingdom,1
15254,300.36,1,275,16.686666666666667,2011-08-04 15:04:00,2011-08-04 15:04:00,United Kingdom,0
15255,890.85,1,489,18.95425531914894,2011-10-04 12:43:00,2011-10-04 12:43:00,United Kingdom,0
15256,98.45,1,55,16.408333333333335,2011-07-14 11:47:00,2011-07-14 11:47:00,United Kingdom,0
15257,317.15,1,46,45.30714285714286,2011-03-01 12:58:00,2011-03-01 12:58:00,United Kingdom,0
15258,623.16,2,142,18.328235294117647,2011-05-06 14:16:00,2011-06-24 12:30:00,United Kingdom,1
15260,1810.77,7,885,23.516493506493507,2010-12-02 12:09:00,2011-08-31 13:55:00,United Kingdom,1
15261,254.82,1,270,13.41157894736842,2011-07-27 15:20:00,2011-07-27 15:20:00,United Kingdom,0
15262,178.95000000000002,1,73,17.895000000000003,2011-01-20 12:16:00,2011-01-20 12:16:00,United Kingdom,0
15263,156.51,1,89,13.042499999999999,2011-08-25 10:26:00,2011-08-25 10:26:00,United Kingdom,0
15264,393.74,1,265,17.11913043478261,2011-10-06 13:49:00,2011-10-06 13:49:00,United Kingdom,0
15265,1506.1200000000001,2,612,18.36731707317073,2011-04-18 12:16:00,2011-07-11 14:46:00,United Kingdom,1
15266,119.3,1,18,19.883333333333333,2011-01-05 13:40:00,2011-01-05 13:40:00,United Kingdom,0
15267,1717.36,5,944,156.12363636363636,2011-06-10 10:24:00,2011-11-17 15:59:00,United Kingdom,1
15269,408.8,1,26,204.4,2011-11-16 09:32:00,2011-11-16 09:32:00,United Kingdom,0
15270,2379.49,7,1521,58.03634146341463,2011-02-02 13:25:00,2011-11-24 09:24:00,United Kingdom,1
15271,2493.34,15,1251,9.444469696969698,2010-12-09 13:47:00,2011-12-02 14:11:00,United Kingdom,1
15272,721.94,2,310,11.45936507936508,2011-09-14 16:36:00,2011-10-13 12:59:00,United Kingdom,1
15274,716.57,2,619,15.246170212765959,2011-11-21 14:17:00,2011-12-05 16:57:00,United Kingdom,1
15275,615.14,1,498,15.003414634146342,2011-11-02 11:20:00,2011-11-02 11:20:00,United Kingdom,0
15276,128.63,1,61,2.6251020408163264,2011-10-04 16:39:00,2011-10-04 16:39:00,United Kingdom,0
15277,255.89999999999998,1,205,21.325,2011-10-24 10:08:00,2011-10-24 10:08:00,United Kingdom,0
15279,290.51,1,189,15.29,2010-12-20 10:48:00,2010-12-20 10:48:00,United Kingdom,0
15280,113.12,1,154,7.07,2011-06-20 17:14:00,2011-06-20 17:14:00,United Kingdom,0
15281,2332.15,9,1211,16.778057553956835,2011-01-10 15:51:00,2011-10-12 09:10:00,United Kingdom,1
15286,240.55,1,55,80.18333333333334,2011-10-21 11:08:00,2011-10-21 11:08:00,United Kingdom,0
15287,486.69,2,433,24.3345,2011-09-30 12:30:00,2011-11-17 15:34:00,United Kingdom,1
15288,2306.52,5,775,26.210454545454546,2010-12-09 13:59:00,2011-10-27 16:58:00,United Kingdom,1
15289,939.78,3,1008,16.20310344827586,2011-04-04 12:44:00,2011-11-10 13:49:00,United Kingdom,1
15290,7943.22,18,4501,38.93735294117647,2010-12-15 16:03:00,2011-12-05 11:39:00,United Kingdom,1
15291,4668.3,15,2103,45.32330097087379,2010-12-01 09:32:00,2011-11-14 11:02:00,United Kingdom,1
15292,178.39,1,55,7.432916666666666,2011-05-22 15:00:00,2011-05-22 15:00:00,United Kingdom,0
15296,3672.86,6,1766,18.932268041237116,2011-01-17 11:57:00,2011-10-20 11:47:00,United Kingdom,1
15297,641.94,3,292,16.46,2011-10-07 09:42:00,2011-11-29 16:32:00,United Kingdom,1
15298,4799.9,12,3116,24.999479166666664,2010-12-08 13:55:00,2011-12-07 17:17:00,United Kingdom,1
15299,4507.01,7,2948,643.8585714285715,2010-12-02 16:48:00,2011-10-03 14:19:00,United Kingdom,1
15300,496.44,1,292,17.73,2011-10-06 17:08:00,2011-10-06 17:08:00,United Kingdom,0
15301,5049.95,12,2751,20.867561983471074,2010-12-06 12:21:00,2011-10-20 09:57:00,United Kingdom,1
15303,574.02,1,248,18.516774193548386,2011-02-22 13:59:00,2011-02-22 13:59:00,United Kingdom,0
15304,694.4000000000001,8,104,30.19130434782609,2010-12-06 11:42:00,2011-10-10 10:23:00,United Kingdom,1
15306,1174.35,3,810,20.247413793103448,2011-07-14 15:22:00,2011-10-06 12:56:00,United Kingdom,1
15307,205.3,1,37,17.108333333333334,2011-09-05 11:38:00,2011-09-05 11:38:00,United Kingdom,0
15308,310.47,1,175,16.340526315789475,2011-03-10 13:08:00,2011-03-10 13:08:00,United Kingdom,0
15311,60632.75,91,38147,25.626690617075234,2010-12-01 09:41:00,2011-12-09 12:00:00,United Kingdom,1
15312,924.85,4,516,19.677659574468084,2010-12-20 12:51:00,2011-09-25 13:10:00,United Kingdom,1
15313,52.0,1,25,52.0,2011-08-21 16:02:00,2011-08-21 16:02:00,United Kingdom,0
15314,327.97,1,313,13.665416666666667,2011-05-24 14:39:00,2011-05-24 14:39:00,United Kingdom,0
15315,570.5,2,862,15.41891891891892,2011-08-15 15:17:00,2011-10-06 12:51:00,United Kingdom,1
15316,165.0,1,100,165.0,2011-01-17 11:34:00,2011-01-17 11:34:00,United Kingdom,0
15318,312.62,1,642,9.473333333333333,2011-12-06 11:30:00,2011-12-06 11:30:00,United Kingdom,0
15319,204.5,1,175,12.78125,2011-03-01 12:48:00,2011-03-01 12:48:00,United Kingdom,0
15320,267.13,1,326,7.420277777777778,2011-10-26 13:27:00,2011-10-26 13:27:00,United Kingdom,0
15321,2748.31,3,1181,28.92957894736842,2011-02-21 11:10:00,2011-09-30 09:40:00,United Kingdom,1
15322,679.68,1,416,16.18285714285714,2011-09-15 09:34:00,2011-09-15 09:34:00,United Kingdom,0
15325,161.74,1,231,3.3695833333333334,2011-08-28 11:55:00,2011-08-28 11:55:00,United Kingdom,0
15326,311.71,1,386,10.748620689655171,2011-01-10 11:38:00,2011-01-10 11:38:00,United Kingdom,0
15327,208.75,1,116,20.875,2011-10-18 11:55:00,2011-10-18 11:55:00,United Kingdom,0
15329,1049.7,3,486,18.41578947368421,2011-06-21 10:37:00,2011-10-31 15:36:00,United Kingdom,1
15330,714.96,2,1312,54.99692307692308,2011-10-10 12:30:00,2011-11-07 17:50:00,United Kingdom,1
15332,1661.06,4,652,47.45885714285714,2010-12-05 12:00:00,2010-12-08 14:43:00,Lithuania,1
15333,1028.56,1,344,64.285,2011-05-15 13:27:00,2011-05-15 13:27:00,United Kingdom,0
15334,350.82,3,273,3.579795918367347,2011-06-19 13:51:00,2011-07-06 11:22:00,United Kingdom,1
15335,170.22,1,79,4.863428571428571,2011-10-17 12:50:00,2011-10-17 12:50:00,United Kingdom,0
15339,574.07,2,416,6.675232558139536,2011-01-25 13:15:00,2011-10-04 12:51:00,United Kingdom,1
15341,2020.52,1,812,118.85411764705883,2011-09-20 09:40:00,2011-09-20 09:40:00,United Kingdom,0
15342,406.09,1,283,16.920416666666664,2011-08-02 10:19:00,2011-08-02 10:19:00,United Kingdom,0
15343,364.5,1,84,17.357142857142858,2011-09-13 13:55:00,2011-09-13 13:55:00,United Kingdom,0
15344,563.94,3,116,21.69,2011-09-26 14:48:00,2011-12-09 10:45:00,United Kingdom,1
15345,393.54,1,81,19.677,2011-10-25 11:28:00,2011-10-25 11:28:00,United Kingdom,0
15346,252.42000000000002,1,144,14.848235294117648,2011-01-11 11:18:00,2011-01-11 11:18:00,United Kingdom,0
15347,201.60000000000002,1,130,40.32000000000001,2010-12-08 15:25:00,2010-12-08 15:25:00,United Kingdom,0
15348,158.04,1,84,17.56,2011-09-28 13:17:00,2011-09-28 13:17:00,United Kingdom,0
15349,463.90999999999997,2,321,6.533943661971831,2011-06-05 15:46:00,2011-07-04 16:06:00,United Kingdom,1
15350,115.65,1,51,23.130000000000003,2010-12-01 13:33:00,2010-12-01 13:33:00,United Kingdom,0
15351,1934.66,7,742,8.83406392694064,2010-12-05 11:49:00,2011-11-27 12:52:00,United Kingdom,1
15353,770.12,2,341,12.624918032786885,2010-12-07 11:49:00,2011-03-30 12:15:00,United Kingdom,1
15355,277.05,2,45,19.789285714285715,2011-10-17 15:22:00,2011-11-10 13:44:00,United Kingdom,1
15356,2718.03,10,1643,5.446953907815631,2010-12-06 14:05:00,2011-11-08 13:11:00,United Kingdom,1
15358,8347.2,22,7050,15.149183303085302,2010-12-09 10:04:00,2011-12-05 09:04:00,United Kingdom,1
15360,427.93,1,223,32.917692307692306,2011-10-31 09:35:00,2011-10-31 09:35:00,United Kingdom,0
15361,418.92,1,336,59.84571428571429,2010-12-13 09:52:00,2010-12-13 09:52:00,United Kingdom,0
15363,326.0,1,144,20.375,2010-12-02 12:28:00,2010-12-02 12:28:00,United Kingdom,0
15364,913.19,2,493,31.489310344827587,2011-03-30 13:39:00,2011-09-05 09:46:00,United Kingdom,1
15365,2314.32,7,1084,20.301052631578948,2011-01-28 13:08:00,2011-11-14 08:29:00,United Kingdom,1
15366,602.51,2,621,13.69340909090909,2010-12-16 15:59:00,2011-09-25 15:01:00,United Kingdom,1
15367,1877.59,4,1057,19.764105263157894,2011-03-09 13:53:00,2011-10-13 14:13:00,United Kingdom,1
15368,446.94000000000005,1,230,111.73500000000001,2011-11-18 14:42:00,2011-11-18 14:42:00,United Kingdom,0
15370,2386.05,7,830,25.383510638297874,2011-01-11 11:32:00,2011-10-30 10:58:00,United Kingdom,1
15372,2007.3999999999999,1,2924,74.34814814814814,2011-07-25 16:39:00,2011-07-25 16:39:00,United Kingdom,0
15373,2415.91,12,500,18.302348484848483,2010-12-03 14:40:00,2011-12-01 15:05:00,United Kingdom,1
15374,168.0,1,126,56.0,2011-08-03 09:59:00,2011-08-03 09:59:00,United Kingdom,0
15376,1221.56,3,615,10.530689655172413,2011-05-01 13:45:00,2011-10-30 15:04:00,United Kingdom,1
15379,3703.29,7,2305,19.089123711340207,2010-12-16 13:02:00,2011-06-23 13:13:00,United Kingdom,1
15380,1690.2600000000002,5,376,46.951666666666675,2010-12-09 15:01:00,2011-12-01 12:13:00,United Kingdom,1
15381,596.85,2,171,74.60625,2011-03-16 13:44:00,2011-05-10 11:55:00,United Kingdom,1
15382,5955.71,6,4012,19.7208940397351,2011-02-17 12:01:00,2011-11-25 10:58:00,United Kingdom,1
15384,642.41,2,596,15.668536585365853,2010-12-15 11:34:00,2011-06-23 10:57:00,United Kingdom,1
15385,316.88,1,161,26.406666666666666,2011-10-30 15:11:00,2011-10-30 15:11:00,United Kingdom,0
15386,394.14,1,446,12.714193548387096,2011-06-06 13:47:00,2011-06-06 13:47:00,United Kingdom,0
15388,140.54,1,88,14.053999999999998,2011-03-14 13:53:00,2011-03-14 13:53:00,Canada,0
15389,500.0,1,400,500.0,2011-06-20 16:18:00,2011-06-20 16:18:00,United Kingdom,0
15392,1535.53,4,1277,18.280119047619046,2010-12-14 15:50:00,2011-12-05 11:01:00,United Kingdom,1
15393,231.86,2,150,19.32166666666667,2011-03-03 16:58:00,2011-11-23 16:48:00,United Kingdom,1
15394,2183.54,4,910,25.68870588235294,2010-12-16 12:46:00,2011-11-30 11:49:00,United Kingdom,1
15395,107.45,1,17,15.35,2011-01-18 12:40:00,2011-01-18 12:40:00,United Kingdom,0
15396,288.18,1,122,20.584285714285716,2011-08-19 10:56:00,2011-08-19 10:56:00,United Kingdom,0
15397,94.0,1,20,15.666666666666666,2011-02-23 09:25:00,2011-02-23 09:25:00,United Kingdom,0
15398,1345.53,2,769,18.43191780821918,2011-09-22 14:56:00,2011-11-23 16:47:00,United Kingdom,1
15399,815.77,3,611,16.3154,2011-09-21 15:57:00,2011-12-08 13:04:00,United Kingdom,1
15400,716.2,5,390,59.68333333333334,2011-03-06 11:27:00,2011-09-08 13:57:00,United Kingdom,1
15402,626.77,2,694,14.923095238095238,2011-05-27 13:32:00,2011-07-14 12:17:00,United Kingdom,1
15405,349.1,1,193,43.6375,2011-06-03 14:44:00,2011-06-03 14:44:00,United Kingdom,0
15406,510.71000000000004,2,254,9.636037735849058,2011-02-11 16:19:00,2011-11-08 13:22:00,United Kingdom,1
15407,1046.74,4,552,7.072567567567567,2011-02-07 13:18:00,2011-11-06 11:55:00,United Kingdom,1
15408,267.18,1,106,7.858235294117647,2011-03-20 15:02:00,2011-03-20 15:02:00,United Kingdom,0
15410,3450.84,8,1200,28.285573770491805,2011-03-23 10:15:00,2011-09-16 14:47:00,United Kingdom,1
15411,1348.93,4,529,13.764591836734695,2011-06-10 12:30:00,2011-11-13 15:19:00,United Kingdom,1
15412,190.53,1,108,19.053,2011-06-21 15:24:00,2011-06-21 15:24:00,United Kingdom,0
15414,774.9000000000001,3,443,19.86923076923077,2011-04-11 13:45:00,2011-11-30 09:50:00,United Kingdom,1
15415,559.61,1,551,11.906595744680851,2011-01-30 14:13:00,2011-01-30 14:13:00,United Kingdom,0
15416,3984.32,4,2090,20.75166666666667,2011-03-02 08:41:00,2011-10-06 09:38:00,United Kingdom,1
15417,508.8,1,284,18.17142857142857,2011-09-15 15:26:00,2011-09-15 15:26:00,United Kingdom,0
15419,135.86,1,230,16.9825,2011-11-15 09:23:00,2011-11-15 09:23:00,United Kingdom,0
15421,950.36,4,500,17.93132075471698,2011-02-02 14:36:00,2011-10-12 09:20:00,United Kingdom,1
15422,97.7,2,38,16.283333333333335,2011-01-20 14:17:00,2011-01-20 16:17:00,United Kingdom,1
15423,43.5,1,101,21.75,2011-11-01 14:01:00,2011-11-01 14:01:00,United Kingdom,0
15424,383.34,2,554,22.54941176470588,2011-03-30 13:00:00,2011-03-30 13:02:00,United Kingdom,1
15426,1404.07,5,656,5.105709090909091,2010-12-05 13:55:00,2011-11-20 15:36:00,United Kingdom,1
15427,1430.54,3,967,4.899109589041096,2011-10-23 14:47:00,2011-11-06 14:29:00,United Kingdom,1
15428,93.78,1,102,15.63,2011-11-24 16:54:00,2011-11-24 16:54:00,United Kingdom,0
15429,397.35,2,380,4.845731707317073,2011-09-25 13:42:00,2011-11-13 12:28:00,United Kingdom,1
15432,171.19,1,65,17.119,2011-11-16 16:30:00,2011-11-16 16:30:00,United Kingdom,0
15433,533.3,2,534,13.00731707317073,2011-03-17 14:12:00,2011-05-10 10:45:00,United Kingdom,1
15434,1041.48,5,647,18.936,2011-05-23 14:18:00,2011-12-01 13:33:00,United Kingdom,1
15435,149.29,1,54,5.147931034482759,2011-11-17 16:39:00,2011-11-17 16:39:00,United Kingdom,0
15436,1067.75,3,574,3.6692439862542954,2011-04-19 16:52:00,2011-11-27 16:05:00,United Kingdom,1
15437,200.16,1,79,4.4479999999999995,2011-03-22 13:11:00,2011-03-22 13:11:00,United Kingdom,0
15438,156.57999999999998,1,59,6.263199999999999,2011-07-31 14:19:00,2011-07-31 14:19:00,United Kingdom,0
15440,383.68,3,197,6.188387096774194,2011-05-15 11:30:00,2011-10-16 12:16:00,United Kingdom,1
15442,594.0,1,120,297.0,2011-04-05 12:24:00,2011-04-05 12:24:00,United Kingdom,0
15443,3213.59,7,1639,8.638682795698925,2011-01-23 13:25:00,2011-12-08 10:40:00,United Kingdom,1
15444,1411.21,2,759,6.594439252336449,2011-10-30 16:12:00,2011-11-30 17:37:00,United Kingdom,1
15445,113.5,1,58,22.7,2011-03-20 15:06:00,2011-03-20 15:06:00,United Kingdom,0
15447,155.17,1,85,17.24111111111111,2011-01-13 11:26:00,2011-01-13 11:26:00,United Kingdom,0
15448,494.64,1,232,17.665714285714284,2011-01-31 10:42:00,2011-01-31 10:42:00,United Kingdom,0
15449,974.52,3,812,16.242,2011-03-23 10:43:00,2011-11-13 15:02:00,United Kingdom,1
15450,429.84,1,376,14.328,2011-11-09 17:11:00,2011-11-09 17:11:00,United Kingdom,0
15452,528.48,3,280,9.437142857142858,2011-03-20 15:21:00,2011-11-10 12:13:00,United Kingdom,1
15453,1371.77,7,837,4.91673835125448,2011-06-05 12:37:00,2011-12-08 10:59:00,United Kingdom,1
15454,179.1,1,86,7.164,2010-12-12 14:21:00,2010-12-12 14:21:00,United Kingdom,0
15456,434.59000000000003,3,633,7.492931034482759,2010-12-15 15:34:00,2011-03-01 13:51:00,United Kingdom,1
15457,237.07,1,132,4.087413793103448,2011-03-22 15:31:00,2011-03-22 15:31:00,United Kingdom,0
15458,161.64,1,156,23.09142857142857,2011-11-14 13:08:00,2011-11-14 13:08:00,United Kingdom,0
15460,214.26,1,107,3.8260714285714283,2010-12-20 16:08:00,2010-12-20 16:08:00,United Kingdom,0
15462,234.6,3,172,21.327272727272728,2011-06-05 15:36:00,2011-09-06 13:11:00,United Kingdom,1
15463,126.14,1,106,18.02,2011-11-10 12:57:00,2011-11-10 12:57:00,United Kingdom,0
15464,1044.65,1,348,6.739677419354839,2011-01-05 15:56:00,2011-01-05 15:56:00,United Kingdom,0
15465,7354.62,18,1257,75.82082474226804,2010-12-05 10:12:00,2011-11-20 10:11:00,United Kingdom,1
15466,334.53,1,246,5.868947368421052,2011-09-15 14:08:00,2011-09-15 14:08:00,United Kingdom,0
15467,524.88,3,310,10.093846153846155,2011-07-10 14:42:00,2011-11-30 14:17:00,United Kingdom,1
15468,467.51,2,155,19.479583333333334,2011-10-19 13:38:00,2011-10-19 13:49:00,United Kingdom,1
15469,538.55,2,153,22.43958333333333,2011-08-11 16:54:00,2011-10-20 16:21:00,United Kingdom,1
15471,454.48,1,256,6.225753424657534,2011-12-07 14:12:00,2011-12-07 14:12:00,United Kingdom,0
15472,371.56,1,251,4.888947368421053,2011-08-18 15:17:00,2011-08-18 15:17:00,United Kingdom,0
15473,1771.2,7,672,161.01818181818183,2011-10-10 11:12:00,2011-11-25 15:15:00,United Kingdom,1
15475,454.10999999999996,1,319,15.658965517241377,2011-09-23 15:20:00,2011-09-23 15:20:00,United Kingdom,0
15478,1399.92,2,575,31.816363636363636,2011-10-14 11:09:00,2011-10-30 14:19:00,United Kingdom,1
15480,905.5,1,303,20.122222222222224,2011-08-15 14:32:00,2011-08-15 14:32:00,Malta,0
15482,10879.76,12,5004,112.16247422680412,2010-12-16 10:08:00,2011-11-24 10:46:00,United Kingdom,1
15483,225.26,4,291,2.6816666666666666,2011-03-18 12:26:00,2011-07-01 13:07:00,United Kingdom,1
15484,3590.41,4,3150,19.200053475935828,2011-09-22 13:31:00,2011-12-08 15:03:00,United Kingdom,1
15485,2564.5,3,1281,30.17058823529412,2010-12-01 13:23:00,2011-11-09 14:31:00,United Kingdom,1
15488,91.32000000000001,1,73,45.660000000000004,2011-09-08 10:11:00,2011-09-08 10:11:00,United Kingdom,0
15489,1134.28,3,608,22.6856,2011-05-12 12:54:00,2011-11-17 08:53:00,United Kingdom,1
15491,3100.09,6,1646,20.130454545454548,2011-04-18 10:04:00,2011-09-05 15:56:00,United Kingdom,1
15492,659.4599999999999,2,483,18.841714285714282,2011-09-26 14:02:00,2011-11-11 14:53:00,United Kingdom,1
15493,1953.41,5,551,6.7592041522491355,2011-03-14 11:44:00,2011-11-07 12:04:00,United Kingdom,1
15494,1280.58,2,1139,10.49655737704918,2011-08-10 15:29:00,2011-11-18 14:51:00,United Kingdom,1
15497,1262.2,2,624,84.14666666666668,2011-01-24 10:01:00,2011-11-22 11:51:00,United Kingdom,1
15498,13316.4,27,6105,26.00859375,2010-12-08 12:29:00,2011-12-07 12:48:00,United Kingdom,1
15500,1131.56,4,572,16.640588235294118,2011-09-19 13:47:00,2011-12-01 13:47:00,United Kingdom,1
15502,10384.93,12,4236,48.75553990610329,2010-12-05 15:40:00,2011-11-24 12:48:00,United Kingdom,1
15503,141.04,1,70,2.1369696969696967,2010-12-12 10:57:00,2010-12-12 10:57:00,United Kingdom,0
15504,52.83,1,33,4.063846153846153,2011-09-19 13:45:00,2011-09-19 13:45:00,United Kingdom,0
15505,3610.96,5,2390,37.22639175257732,2011-07-07 13:33:00,2011-10-18 07:56:00,United Kingdom,1
15506,972.08,3,842,6.03776397515528,2011-07-24 11:45:00,2011-11-17 12:11:00,United Kingdom,1
15507,475.86,1,160,10.574666666666667,2011-06-21 11:19:00,2011-06-21 11:19:00,United Kingdom,0
15508,1000.27,6,440,10.8725,2011-04-18 15:31:00,2011-06-03 15:43:00,United Kingdom,1
15510,250.0,1,2,250.0,2011-01-13 12:10:00,2011-01-13 12:10:00,United Kingdom,0
15511,900.53,5,269,5.699556962025317,2011-09-15 15:05:00,2011-11-28 09:43:00,United Kingdom,1
15512,121.0,2,68,17.285714285714285,2010-12-15 12:01:00,2011-07-07 10:20:00,United Kingdom,1
15513,14758.220000000001,19,5709,47.91629870129871,2010-12-01 11:22:00,2011-11-06 14:36:00,United Kingdom,1
15514,4023.7200000000003,11,2098,24.239277108433736,2010-12-10 13:50:00,2011-11-27 14:40:00,United Kingdom,1
15516,62.43,3,27,4.162,2011-10-24 11:33:00,2011-10-26 10:51:00,United Kingdom,1
15517,267.03,1,293,9.889999999999999,2011-04-20 14:02:00,2011-04-20 14:02:00,United Kingdom,0
15518,1921.55,8,1263,9.150238095238095,2011-01-11 12:55:00,2011-10-06 13:05:00,United Kingdom,1
15520,343.5,1,314,19.083333333333332,2011-12-08 10:58:00,2011-12-08 10:58:00,United Kingdom,0
15521,3000.2,8,1836,16.217297297297296,2011-03-30 09:15:00,2011-10-30 13:42:00,United Kingdom,1
15522,397.99,2,572,7.106964285714286,2011-09-13 12:26:00,2011-11-07 11:26:00,United Kingdom,1
15523,412.01000000000005,1,132,41.20100000000001,2011-09-16 16:29:00,2011-09-16 16:29:00,United Kingdom,0
15524,440.0,1,4,440.0,2011-11-15 12:09:00,2011-11-15 12:09:00,United Kingdom,0
15525,734.37,3,387,4.7075000000000005,2010-12-01 13:17:00,2011-12-07 14:43:00,United Kingdom,1
15526,148.44,2,24,37.11,2011-11-06 15:01:00,2011-11-06 15:04:00,United Kingdom,1
15527,2428.53,8,991,14.990925925925927,2010-12-20 14:15:00,2011-11-21 12:17:00,United Kingdom,1
15528,229.33,1,123,8.820384615384615,2011-03-30 16:14:00,2011-03-30 16:14:00,United Kingdom,0
15529,3962.6,11,3455,5.985800604229607,2010-12-08 12:24:00,2011-11-17 11:29:00,United Kingdom,1
15530,1497.31,4,938,13.993551401869158,2011-04-07 11:16:00,2011-11-18 12:25:00,United Kingdom,1
15531,1972.39,2,1085,9.00634703196347,2011-11-09 17:47:00,2011-12-01 18:43:00,United Kingdom,1
15532,1564.73,4,515,6.23398406374502,2010-12-16 16:45:00,2011-11-14 14:51:00,United Kingdom,1
15533,807.57,3,289,9.729759036144578,2011-09-11 15:41:00,2011-11-20 15:35:00,United Kingdom,1
15535,502.9,4,135,6.984722222222222,2011-01-16 12:35:00,2011-06-19 16:02:00,United Kingdom,1
15537,110.92,1,29,4.621666666666667,2011-06-29 13:10:00,2011-06-29 13:10:00,United Kingdom,0
15539,538.46,1,410,13.133170731707319,2011-12-02 13:36:00,2011-12-02 13:36:00,United Kingdom,0
15540,213.3,1,200,14.22,2011-11-28 13:51:00,2011-11-28 13:51:00,United Kingdom,0
15541,85.13000000000001,1,49,2.9355172413793107,2011-08-17 14:58:00,2011-08-17 14:58:00,United Kingdom,0
15543,127.86,1,86,4.566428571428571,2011-02-24 15:26:00,2011-02-24 15:26:00,United Kingdom,0
15544,3546.71,9,3109,13.693861003861004,2010-12-02 12:47:00,2011-11-30 16:43:00,United Kingdom,1
15545,288.96999999999997,2,162,3.612125,2010-12-03 17:28:00,2011-10-16 13:24:00,United Kingdom,1
15547,4910.6,14,3999,7.065611510791367,2010-12-12 13:26:00,2011-12-02 12:52:00,United Kingdom,1
15549,1681.46,3,694,14.749649122807018,2011-01-27 15:38:00,2011-09-23 16:22:00,United Kingdom,1
15550,575.63,4,295,9.43655737704918,2011-02-11 12:49:00,2011-12-05 15:38:00,United Kingdom,1
15551,436.06,1,218,15.036551724137931,2011-11-03 12:37:00,2011-11-03 12:37:00,United Kingdom,0
15552,90.12,1,60,5.301176470588236,2011-05-06 14:47:00,2011-05-06 14:47:00,United Kingdom,0
15553,428.93,1,449,7.798727272727273,2011-10-10 14:02:00,2011-10-10 14:02:00,United Kingdom,0
15554,217.2,1,74,15.514285714285714,2011-03-07 09:00:00,2011-03-07 09:00:00,United Kingdom,0
15555,4794.86,16,4427,5.4057046223224345,2010-12-05 14:45:00,2011-11-27 16:19:00,United Kingdom,1
15556,279.77,1,236,9.024838709677418,2011-11-15 16:08:00,2011-11-15 16:08:00,United Kingdom,0
15557,468.91,1,213,24.679473684210528,2011-11-11 12:46:00,2011-11-11 12:46:00,United Kingdom,0
15561,800.59,4,267,29.651481481481483,2011-05-08 11:38:00,2011-11-28 11:07:00,United Kingdom,1
15562,134.55,1,39,134.55,2010-12-23 09:55:00,2010-12-23 09:55:00,United Kingdom,0
15563,1400.44,4,1501,12.393274336283186,2010-12-16 11:27:00,2011-11-17 14:50:00,United Kingdom,1
15565,173.16,2,60,21.645,2011-09-30 10:44:00,2011-10-20 14:33:00,United Kingdom,1
15567,186.01,1,223,26.572857142857142,2011-11-21 10:48:00,2011-11-21 10:48:00,United Kingdom,0
15568,758.29,3,461,14.307358490566036,2011-09-27 14:37:00,2011-12-07 11:27:00,United Kingdom,1
15569,1375.71,5,666,44.377741935483876,2011-01-11 13:26:00,2011-08-28 10:15:00,United Kingdom,1
15570,4148.82,12,2063,13.005705329153605,2010-12-05 12:57:00,2011-12-02 14:47:00,United Kingdom,1
15571,650.4300000000001,4,264,11.411052631578949,2011-09-22 13:15:00,2011-11-28 10:02:00,United Kingdom,1
15572,2533.42,7,1213,11.950094339622641,2011-03-06 14:44:00,2011-12-05 10:09:00,United Kingdom,1
15573,591.1899999999999,2,355,6.094742268041236,2011-09-15 12:16:00,2011-11-08 11:38:00,United Kingdom,1
15574,675.64,4,332,4.445,2010-12-02 15:46:00,2011-06-15 12:01:00,United Kingdom,1
15576,921.37,1,394,21.427209302325583,2011-11-02 12:03:00,2011-11-02 12:03:00,United Kingdom,0
15577,258.88,3,89,6.637948717948718,2011-02-07 13:32:00,2011-07-11 17:03:00,United Kingdom,1
15578,127.1,1,52,9.776923076923076,2011-06-30 13:03:00,2011-06-30 13:03:00,United Kingdom,0
15579,327.6,2,117,6.825,2011-01-30 12:09:00,2011-10-02 12:45:00,United Kingdom,1
15581,3675.77,13,284,25.005238095238095,2010-12-08 14:38:00,2011-08-11 09:38:00,United Kingdom,1
15582,682.9100000000001,3,453,15.52068181818182,2011-05-03 13:36:00,2011-11-15 09:55:00,United Kingdom,1
15584,720.86,4,313,5.908688524590164,2011-06-30 16:39:00,2011-11-16 10:55:00,United Kingdom,1
15585,455.3,1,320,14.687096774193549,2011-06-16 08:38:00,2011-06-16 08:38:00,United Kingdom,0
15587,913.6800000000001,4,312,101.52000000000001,2010-12-23 09:59:00,2011-10-20 13:37:00,United Kingdom,1
15589,478.53000000000003,3,243,16.501034482758623,2011-02-02 10:46:00,2011-03-29 09:54:00,United Kingdom,1
15592,388.58,1,354,16.190833333333334,2011-10-24 08:59:00,2011-10-24 08:59:00,United Kingdom,0
15593,199.8,1,60,39.96,2011-09-30 11:46:00,2011-09-30 11:46:00,United Kingdom,0
15594,1771.78,5,983,17.201747572815535,2011-04-19 10:08:00,2011-11-24 08:53:00,United Kingdom,1
15596,1406.59,5,561,18.267402597402597,2010-12-09 16:10:00,2011-08-31 10:55:00,United Kingdom,1
15597,324.57,1,279,14.753181818181817,2011-11-04 13:26:00,2011-11-04 13:26:00,United Kingdom,0
15598,240.68,1,160,17.19142857142857,2011-10-17 16:04:00,2011-10-17 16:04:00,United Kingdom,0
15599,761.74,2,718,14.648846153846154,2011-05-19 13:05:00,2011-11-13 11:44:00,United Kingdom,1
15601,6776.56,14,4983,16.52819512195122,2010-12-02 10:39:00,2011-11-28 15:15:00,United Kingdom,1
15602,1297.8700000000001,9,1141,27.61425531914894,2010-12-06 15:35:00,2011-12-01 14:14:00,United Kingdom,1
15603,48.480000000000004,1,96,24.240000000000002,2011-09-22 10:04:00,2011-09-22 10:04:00,United Kingdom,0
15604,216.39,1,159,12.728823529411764,2011-10-18 14:47:00,2011-10-18 14:47:00,United Kingdom,0
15605,1198.23,5,441,17.88402985074627,2010-12-01 13:38:00,2011-11-03 14:17:00,United Kingdom,1
15606,2920.16,9,892,37.92415584415584,2011-01-19 12:07:00,2011-10-09 15:47:00,United Kingdom,1
15607,104.76,1,202,8.05846153846154,2011-01-07 12:44:00,2011-01-07 12:44:00,United Kingdom,0
15608,1093.68,4,714,18.228,2011-08-11 09:56:00,2011-11-11 13:20:00,United Kingdom,1
15609,298.48,1,148,18.655,2011-06-08 13:00:00,2011-06-08 13:00:00,United Kingdom,0
15610,112.46000000000001,1,66,18.743333333333336,2011-10-19 10:36:00,2011-10-19 10:36:00,United Kingdom,0
15611,1591.45,13,504,37.01046511627907,2011-01-09 11:32:00,2011-11-30 12:36:00,United Kingdom,1
15612,195.15,2,52,32.525,2011-10-09 12:49:00,2011-11-03 14:52:00,United Kingdom,1
15615,10399.74,23,5508,24.585673758865248,2010-12-15 16:21:00,2011-11-29 14:42:00,United Kingdom,1
15618,776.851,4,454,17.263355555555556,2011-07-26 10:13:00,2011-11-07 08:34:00,United Kingdom,1
15619,336.40000000000003,1,136,112.13333333333334,2011-11-29 08:14:00,2011-11-29 08:14:00,United Kingdom,0
15620,1553.18,3,915,15.5318,2010-12-16 14:34:00,2011-10-14 12:41:00,United Kingdom,1
15621,1293.03,4,501,80.814375,2011-11-18 11:49:00,2011-12-05 14:01:00,United Kingdom,1
15622,3709.56,9,1674,20.051675675675675,2011-03-02 13:42:00,2011-10-27 16:44:00,United Kingdom,1
15623,301.03,1,125,15.843684210526314,2011-07-21 17:26:00,2011-07-21 17:26:00,United Kingdom,0
15624,588.13,4,357,17.297941176470587,2011-03-28 13:32:00,2011-08-15 11:38:00,United Kingdom,1
15625,1534.26,4,1188,23.9728125,2011-04-18 14:01:00,2011-08-28 10:21:00,United Kingdom,1
15626,675.8,2,766,13.791836734693877,2011-01-14 10:10:00,2011-09-26 10:03:00,United Kingdom,1
15628,2870.2400000000002,9,1894,18.51767741935484,2010-12-08 09:51:00,2011-12-05 10:24:00,United Kingdom,1
15630,1186.35,2,800,19.772499999999997,2011-05-19 10:16:00,2011-10-25 15:36:00,United Kingdom,1
15632,3285.31,8,2109,19.67251497005988,2011-03-10 08:29:00,2011-11-24 09:51:00,United Kingdom,1
15634,243.55,1,99,16.236666666666668,2011-11-22 16:28:00,2011-11-22 16:28:00,United Kingdom,0
15636,724.76,2,284,28.9904,2011-03-02 14:50:00,2011-09-11 11:17:00,United Kingdom,1
15637,223.36,1,128,14.890666666666668,2011-10-18 08:28:00,2011-10-18 08:28:00,United Kingdom,0
15639,425.32,1,323,17.0128,2011-07-28 14:30:00,2011-07-28 14:30:00,United Kingdom,0
15640,12416.11,15,6572,26.084264705882354,2010-12-02 15:40:00,2011-12-05 14:35:00,United Kingdom,1
15641,1887.2,4,1562,15.858823529411765,2010-12-15 14:45:00,2011-08-26 14:04:00,United Kingdom,1
15643,664.0,3,246,20.12121212121212,2011-03-02 14:34:00,2011-06-01 07:38:00,United Kingdom,1
15644,803.54,4,550,3.4635344827586207,2011-03-23 15:37:00,2011-06-26 14:54:00,United Kingdom,1
15645,612.01,1,256,11.769423076923077,2011-11-21 11:55:00,2011-11-21 11:55:00,United Kingdom,0
15646,447.64000000000004,3,394,12.789714285714288,2010-12-02 16:59:00,2011-07-05 09:53:00,United Kingdom,1
15648,639.5,2,218,26.645833333333332,2011-03-17 18:59:00,2011-05-19 15:53:00,United Kingdom,1
15649,816.0,2,192,408.0,2010-12-07 10:06:00,2011-01-07 13:34:00,United Kingdom,1
15651,646.3,3,479,20.196875,2011-03-24 08:56:00,2011-11-03 08:41:00,United Kingdom,1
15652,337.74,1,208,16.082857142857144,2011-09-09 14:22:00,2011-09-09 14:22:00,United Kingdom,0
15653,877.4399999999999,2,1200,146.23999999999998,2011-08-16 09:50:00,2011-09-08 10:49:00,United Kingdom,1
15654,922.53,2,475,43.93,2011-11-13 15:15:00,2011-11-30 13:08:00,United Kingdom,1
15655,560.67,1,324,16.490294117647057,2011-04-10 15:25:00,2011-04-10 15:25:00,United Kingdom,0
15656,748.5,4,343,15.925531914893616,2011-02-28 15:32:00,2011-10-25 14:56:00,United Kingdom,1
15657,30.0,1,24,30.0,2011-11-17 12:19:00,2011-11-17 12:19:00,United Kingdom,0
15658,1024.1000000000001,5,242,21.33541666666667,2010-12-02 10:53:00,2011-06-02 15:22:00,United Kingdom,1
15659,306.45,1,111,27.85909090909091,2011-10-27 09:23:00,2011-10-27 09:23:00,United Kingdom,0
15660,1600.86,9,1050,17.787333333333333,2010-12-09 09:49:00,2011-11-14 16:58:00,United Kingdom,1
15661,309.8,2,236,61.96,2011-01-05 12:32:00,2011-01-26 13:56:00,United Kingdom,1
15663,138.14,1,106,15.348888888888887,2011-08-25 15:50:00,2011-08-25 15:50:00,United Kingdom,0
15664,386.43,1,157,22.731176470588235,2011-10-20 10:57:00,2011-10-20 10:57:00,United Kingdom,0
15665,2222.21,2,1654,19.323565217391305,2011-04-10 15:09:00,2011-06-24 14:57:00,United Kingdom,1
15667,301.32,1,240,23.178461538461537,2011-10-31 10:56:00,2011-10-31 10:56:00,United Kingdom,0
15668,76.32000000000001,1,72,76.32000000000001,2011-05-06 10:39:00,2011-05-06 10:39:00,United Kingdom,0
15669,684.34,4,342,20.737575757575758,2011-03-21 09:13:00,2011-10-30 16:03:00,United Kingdom,1
15670,173.05,1,91,14.420833333333334,2011-02-16 10:50:00,2011-02-16 10:50:00,United Kingdom,0
15671,2657.13,7,1699,34.065769230769234,2011-03-14 09:37:00,2011-11-21 12:43:00,United Kingdom,1
15673,2726.23,4,1451,19.755289855072466,2011-01-16 16:25:00,2011-09-12 16:12:00,United Kingdom,1
15674,2446.6,5,1275,21.46140350877193,2011-03-30 09:19:00,2011-09-27 15:17:00,United Kingdom,1
15675,323.69,3,527,15.413809523809524,2011-03-04 14:21:00,2011-09-19 13:48:00,United Kingdom,1
15676,3435.76,3,2252,17.00871287128713,2011-03-01 10:19:00,2011-11-21 12:40:00,United Kingdom,1
15677,657.23,1,319,19.916060606060608,2011-10-21 15:36:00,2011-10-21 15:36:00,United Kingdom,0
15678,352.7,1,184,29.391666666666666,2011-10-18 09:25:00,2011-10-18 09:25:00,United Kingdom,0
15679,781.28,4,1170,7.102545454545455,2011-06-10 08:24:00,2011-11-15 16:19:00,United Kingdom,1
15680,1333.68,3,952,17.09846153846154,2010-12-08 14:43:00,2011-11-30 13:46:00,United Kingdom,1
15681,1426.16,5,816,26.90867924528302,2011-03-04 13:46:00,2011-11-14 16:30:00,United Kingdom,1
15683,193.75,1,131,19.375,2011-08-14 12:56:00,2011-08-14 12:56:00,United Kingdom,0
15687,2993.1,9,1310,18.030722891566263,2011-01-13 15:13:00,2011-12-01 08:33:00,United Kingdom,1
15689,254.1,2,84,28.233333333333334,2010-12-13 09:57:00,2011-08-12 09:37:00,United Kingdom,1
15690,239.76,2,408,12.618947368421052,2011-08-31 11:40:00,2011-12-05 15:59:00,United Kingdom,1
15691,136.8,1,72,68.4,2011-04-01 15:13:00,2011-04-01 15:13:00,United Kingdom,0
15692,191.04,1,138,15.92,2011-11-11 14:12:00,2011-11-11 14:12:00,United Kingdom,0
15694,6479.4,14,1677,83.06923076923077,2010-12-02 07:49:00,2011-12-09 09:44:00,United Kingdom,1
15695,409.98,2,212,18.635454545454547,2011-03-18 08:31:00,2011-03-18 08:32:00,United Kingdom,1
15696,2711.11,8,1015,16.137559523809525,2011-01-17 11:24:00,2011-11-06 14:02:00,United Kingdom,1
15699,309.65,1,113,17.202777777777776,2011-11-22 08:26:00,2011-11-22 08:26:00,United Kingdom,0
15700,696.68,2,357,8.10093023255814,2011-06-19 15:36:00,2011-06-20 16:53:00,United Kingdom,1
15701,1529.0,4,912,6.647826086956521,2011-08-21 12:36:00,2011-12-07 14:39:00,United Kingdom,1
15703,211.5,1,66,42.3,2011-03-20 10:51:00,2011-03-20 10:51:00,United Kingdom,0
15704,2293.62,4,1028,19.603589743589744,2011-05-08 12:42:00,2011-07-22 13:35:00,United Kingdom,1
15705,143.1,1,62,23.849999999999998,2011-05-22 15:37:00,2011-05-22 15:37:00,United Kingdom,0
15706,1060.56,4,321,19.28290909090909,2011-08-15 14:32:00,2011-10-07 10:09:00,United Kingdom,1
15707,916.98,4,594,4.473073170731707,2011-09-14 14:19:00,2011-11-04 14:35:00,United Kingdom,1
15708,3235.25,7,1217,11.8507326007326,2010-12-05 11:12:00,2011-10-30 10:54:00,United Kingdom,1
15709,133.25,1,121,22.208333333333332,2011-03-01 10:38:00,2011-03-01 10:38:00,United Kingdom,0
15712,1072.3600000000001,5,486,20.233207547169815,2011-02-25 11:32:00,2011-11-30 14:09:00,United Kingdom,1
15713,356.7,2,150,18.773684210526316,2010-12-08 15:16:00,2011-07-19 13:34:00,United Kingdom,1
15714,330.03000000000003,2,186,9.706764705882353,2011-09-23 11:25:00,2011-11-28 11:26:00,United Kingdom,1
15716,1101.1100000000001,4,738,9.411196581196583,2010-12-05 12:26:00,2011-07-17 11:59:00,United Kingdom,1
15717,150.3,1,70,21.47142857142857,2011-04-19 13:21:00,2011-04-19 13:21:00,United Kingdom,0
15719,5030.07,13,2718,5.402867883995703,2011-01-06 12:31:00,2011-11-07 12:29:00,United Kingdom,1
15720,598.73,1,281,4.677578125,2011-11-15 14:48:00,2011-11-15 14:48:00,United Kingdom,0
15721,471.40000000000003,1,388,5.611904761904762,2011-11-28 12:14:00,2011-11-28 12:14:00,United Kingdom,0
15722,2211.21,5,1023,33.00313432835821,2011-02-22 12:24:00,2011-11-04 11:43:00,United Kingdom,1
15723,190.7,1,73,5.018421052631578,2010-12-10 11:12:00,2010-12-10 11:12:00,United Kingdom,0
15724,218.25,2,73,19.84090909090909,2011-02-28 10:40:00,2011-05-22 14:40:00,United Kingdom,1
15725,415.25,1,221,12.9765625,2011-11-24 14:51:00,2011-11-24 14:51:00,United Kingdom,0
15727,5159.06,7,3063,17.139734219269105,2010-12-15 15:47:00,2011-11-23 12:36:00,United Kingdom,1
15729,85.0,1,28,17.0,2011-05-11 12:36:00,2011-05-11 12:36:00,United Kingdom,0
15730,1120.88,3,689,16.01257142857143,2011-05-17 12:43:00,2011-10-05 12:31:00,United Kingdom,1
15732,294.12,2,215,21.00857142857143,2010-12-02 15:00:00,2011-05-11 14:24:00,United Kingdom,1
15733,162.3,1,62,16.23,2011-03-02 09:05:00,2011-03-02 09:05:00,United Kingdom,0
15734,1339.45,2,346,51.517307692307696,2011-05-23 14:59:00,2011-08-17 10:50:00,United Kingdom,1
15737,1188.1200000000001,8,597,16.734084507042255,2011-04-11 10:01:00,2011-11-25 11:21:00,United Kingdom,1
15738,4812.42,16,2982,27.817456647398846,2010-12-02 12:50:00,2011-11-21 08:26:00,United Kingdom,1
15739,449.12,1,472,56.14,2011-10-04 13:42:00,2011-10-04 13:42:00,United Kingdom,0
15740,154.88,1,152,17.20888888888889,2011-10-21 14:29:00,2011-10-21 14:29:00,United Kingdom,0
15743,775.96,4,214,9.022790697674418,2011-06-08 10:14:00,2011-11-23 17:19:00,United Kingdom,1
15744,34.8,1,120,11.6,2011-09-23 09:52:00,2011-09-23 09:52:00,United Kingdom,0
15745,1094.59,4,421,17.654677419354837,2011-04-17 13:04:00,2011-11-20 13:45:00,United Kingdom,1
15746,196.88,1,178,7.031428571428571,2011-07-28 15:21:00,2011-07-28 15:21:00,United Kingdom,0
15747,946.64,3,466,10.518222222222223,2011-06-20 11:30:00,2011-11-27 12:26:00,United Kingdom,1
15748,144.36,1,50,7.218000000000001,2011-10-30 12:51:00,2011-10-30 12:51:00,United Kingdom,0
15749,44534.3,3,18028,4453.43,2011-01-11 12:55:00,2011-04-18 13:20:00,United Kingdom,1
15750,2463.05,8,1783,8.464089347079039,2010-12-08 10:36:00,2011-12-07 12:34:00,United Kingdom,1
15752,2626.6,7,1960,6.485432098765432,2010-12-02 09:43:00,2011-10-31 11:37:00,United Kingdom,1
15753,79.2,1,144,79.2,2011-02-08 12:41:00,2011-02-08 12:41:00,United Kingdom,0
15754,458.57,3,199,16.3775,2011-04-07 12:24:00,2011-10-19 14:40:00,United Kingdom,1
15755,2364.25,6,1427,16.7677304964539,2011-02-18 11:53:00,2011-11-29 14:57:00,United Kingdom,1
15756,528.01,4,241,2.764450261780105,2011-04-04 14:00:00,2011-10-09 13:30:00,United Kingdom,1
15757,714.42,2,491,15.876,2011-05-06 11:40:00,2011-10-05 12:14:00,United Kingdom,1
15758,205.25,1,47,22.805555555555557,2011-11-15 10:48:00,2011-11-15 10:48:00,United Kingdom,0
15759,253.04,3,60,36.14857142857143,2010-12-16 15:29:00,2011-05-05 15:13:00,United Kingdom,1
15762,583.75,2,251,15.777027027027026,2011-09-23 15:17:00,2011-10-05 16:15:00,United Kingdom,1
15763,1086.92,2,271,17.818360655737706,2011-09-23 12:10:00,2011-11-08 09:44:00,United Kingdom,1
15764,3279.97,6,2050,18.222055555555553,2011-03-08 09:23:00,2011-09-12 17:58:00,United Kingdom,1
15766,315.06,1,170,28.64181818181818,2011-10-06 17:03:00,2011-10-06 17:03:00,United Kingdom,0
15768,621.8299999999999,3,244,23.03074074074074,2011-04-28 09:20:00,2011-08-16 10:48:00,United Kingdom,1
15769,56252.72,26,29672,432.7132307692308,2010-12-03 15:16:00,2011-12-02 13:52:00,United Kingdom,1
15773,635.6800000000001,1,311,63.568000000000005,2011-12-04 12:48:00,2011-12-04 12:48:00,United Kingdom,0
15774,270.8,1,87,10.832,2011-10-02 12:04:00,2011-10-02 12:04:00,United Kingdom,0
15775,104.9,1,68,14.985714285714286,2011-04-08 12:56:00,2011-04-08 12:56:00,United Kingdom,0
15776,241.62,1,138,13.423333333333334,2011-07-29 13:46:00,2011-07-29 13:46:00,United Kingdom,0
15777,1047.11,4,378,49.862380952380946,2010-12-13 16:38:00,2011-04-12 16:43:00,United Kingdom,1
15780,475.28000000000003,3,220,16.38896551724138,2010-12-17 11:43:00,2011-06-09 12:01:00,United Kingdom,1
15781,345.46,3,180,17.273,2011-02-07 09:15:00,2011-11-14 14:57:00,United Kingdom,1
15782,2614.7400000000002,3,864,60.80790697674419,2011-09-11 14:29:00,2011-11-30 10:49:00,United Kingdom,1
15783,246.3,1,212,17.592857142857145,2011-11-29 09:50:00,2011-11-29 09:50:00,United Kingdom,0
15785,2328.9700000000003,5,1612,28.059879518072293,2011-02-17 14:17:00,2011-11-07 11:33:00,United Kingdom,1
15786,4919.0,3,3340,18.492481203007518,2011-08-17 13:33:00,2011-10-24 14:13:00,United Kingdom,1
15787,933.26,3,534,4.6663,2011-10-09 13:11:00,2011-11-13 14:55:00,United Kingdom,1
15789,351.3,1,438,14.052,2010-12-16 14:35:00,2010-12-16 14:35:00,United Kingdom,0
15790,218.75,1,113,6.4338235294117645,2011-11-29 14:53:00,2011-11-29 14:53:00,United Kingdom,0
15791,1612.69,2,731,21.502533333333336,2011-05-19 15:15:00,2011-10-27 10:14:00,United Kingdom,1
15793,965.61,3,553,80.4675,2011-03-16 10:45:00,2011-11-25 09:31:00,United Kingdom,1
15795,610.01,1,581,14.524047619047618,2011-07-13 10:43:00,2011-07-13 10:43:00,United Kingdom,0
15796,2708.61,8,860,20.519772727272727,2011-02-10 15:40:00,2011-12-08 19:55:00,United Kingdom,1
15797,2207.4,4,873,275.925,2011-01-24 15:47:00,2011-08-18 17:04:00,United Kingdom,1
15799,884.14,3,955,9.021836734693878,2011-01-09 15:13:00,2011-09-25 12:46:00,United Kingdom,1
15800,696.89,2,332,5.956324786324786,2011-04-07 12:39:00,2011-08-24 14:23:00,United Kingdom,1
15801,1063.95,3,570,16.62421875,2011-08-22 09:53:00,2011-10-24 13:52:00,United Kingdom,1
15802,451.42,1,1,451.42,2011-07-20 11:38:00,2011-07-20 11:38:00,United Kingdom,0
15803,415.82000000000005,1,290,51.977500000000006,2011-10-19 14:56:00,2011-10-19 14:56:00,United Kingdom,0
15804,4206.39,13,2567,15.9938783269962,2011-05-25 10:12:00,2011-12-09 12:31:00,United Kingdom,1
15805,5488.18,17,3367,18.355117056856187,2010-12-10 09:33:00,2011-11-16 16:32:00,United Kingdom,1
15806,784.58,3,602,25.309032258064516,2011-03-08 09:24:00,2011-10-24 14:35:00,United Kingdom,1
15807,903.9,3,430,18.83125,2011-09-23 14:43:00,2011-10-20 14:10:00,United Kingdom,1
15808,3651.27,4,1305,18.72446153846154,2010-12-05 13:05:00,2011-02-06 14:33:00,United Kingdom,1
15809,515.77,5,301,14.736285714285714,2011-02-10 11:16:00,2011-11-03 16:40:00,United Kingdom,1
15810,1391.98,4,861,15.640224719101123,2011-02-16 09:11:00,2011-09-22 09:38:00,United Kingdom,1
15811,2218.62,6,1071,16.681353383458646,2010-12-09 15:29:00,2011-11-17 15:31:00,United Kingdom,1
15812,1801.14,5,922,43.930243902439024,2011-01-26 12:12:00,2011-08-24 14:19:00,United Kingdom,1
15813,1303.9099999999999,2,603,32.59775,2011-04-14 09:09:00,2011-05-16 08:13:00,United Kingdom,1
15814,1945.33,4,1271,27.018472222222222,2011-10-20 09:04:00,2011-11-23 08:17:00,United Kingdom,1
15815,2100.6,5,1856,42.86938775510204,2011-03-25 08:43:00,2011-10-07 12:42:00,United Kingdom,1
15819,1905.45,4,1357,15.491463414634147,2011-03-08 09:45:00,2011-10-21 14:50:00,United Kingdom,1
15820,206.98,1,128,12.175294117647057,2011-01-24 12:00:00,2011-01-24 12:00:00,United Kingdom,0
15821,570.96,2,202,9.209032258064516,2011-10-09 13:28:00,2011-10-26 15:48:00,United Kingdom,1
15822,885.47,2,375,26.832424242424242,2010-12-15 13:38:00,2011-12-06 14:50:00,United Kingdom,1
15823,15.0,1,1,15.0,2010-12-02 15:08:00,2010-12-02 15:08:00,United Kingdom,0
15825,532.94,1,220,26.647000000000002,2011-06-20 13:27:00,2011-06-20 13:27:00,United Kingdom,0
15826,1654.31,3,963,24.328088235294118,2011-05-13 10:44:00,2011-10-14 16:05:00,United Kingdom,1
15827,1836.0900000000001,14,882,15.966000000000001,2010-12-02 13:06:00,2011-09-27 15:35:00,United Kingdom,1
15829,636.14,2,996,12.473333333333333,2011-07-22 10:23:00,2011-09-01 16:45:00,United Kingdom,1
15830,576.0,1,415,14.76923076923077,2011-11-02 10:40:00,2011-11-02 10:40:00,United Kingdom,0
15831,794.64,3,1092,12.04,2011-01-19 14:52:00,2011-10-12 13:14:00,United Kingdom,1
15832,836.79,1,465,15.49611111111111,2011-03-30 15:29:00,2011-03-30 15:29:00,United Kingdom,0
15834,2225.15,4,961,8.271933085501859,2011-03-07 17:52:00,2011-09-30 14:41:00,United Kingdom,1
15835,954.09,4,439,19.0818,2011-01-13 10:35:00,2011-10-26 15:47:00,United Kingdom,1
15836,137.37,1,26,13.737,2011-10-20 17:13:00,2011-10-20 17:13:00,United Kingdom,0
15837,391.98,1,189,16.3325,2011-10-06 09:01:00,2011-10-06 09:01:00,United Kingdom,0
15838,33643.08,19,18368,201.45556886227547,2010-12-07 11:26:00,2011-11-28 14:00:00,United Kingdom,1
15839,1048.49,3,675,16.911129032258064,2011-07-14 16:35:00,2011-11-06 13:54:00,United Kingdom,1
15840,355.56,2,396,13.168888888888889,2011-06-20 11:42:00,2011-10-12 09:08:00,United Kingdom,1
15841,1224.06,4,942,26.043829787234042,2011-01-05 11:25:00,2011-09-28 12:15:00,United Kingdom,1
15843,118.95000000000002,1,27,14.868750000000002,2011-02-09 10:19:00,2011-02-09 10:19:00,United Kingdom,0
15844,130.73999999999998,1,134,11.885454545454543,2011-10-24 15:19:00,2011-10-24 15:19:00,United Kingdom,0
15845,3711.77,8,1926,26.896884057971015,2011-01-06 17:19:00,2011-11-22 09:42:00,United Kingdom,1
15847,389.27,2,449,17.694090909090907,2011-02-24 16:46:00,2011-11-01 14:41:00,United Kingdom,1
15850,234.88,2,298,2.525591397849462,2011-06-24 14:16:00,2011-11-20 14:14:00,United Kingdom,1
15852,160.71,2,48,7.305000000000001,2011-05-26 13:26:00,2011-06-06 11:22:00,United Kingdom,1
15853,110.8,1,135,3.6933333333333334,2011-10-19 10:38:00,2011-10-19 10:38:00,United Kingdom,0
15854,2969.12,12,926,21.51536231884058,2010-12-13 11:47:00,2011-12-05 13:39:00,United Kingdom,1
15855,712.24,5,470,8.903,2011-03-21 12:32:00,2011-07-26 10:20:00,United Kingdom,1
15856,16143.64,27,10866,25.706433121019106,2010-12-09 13:34:00,2011-12-05 17:09:00,United Kingdom,1
15857,297.0,1,308,21.214285714285715,2011-11-21 12:18:00,2011-11-21 12:18:00,United Kingdom,0
15858,1427.57,5,1163,7.59345744680851,2010-12-07 14:31:00,2011-11-24 12:48:00,United Kingdom,1
15860,965.16,8,437,6.943597122302158,2010-12-06 11:38:00,2011-10-30 11:25:00,United Kingdom,1
15861,3146.92,8,2528,5.82762962962963,2011-03-17 20:12:00,2011-11-27 15:59:00,United Kingdom,1
15862,832.88,4,585,5.665850340136054,2010-12-01 11:21:00,2011-12-01 13:28:00,United Kingdom,1
15863,68.84,2,19,3.8244444444444445,2011-05-31 11:36:00,2011-11-14 12:49:00,United Kingdom,1
15864,1936.3200000000002,6,1192,96.816,2011-01-27 16:43:00,2011-11-17 13:32:00,United Kingdom,1
15865,895.13,3,368,22.37825,2011-05-10 11:44:00,2011-10-30 12:43:00,United Kingdom,1
15866,211.89,1,124,4.927674418604651,2011-08-30 14:09:00,2011-08-30 14:09:00,United Kingdom,0
15867,3810.14,15,2052,8.300958605664487,2010-12-05 14:17:00,2011-12-04 13:32:00,United Kingdom,1
15869,149.64,2,175,9.975999999999999,2011-03-07 17:19:00,2011-03-07 17:23:00,United Kingdom,1
15870,351.44,1,333,4.749189189189189,2011-11-07 10:58:00,2011-11-07 10:58:00,United Kingdom,0
15872,316.25,2,187,2.928240740740741,2011-11-25 11:54:00,2011-11-25 11:55:00,United Kingdom,1
15874,4405.88,7,2534,36.71566666666667,2011-02-28 13:28:00,2011-10-07 12:31:00,United Kingdom,1
15877,490.33,2,368,3.8915079365079364,2011-11-22 11:18:00,2011-12-08 11:53:00,United Kingdom,1
15880,329.03000000000003,1,202,3.4273958333333336,2010-12-05 13:00:00,2010-12-05 13:00:00,United Kingdom,0
15881,501.39000000000004,5,260,17.289310344827587,2010-12-10 13:32:00,2011-01-31 16:59:00,United Kingdom,1
15882,516.36,4,276,22.450434782608696,2010-12-06 13:01:00,2011-05-25 11:35:00,United Kingdom,1
15883,396.48,2,223,8.091428571428573,2011-11-06 14:50:00,2011-12-07 17:05:00,United Kingdom,1
15885,379.35,3,111,21.075000000000003,2011-02-03 15:28:00,2011-09-08 10:43:00,United Kingdom,1
15886,181.09,1,147,15.090833333333334,2011-10-10 14:25:00,2011-10-10 14:25:00,United Kingdom,0
15888,168.31,1,76,14.025833333333333,2011-09-20 12:30:00,2011-09-20 12:30:00,United Kingdom,0
15889,420.07,2,206,4.942,2010-12-05 15:12:00,2011-07-06 11:10:00,United Kingdom,1
15891,511.68,1,418,8.528,2011-04-27 12:35:00,2011-04-27 12:35:00,United Kingdom,0
15894,258.25,2,164,6.97972972972973,2010-12-05 14:06:00,2011-03-31 13:50:00,United Kingdom,1
15895,179.17,1,94,16.288181818181815,2011-07-13 10:27:00,2011-07-13 10:27:00,United Kingdom,0
15897,208.59,2,223,9.481363636363637,2011-05-29 13:32:00,2011-05-29 13:50:00,United Kingdom,1
15898,1383.83,5,567,16.474166666666665,2010-12-06 11:01:00,2011-12-08 15:23:00,United Kingdom,1
15899,56.25,1,39,14.0625,2010-12-06 10:36:00,2010-12-06 10:36:00,United Kingdom,0
15900,337.28,1,216,7.176170212765957,2011-11-16 12:19:00,2011-11-16 12:19:00,United Kingdom,0
15901,351.73,3,379,3.168738738738739,2011-07-08 12:18:00,2011-11-23 12:43:00,United Kingdom,1
15903,5126.76,7,2410,69.28054054054054,2011-02-17 14:04:00,2011-11-30 08:08:00,United Kingdom,1
15904,164.68,1,84,5.489333333333334,2011-12-01 14:50:00,2011-12-01 14:50:00,United Kingdom,0
15906,1567.69,7,544,10.451266666666667,2011-03-29 13:28:00,2011-11-20 12:24:00,United Kingdom,1
15907,882.72,3,478,3.905840707964602,2011-05-13 13:01:00,2011-12-06 12:21:00,United Kingdom,1
15909,191.94,1,98,27.419999999999998,2011-06-19 10:38:00,2011-06-19 10:38:00,United Kingdom,0
15910,1228.88,8,1013,4.6198496240601505,2011-01-27 11:55:00,2011-12-09 10:51:00,United Kingdom,1
15912,264.62,2,185,13.927368421052632,2011-04-20 17:10:00,2011-06-14 14:29:00,United Kingdom,1
15916,1502.8600000000001,8,752,9.95271523178808,2010-12-08 13:07:00,2011-11-23 13:46:00,United Kingdom,1
15917,123.1,1,42,10.258333333333333,2011-04-06 10:40:00,2011-04-06 10:40:00,United Kingdom,0
15918,334.23,2,153,8.35575,2011-03-13 15:55:00,2011-06-02 11:42:00,United Kingdom,1
15919,525.69,2,385,4.308934426229508,2010-12-06 11:26:00,2011-11-20 11:28:00,United Kingdom,1
15920,167.5,4,99,2.7916666666666665,2011-07-08 15:16:00,2011-07-08 15:31:00,United Kingdom,1
15921,323.03000000000003,1,162,13.459583333333335,2011-06-20 11:03:00,2011-06-20 11:03:00,United Kingdom,0
15922,369.5,1,138,33.59090909090909,2010-12-01 13:51:00,2010-12-01 13:51:00,United Kingdom,0
15923,127.08,1,122,6.051428571428572,2010-12-02 12:16:00,2010-12-02 12:16:00,United Kingdom,0
15925,207.15,1,93,17.2625,2011-05-29 15:35:00,2011-05-29 15:35:00,United Kingdom,0
15930,426.63,1,139,20.315714285714286,2011-10-03 14:52:00,2011-10-03 14:52:00,United Kingdom,0
15932,2495.87,8,2325,21.703217391304346,2011-02-23 14:50:00,2011-12-05 17:13:00,United Kingdom,1
15933,1107.46,3,885,14.965675675675676,2011-09-14 12:05:00,2011-11-18 13:14:00,United Kingdom,1
15935,416.86,2,115,34.73833333333334,2011-04-12 09:35:00,2011-04-14 13:27:00,United Kingdom,1
15937,145.35,1,73,20.764285714285712,2011-10-06 15:48:00,2011-10-06 15:48:00,United Kingdom,0
15938,404.58,5,240,22.476666666666667,2011-01-20 10:11:00,2011-08-19 12:56:00,United Kingdom,1
15939,6115.01,15,4728,80.46065789473684,2011-01-12 12:43:00,2011-09-11 11:30:00,United Kingdom,1
15940,35.8,1,4,35.8,2011-02-01 16:18:00,2011-02-01 16:18:00,United Kingdom,0
15942,337.44,1,232,24.102857142857143,2011-07-29 09:01:00,2011-07-29 09:01:00,United Kingdom,0
15944,325.1,1,50,54.18333333333334,2011-03-08 10:33:00,2011-03-08 10:33:00,United Kingdom,0
15945,181.0,1,52,90.5,2010-12-09 13:14:00,2010-12-09 13:14:00,United Kingdom,0
15947,1708.24,1,898,58.9048275862069,2011-09-18 10:46:00,2011-09-18 10:46:00,United Kingdom,0
15948,955.24,2,567,15.920666666666667,2011-10-27 08:35:00,2011-12-01 15:32:00,United Kingdom,1
15949,364.72,2,284,19.19578947368421,2011-09-29 17:34:00,2011-11-23 09:09:00,United Kingdom,1
15950,1744.71,4,719,17.986701030927836,2010-12-15 11:56:00,2011-11-08 11:09:00,United Kingdom,1
15951,708.22,2,313,17.273658536585366,2011-02-27 11:57:00,2011-12-01 08:34:00,United Kingdom,1
15952,781.91,4,391,9.30845238095238,2011-04-28 12:55:00,2011-11-06 11:18:00,United Kingdom,1
15953,1657.28,8,891,17.085360824742267,2010-12-05 15:15:00,2011-11-24 15:32:00,United Kingdom,1
15955,4416.26,14,2135,24.13256830601093,2010-12-02 11:22:00,2011-11-15 14:15:00,United Kingdom,1
15957,428.89,1,211,10.211666666666666,2011-11-08 12:14:00,2011-11-08 12:14:00,United Kingdom,0
15958,104.35,1,33,14.907142857142857,2011-09-26 13:41:00,2011-09-26 13:41:00,United Kingdom,0
15963,470.76,2,298,16.812857142857144,2011-10-25 13:05:00,2011-11-20 11:33:00,United Kingdom,1
15965,808.87,4,434,7.287117117117117,2010-12-07 13:18:00,2011-11-22 16:44:00,United Kingdom,1
15967,397.68,2,205,4.971,2011-01-25 11:57:00,2011-11-16 15:41:00,United Kingdom,1
15969,666.1,3,124,33.305,2011-06-07 12:19:00,2011-12-07 11:06:00,United Kingdom,1
15970,314.1,1,116,28.55454545454546,2011-02-09 12:08:00,2011-02-09 12:08:00,United Kingdom,0
15971,4199.85,12,1717,119.9957142857143,2011-02-01 16:47:00,2011-11-22 12:50:00,United Kingdom,1
15973,307.82000000000005,1,106,76.95500000000001,2010-12-08 11:42:00,2010-12-08 11:42:00,United Kingdom,0
15974,3442.15,7,2262,19.557670454545455,2011-02-24 10:10:00,2011-10-31 13:13:00,United Kingdom,1
15975,371.01,1,243,15.45875,2011-09-16 13:33:00,2011-09-16 13:33:00,United Kingdom,0
15976,427.64,2,275,4.454583333333333,2011-05-03 17:12:00,2011-06-27 13:00:00,United Kingdom,1
15977,1054.73,2,1016,16.226615384615386,2011-10-31 16:24:00,2011-11-22 13:29:00,United Kingdom,1
15978,1098.78,1,888,22.42408163265306,2011-09-23 15:21:00,2011-09-23 15:21:00,United Kingdom,0
15980,2398.86,3,1560,55.78744186046512,2011-03-30 15:05:00,2011-09-12 09:41:00,United Kingdom,1
15981,3408.48,8,1866,35.13896907216495,2011-02-01 13:50:00,2011-11-15 08:00:00,United Kingdom,1
15983,1465.12,4,886,13.081428571428571,2010-12-01 12:15:00,2011-11-17 17:34:00,United Kingdom,1
15984,2780.63,10,1815,10.777635658914729,2010-12-06 13:21:00,2011-12-07 12:16:00,United Kingdom,1
15985,1142.42,2,1086,30.876216216216218,2011-04-17 11:04:00,2011-08-08 16:31:00,United Kingdom,1
15986,168.12,1,268,12.008571428571429,2011-11-09 15:17:00,2011-11-09 15:17:00,United Kingdom,0
15987,1432.77,7,1533,11.193515625,2010-12-06 08:34:00,2011-11-27 15:38:00,United Kingdom,1
15988,156.78,1,180,6.03,2011-11-20 13:23:00,2011-11-20 13:23:00,United Kingdom,0
15990,792.11,2,443,15.232884615384616,2011-02-25 15:35:00,2011-10-26 15:58:00,United Kingdom,1
15992,41.989999999999995,1,17,13.996666666666664,2011-12-06 11:00:00,2011-12-06 11:00:00,United Kingdom,0
15993,2777.67,7,2037,5.115414364640884,2011-10-26 16:21:00,2011-12-01 10:45:00,United Kingdom,1
15994,414.27,1,173,12.9459375,2011-10-16 12:28:00,2011-10-16 12:28:00,United Kingdom,0
15996,1032.58,6,380,8.130551181102362,2010-12-08 15:59:00,2011-09-12 15:14:00,United Kingdom,1
15998,3080.22,5,2032,6.111547619047618,2010-12-12 13:32:00,2011-11-03 12:45:00,United Kingdom,1
16000,12393.7,3,5110,1377.0777777777778,2011-12-07 12:14:00,2011-12-07 12:17:00,United Kingdom,1
16003,2735.37,5,1185,26.556990291262135,2010-12-15 12:09:00,2011-11-10 09:57:00,United Kingdom,1
16005,578.71,4,280,2.8791542288557217,2011-03-14 11:46:00,2011-11-27 13:47:00,United Kingdom,1
16006,101.4,1,84,12.675,2011-05-12 13:12:00,2011-05-12 13:12:00,United Kingdom,0
16007,1693.81,4,1388,4.445695538057743,2011-05-08 13:32:00,2011-10-23 11:05:00,United Kingdom,1
16008,478.78,3,323,14.508484848484848,2011-05-19 10:54:00,2011-11-16 10:32:00,United Kingdom,1
16009,972.11,4,366,11.855,2011-07-03 11:26:00,2011-11-17 16:51:00,United Kingdom,1
16010,392.4,3,202,4.9670886075949365,2010-12-12 12:18:00,2011-04-08 10:14:00,United Kingdom,1
16011,3352.96,16,2035,15.966476190476191,2010-12-08 16:34:00,2011-12-01 16:31:00,United Kingdom,1
16012,1415.29,3,799,15.05627659574468,2011-07-07 18:02:00,2011-11-04 13:25:00,United Kingdom,1
16013,37130.6,47,15536,267.126618705036,2010-12-03 13:09:00,2011-12-06 10:36:00,United Kingdom,1
16014,646.83,3,258,4.687173913043479,2011-02-21 17:42:00,2011-11-02 12:04:00,United Kingdom,1
16015,704.55,3,907,3.892541436464088,2011-10-21 12:56:00,2011-12-06 10:58:00,United Kingdom,1
16016,1465.51,8,602,6.542455357142857,2010-12-08 12:36:00,2011-12-06 14:35:00,United Kingdom,1
16017,211.88,1,102,6.62125,2011-10-23 12:56:00,2011-10-23 12:56:00,United Kingdom,0
16018,408.90000000000003,2,190,14.60357142857143,2011-06-12 13:52:00,2011-10-31 14:13:00,United Kingdom,1
16019,3786.2400000000002,9,1733,23.664,2010-12-10 12:29:00,2011-10-24 11:51:00,United Kingdom,1
16020,851.01,3,487,18.500217391304346,2011-10-05 13:54:00,2011-11-23 11:18:00,United Kingdom,1
16022,602.63,1,255,8.48774647887324,2011-03-24 13:16:00,2011-03-24 13:16:00,United Kingdom,0
16023,719.81,3,358,7.126831683168317,2011-03-18 13:32:00,2011-10-24 16:34:00,United Kingdom,1
16024,251.03,1,397,3.9846031746031745,2011-11-27 13:26:00,2011-11-27 13:26:00,United Kingdom,0
16025,439.65999999999997,1,338,15.702142857142857,2011-11-10 11:45:00,2011-11-10 11:45:00,United Kingdom,0
16026,236.09,1,243,7.3778125,2011-10-27 13:53:00,2011-10-27 13:53:00,United Kingdom,0
16027,934.62,6,1147,58.41375,2011-02-10 12:19:00,2011-09-09 10:47:00,United Kingdom,1
16029,80850.84,63,40108,335.4806639004149,2010-12-01 09:57:00,2011-11-01 10:27:00,United Kingdom,1
16030,331.24,1,283,11.422068965517242,2011-02-03 11:28:00,2011-02-03 11:28:00,United Kingdom,0
16031,547.9,2,421,5.590816326530612,2011-04-06 14:23:00,2011-09-08 13:07:00,United Kingdom,1
16033,8778.82,20,3529,7.782641843971631,2010-12-05 10:36:00,2011-12-04 12:44:00,United Kingdom,1
16034,437.7,3,242,19.895454545454545,2011-01-11 11:54:00,2011-05-27 16:17:00,United Kingdom,1
16036,758.92,2,716,13.798545454545454,2011-03-21 13:01:00,2011-09-13 14:53:00,United Kingdom,1
16037,855.02,3,428,21.923589743589744,2010-12-16 10:18:00,2011-03-15 09:13:00,United Kingdom,1
16038,471.78000000000003,3,244,18.145384615384618,2011-05-22 11:29:00,2011-12-02 12:40:00,United Kingdom,1
16040,1313.55,3,684,20.20846153846154,2011-03-16 09:58:00,2011-10-05 13:47:00,United Kingdom,1
16041,3166.4,3,1584,527.7333333333333,2011-07-21 16:27:00,2011-11-09 12:25:00,United Kingdom,1
16042,1177.47,5,743,16.821,2011-01-11 13:25:00,2011-11-17 17:50:00,United Kingdom,1
16043,773.99,4,503,19.845897435897434,2011-01-26 11:14:00,2011-11-02 12:50:00,United Kingdom,1
16045,1340.7,4,897,16.15301204819277,2011-02-22 14:55:00,2011-08-12 12:41:00,United Kingdom,1
16048,256.44,2,144,32.055,2010-12-01 15:27:00,2010-12-01 15:28:00,United Kingdom,1
16049,1074.81,3,763,3.5946822742474915,2011-09-25 14:33:00,2011-10-30 13:19:00,United Kingdom,1
16050,137.9,1,278,13.790000000000001,2011-06-19 11:44:00,2011-06-19 11:44:00,United Kingdom,0
16052,362.06,1,282,10.648823529411764,2011-10-16 15:13:00,2011-10-16 15:13:00,United Kingdom,0
16053,1511.95,2,1793,17.999404761904763,2011-08-09 14:57:00,2011-11-07 11:21:00,United Kingdom,1
16054,783.9,1,380,11.198571428571428,2011-07-17 13:08:00,2011-07-17 13:08:00,United Kingdom,0
16055,134.8,1,22,16.85,2011-05-03 09:26:00,2011-05-03 09:26:00,United Kingdom,0
16056,650.75,1,345,9.859848484848484,2011-10-25 15:19:00,2011-10-25 15:19:00,United Kingdom,0
16057,2263.12,7,863,18.703471074380165,2011-02-28 10:35:00,2011-11-23 15:23:00,United Kingdom,1
16059,1453.16,6,641,8.163820224719101,2010-12-07 10:36:00,2011-10-05 09:56:00,United Kingdom,1
16062,1153.62,4,800,18.0253125,2010-12-10 12:00:00,2011-11-30 12:15:00,United Kingdom,1
16063,335.32,1,262,14.57913043478261,2011-03-24 14:55:00,2011-03-24 14:56:00,United Kingdom,0
16065,367.14,1,228,5.02931506849315,2010-12-09 13:03:00,2010-12-09 13:03:00,United Kingdom,0
16066,1521.04,5,935,15.059801980198019,2011-08-07 14:33:00,2011-11-23 11:54:00,United Kingdom,1
16070,852.15,2,457,25.82272727272727,2011-11-07 16:36:00,2011-11-17 15:50:00,United Kingdom,1
16071,326.24,1,180,15.535238095238096,2011-10-26 11:14:00,2011-10-26 11:14:00,United Kingdom,0
16072,584.3199999999999,1,140,25.405217391304344,2011-02-24 14:32:00,2011-02-24 14:32:00,United Kingdom,0
16073,122.39999999999999,1,48,122.39999999999999,2011-02-15 15:41:00,2011-02-15 15:41:00,United Kingdom,0
16076,2234.73,10,1435,17.323488372093024,2011-05-15 12:31:00,2011-12-06 14:59:00,United Kingdom,1
16078,79.2,1,16,79.2,2011-03-01 09:47:00,2011-03-01 09:47:00,United Kingdom,0
16079,1352.0,3,864,64.38095238095238,2011-10-30 13:06:00,2011-11-23 12:48:00,United Kingdom,1
16080,217.16,2,128,21.716,2011-03-10 14:44:00,2011-09-19 10:42:00,United Kingdom,1
16081,2799.42,5,1473,12.553452914798207,2010-12-08 11:16:00,2011-10-14 13:06:00,United Kingdom,1
16083,1317.62,2,908,42.50387096774193,2010-12-14 11:51:00,2011-08-31 10:47:00,United Kingdom,1
16084,436.18,1,216,11.47842105263158,2011-02-13 16:05:00,2011-02-13 16:05:00,United Kingdom,0
16085,981.51,5,636,5.877305389221557,2011-01-23 12:07:00,2011-11-16 13:24:00,United Kingdom,1
16086,1121.39,5,511,28.753589743589746,2010-12-07 13:45:00,2011-10-11 13:09:00,United Kingdom,1
16091,315.06,2,154,17.503333333333334,2011-05-25 09:18:00,2011-07-08 08:45:00,United Kingdom,1
16092,817.86,3,628,16.036470588235293,2011-03-30 15:38:00,2011-08-17 10:46:00,United Kingdom,1
16093,17.0,1,20,17.0,2011-08-25 11:09:00,2011-08-25 11:09:00,United Kingdom,0
16094,1078.23,4,647,17.114761904761906,2011-05-04 13:57:00,2011-11-28 12:45:00,United Kingdom,1
16096,320.62,1,155,26.718333333333334,2011-03-20 13:38:00,2011-03-20 13:38:00,United Kingdom,0
16097,185.04999999999998,1,87,18.505,2011-04-13 13:47:00,2011-04-13 13:47:00,United Kingdom,0
16098,2005.63,7,613,29.934776119402986,2010-12-01 09:45:00,2011-09-13 09:59:00,United Kingdom,1
16099,731.9,3,434,18.766666666666666,2011-04-28 08:34:00,2011-10-20 13:13:00,United Kingdom,1
16101,1290.7,1,757,16.982894736842105,2011-09-30 10:18:00,2011-09-30 10:18:00,United Kingdom,0
16102,1842.14,3,942,32.31824561403509,2011-08-03 12:50:00,2011-10-28 13:19:00,United Kingdom,1
16103,1429.64,6,558,29.784166666666668,2011-04-20 12:28:00,2011-12-02 14:16:00,United Kingdom,1
16104,298.21,1,122,10.650357142857143,2011-10-09 10:23:00,2011-10-09 10:23:00,United Kingdom,0
16105,336.96,1,330,25.919999999999998,2011-04-05 10:13:00,2011-04-05 10:13:00,United Kingdom,0
16106,108.38,1,74,18.063333333333333,2011-10-05 10:37:00,2011-10-05 10:37:00,United Kingdom,0
16107,3204.1600000000003,7,1176,103.36000000000001,2011-06-09 18:42:00,2011-11-22 09:40:00,United Kingdom,1
16108,842.5,1,615,17.552083333333332,2011-09-16 11:48:00,2011-09-16 11:48:00,United Kingdom,0
16109,611.88,2,612,33.99333333333333,2011-02-04 12:37:00,2011-05-05 09:17:00,United Kingdom,1
16110,1320.95,3,720,3.8624269005847953,2011-02-01 14:01:00,2011-10-25 14:35:00,United Kingdom,1
16112,195.73999999999998,4,574,12.233749999999999,2011-01-05 11:47:00,2011-07-19 14:28:00,United Kingdom,1
16113,161.38,1,176,5.379333333333333,2011-06-09 16:16:00,2011-06-09 16:16:00,United Kingdom,0
16114,135.75000000000003,1,43,16.968750000000004,2011-06-22 10:13:00,2011-06-22 10:13:00,United Kingdom,0
16115,1660.8799999999999,8,994,5.952974910394265,2011-02-20 12:14:00,2011-11-30 11:32:00,United Kingdom,1
16116,612.78,1,248,18.02294117647059,2011-05-12 12:01:00,2011-05-12 12:01:00,United Kingdom,0
16117,232.21,1,130,7.740333333333334,2011-06-03 11:42:00,2011-06-03 11:42:00,United Kingdom,0
16119,423.36,2,240,26.46,2011-09-28 10:15:00,2011-12-01 15:11:00,United Kingdom,1
16120,1309.14,4,878,43.638000000000005,2011-10-11 14:10:00,2011-10-11 14:22:00,United Kingdom,1
16121,854.66,2,576,4.189509803921569,2011-05-08 11:52:00,2011-10-13 12:59:00,United Kingdom,1
16122,684.4200000000001,4,1128,18.01105263157895,2010-12-08 11:41:00,2011-09-27 15:34:00,United Kingdom,1
16123,307.78,1,170,19.23625,2011-10-19 09:18:00,2011-10-19 09:18:00,United Kingdom,0
16124,249.0,1,48,22.636363636363637,2011-01-26 14:45:00,2011-01-26 14:45:00,United Kingdom,0
16125,289.35,1,124,22.25769230769231,2010-12-07 15:48:00,2010-12-07 15:48:00,United Kingdom,0
16126,6287.77,4,2125,53.741623931623934,2011-02-16 11:18:00,2011-11-10 16:03:00,United Kingdom,1
16127,656.25,1,323,16.40625,2011-10-31 13:58:00,2011-10-31 13:58:00,United Kingdom,0
16128,1880.22,5,988,21.126067415730336,2011-03-02 12:21:00,2011-11-22 11:14:00,United Kingdom,1
16131,3506.54,6,1802,44.95564102564102,2011-04-14 08:32:00,2011-10-19 11:53:00,United Kingdom,1
16133,14589.04,33,8888,43.03551622418879,2011-01-25 15:55:00,2011-12-06 11:24:00,United Kingdom,1
16134,618.09,2,371,17.659714285714287,2010-12-15 14:00:00,2011-11-18 10:05:00,United Kingdom,1
16135,517.55,1,209,24.645238095238092,2011-03-22 12:30:00,2011-03-22 12:30:00,United Kingdom,0
16136,709.38,3,440,19.172432432432434,2011-03-07 09:52:00,2011-10-11 09:10:00,United Kingdom,1
16139,635.41,3,330,20.497096774193547,2011-05-17 10:23:00,2011-11-21 08:37:00,United Kingdom,1
16140,725.18,2,730,20.71942857142857,2010-12-03 14:40:00,2011-10-05 12:15:00,United Kingdom,1
16141,620.4,1,238,20.68,2011-09-12 13:11:00,2011-09-12 13:11:00,United Kingdom,0
16142,535.34,1,422,14.46864864864865,2011-04-04 10:16:00,2011-04-04 10:16:00,United Kingdom,0
16143,2424.94,6,919,20.725982905982907,2010-12-05 15:18:00,2011-12-06 14:13:00,United Kingdom,1
16144,175.2,1,16,175.2,2011-04-07 10:09:00,2011-04-07 10:09:00,United Kingdom,0
16145,3799.4900000000002,11,3123,16.96200892857143,2010-12-15 09:09:00,2011-12-01 10:33:00,United Kingdom,1
16146,734.13,3,427,25.314827586206896,2011-04-21 15:25:00,2011-07-05 14:20:00,United Kingdom,1
16147,375.0,1,246,17.045454545454547,2011-07-29 09:57:00,2011-07-29 09:57:00,United Kingdom,0
16148,76.32000000000001,1,72,76.32000000000001,2011-02-16 14:01:00,2011-02-16 14:01:00,United Kingdom,0
16149,280.52,2,308,15.584444444444443,2011-07-20 14:54:00,2011-12-05 11:29:00,United Kingdom,1
16150,2053.02,5,1047,17.547179487179488,2010-12-02 18:27:00,2011-10-28 12:39:00,United Kingdom,1
16152,1829.04,1,642,63.070344827586204,2011-03-16 09:47:00,2011-03-16 09:47:00,United Kingdom,0
16153,1824.23,5,1073,20.496966292134832,2010-12-20 09:22:00,2011-10-21 10:50:00,United Kingdom,1
16156,3092.04,9,1273,24.1565625,2011-02-02 12:02:00,2011-12-01 12:42:00,United Kingdom,1
16157,656.69,3,347,36.482777777777784,2011-09-28 11:48:00,2011-11-24 11:41:00,United Kingdom,1
16159,348.2,1,236,24.87142857142857,2011-03-03 12:27:00,2011-03-03 12:27:00,United Kingdom,0
16160,1025.44,2,1162,51.272000000000006,2011-09-15 10:53:00,2011-10-05 14:19:00,United Kingdom,1
16161,5533.67,19,2583,11.748768577494692,2010-12-06 10:03:00,2011-12-08 12:10:00,United Kingdom,1
16162,37.4,1,4,18.7,2011-04-01 15:03:00,2011-04-01 15:03:00,United Kingdom,0
16163,856.6,2,192,142.76666666666668,2010-12-09 16:28:00,2011-04-21 15:15:00,United Kingdom,1
16164,822.48,3,433,24.19058823529412,2011-10-28 09:12:00,2011-11-22 15:04:00,United Kingdom,1
16168,3787.6,27,1892,38.648979591836735,2010-12-05 11:38:00,2011-11-29 12:45:00,United Kingdom,1
16169,1822.97,4,1325,21.44670588235294,2011-09-25 11:33:00,2011-12-01 15:28:00,United Kingdom,1
16170,1885.05,6,1770,15.0804,2011-04-05 13:42:00,2011-10-20 08:21:00,United Kingdom,1
16171,73.2,1,24,24.400000000000002,2011-10-11 14:51:00,2011-10-11 14:51:00,United Kingdom,0
16172,1140.21,5,787,16.524782608695652,2011-04-12 12:02:00,2011-09-05 13:22:00,United Kingdom,1
16173,1418.32,6,575,16.884761904761906,2011-09-02 15:23:00,2011-11-24 10:53:00,United Kingdom,1
16174,1009.5500000000001,3,651,43.89347826086957,2011-07-11 09:23:00,2011-08-05 13:26:00,United Kingdom,1
16175,1037.59,4,533,17.889482758620687,2011-04-13 14:38:00,2011-09-06 14:32:00,United Kingdom,1
16177,331.95,1,95,22.13,2011-10-20 12:57:00,2011-10-20 12:57:00,United Kingdom,0
16178,197.9,1,94,24.7375,2011-07-24 16:05:00,2011-07-24 16:05:00,United Kingdom,0
16179,215.83,1,99,19.62090909090909,2011-10-10 09:41:00,2011-10-10 09:41:00,United Kingdom,0
16180,10254.18,8,5867,63.29740740740741,2011-04-01 10:23:00,2011-08-31 16:28:00,United Kingdom,1
16181,305.54,1,152,27.776363636363637,2011-09-27 13:38:00,2011-09-27 13:38:00,United Kingdom,0
16182,6617.65,4,3791,236.34464285714284,2011-02-18 10:11:00,2011-09-28 13:23:00,United Kingdom,1
16183,338.71000000000004,1,113,22.58066666666667,2011-10-03 14:59:00,2011-10-03 14:59:00,United Kingdom,0
16184,1158.79,6,561,25.750888888888888,2011-05-12 13:33:00,2011-10-06 17:43:00,United Kingdom,1
16185,529.41,2,260,17.07774193548387,2011-04-21 11:59:00,2011-11-23 09:41:00,United Kingdom,1
16186,4006.94,12,3020,18.38045871559633,2010-12-02 14:40:00,2011-11-17 12:43:00,United Kingdom,1
16187,6911.4400000000005,15,5048,23.428610169491527,2011-02-28 13:34:00,2011-11-08 09:50:00,United Kingdom,1
16188,981.86,4,782,14.654626865671641,2011-04-11 09:44:00,2011-10-26 12:19:00,United Kingdom,1
16189,215.48,2,134,19.58909090909091,2011-09-15 15:21:00,2011-11-24 11:47:00,United Kingdom,1
16190,215.08,1,88,35.84666666666667,2011-10-30 15:59:00,2011-10-30 15:59:00,United Kingdom,0
16191,5180.52,13,3351,38.66059701492538,2010-12-14 12:38:00,2011-12-07 11:26:00,United Kingdom,1
16193,314.45,1,219,16.55,2011-04-17 11:45:00,2011-04-17 11:45:00,United Kingdom,0
16198,400.68100000000004,1,129,26.71206666666667,2011-09-25 14:58:00,2011-09-25 14:58:00,United Kingdom,0
16200,1068.8700000000001,2,516,6.21436046511628,2011-06-28 15:47:00,2011-12-05 14:40:00,United Kingdom,1
16201,1863.47,4,1286,16.78801801801802,2011-08-22 10:47:00,2011-12-06 16:02:00,United Kingdom,1
16202,365.27,1,191,20.292777777777776,2010-12-14 10:43:00,2010-12-14 10:43:00,United Kingdom,0
16203,592.9,4,262,16.939999999999998,2010-12-02 15:39:00,2011-10-12 12:31:00,United Kingdom,1
16204,384.18,1,218,7.6836,2011-11-16 13:40:00,2011-11-16 13:40:00,United Kingdom,0
16205,757.63,4,516,7.810618556701031,2011-06-13 11:33:00,2011-11-09 09:32:00,United Kingdom,1
16206,537.0600000000001,4,272,8.524761904761906,2011-01-16 11:07:00,2011-10-16 10:41:00,United Kingdom,1
16207,394.38,1,140,20.756842105263157,2011-11-14 13:51:00,2011-11-14 13:51:00,United Kingdom,0
16208,664.26,2,333,10.064545454545454,2011-02-23 13:37:00,2011-10-26 11:36:00,United Kingdom,1
16209,2262.62,5,1179,49.18739130434783,2011-04-07 12:23:00,2011-09-12 11:58:00,United Kingdom,1
16210,21086.3,18,7559,171.43333333333334,2010-12-01 12:27:00,2011-12-08 12:36:00,United Kingdom,1
16211,547.02,1,154,23.783478260869565,2011-09-12 12:11:00,2011-09-12 12:11:00,United Kingdom,0
16212,690.34,2,244,16.837560975609758,2011-03-01 12:51:00,2011-11-20 13:00:00,United Kingdom,1
16213,159.0,1,48,26.5,2011-09-22 10:03:00,2011-09-22 10:03:00,United Kingdom,0
16214,1062.75,3,420,24.15340909090909,2011-03-15 13:23:00,2011-06-22 11:30:00,United Kingdom,1
16215,242.35,1,104,17.310714285714287,2011-09-20 10:18:00,2011-09-20 10:18:00,United Kingdom,0
16216,914.9300000000001,1,254,24.72783783783784,2011-03-17 15:34:00,2011-03-17 15:34:00,United Kingdom,0
16217,304.25,2,91,20.283333333333335,2011-03-02 15:28:00,2011-04-18 13:31:00,United Kingdom,1
16218,3084.68,7,2088,36.72238095238095,2010-12-01 11:29:00,2011-11-10 09:59:00,United Kingdom,1
16221,860.86,3,714,9.061684210526316,2010-12-07 13:13:00,2011-11-03 11:43:00,United Kingdom,1
16222,773.5500000000001,1,325,6.340573770491804,2011-01-25 13:38:00,2011-01-25 13:38:00,United Kingdom,0
16224,1295.3,4,1116,13.492708333333333,2011-04-04 12:00:00,2011-10-13 17:51:00,United Kingdom,1
16225,1096.32,5,493,8.181492537313432,2011-03-07 12:17:00,2011-10-26 08:30:00,United Kingdom,1
16226,255.12,3,192,31.89,2011-04-18 12:58:00,2011-05-20 14:41:00,United Kingdom,1
16227,314.22,1,90,52.370000000000005,2011-04-28 13:33:00,2011-04-28 13:33:00,United Kingdom,0
16229,1010.6,2,318,21.50212765957447,2011-05-11 10:18:00,2011-09-13 17:16:00,United Kingdom,1
16230,542.03,2,365,15.486571428571429,2011-05-03 15:12:00,2011-06-03 10:06:00,United Kingdom,1
16232,990.88,4,550,26.78054054054054,2011-05-08 14:05:00,2011-10-27 12:16:00,United Kingdom,1
16233,536.6800000000001,3,174,24.394545454545458,2010-12-08 12:51:00,2011-09-29 17:27:00,United Kingdom,1
16235,867.31,5,330,18.854565217391304,2011-01-11 15:42:00,2011-10-30 10:56:00,United Kingdom,1
16236,432.2,1,184,21.61,2011-09-22 14:10:00,2011-09-22 14:10:00,United Kingdom,0
16239,414.2,2,228,21.8,2011-06-03 09:30:00,2011-10-14 08:29:00,United Kingdom,1
16240,3718.8,2,1641,27.546666666666667,2011-09-23 13:44:00,2011-11-15 14:30:00,United Kingdom,1
16241,2590.31,13,1443,3.9546717557251907,2010-12-05 11:04:00,2011-11-30 11:08:00,United Kingdom,1
16242,3579.86,7,1969,12.259794520547945,2011-03-07 17:04:00,2011-12-01 15:12:00,United Kingdom,1
16243,409.1,2,110,8.02156862745098,2011-10-16 12:09:00,2011-11-06 12:32:00,United Kingdom,1
16244,1522.75,2,855,16.733516483516482,2010-12-02 11:41:00,2011-05-12 10:18:00,United Kingdom,1
16245,1413.66,3,1014,15.707333333333334,2011-03-28 09:30:00,2011-11-16 10:14:00,United Kingdom,1
16247,114.56,1,182,7.16,2011-06-22 14:23:00,2011-06-22 14:23:00,United Kingdom,0
16248,152.94,1,78,21.84857142857143,2011-10-09 11:32:00,2011-10-09 11:32:00,United Kingdom,0
16249,1800.07,5,950,26.08797101449275,2011-04-14 13:50:00,2011-10-18 10:07:00,United Kingdom,1
16250,389.44,2,208,16.226666666666667,2010-12-01 09:59:00,2011-03-23 15:07:00,United Kingdom,1
16253,3683.86,2,3233,29.95008130081301,2011-03-29 13:33:00,2011-10-04 09:09:00,United Kingdom,1
16255,2619.91,8,1767,9.70337037037037,2010-12-09 14:25:00,2011-11-23 12:40:00,United Kingdom,1
16256,752.4300000000001,1,581,57.87923076923077,2011-03-18 12:18:00,2011-03-18 12:18:00,United Kingdom,0
16257,46.95,1,2,23.475,2011-06-16 10:11:00,2011-06-16 10:11:00,United Kingdom,0
16258,5203.51,5,2994,38.54451851851852,2011-05-04 14:33:00,2011-10-25 13:30:00,United Kingdom,1
16260,1035.45,1,311,57.525000000000006,2011-10-20 09:40:00,2011-10-20 09:40:00,United Kingdom,0
16261,728.54,4,301,6.122184873949579,2011-04-07 19:05:00,2011-11-22 17:23:00,United Kingdom,1
16265,5447.0,9,2646,21.112403100775193,2010-12-10 10:21:00,2011-11-30 16:41:00,United Kingdom,1
16266,861.89,7,398,14.129344262295081,2011-05-17 14:50:00,2011-09-27 12:08:00,United Kingdom,1
16268,667.65,2,533,14.836666666666666,2011-09-29 18:30:00,2011-09-29 18:30:00,United Kingdom,1
16270,1141.24,1,688,21.134074074074075,2010-12-21 14:26:00,2010-12-21 14:26:00,United Kingdom,0
16271,1404.64,5,1024,10.804923076923078,2010-12-16 16:36:00,2011-12-07 12:45:00,United Kingdom,1
16272,411.7,1,224,16.468,2011-08-15 10:53:00,2011-08-15 10:54:00,United Kingdom,0
16274,351.75,1,153,5.411538461538462,2010-12-01 15:35:00,2010-12-01 15:35:00,United Kingdom,0
16275,559.87,1,336,16.965757575757575,2011-05-27 12:41:00,2011-05-27 12:41:00,United Kingdom,0
16276,810.6000000000001,1,420,135.10000000000002,2011-06-16 09:34:00,2011-06-16 09:34:00,United Kingdom,0
16278,566.38,1,114,24.625217391304346,2011-08-31 17:12:00,2011-08-31 17:12:00,United Kingdom,0
16279,1502.78,3,1046,14.177169811320754,2011-06-16 11:50:00,2011-11-18 15:00:00,United Kingdom,1
16281,2062.06,1,934,121.29764705882353,2011-09-28 14:57:00,2011-09-28 14:57:00,United Kingdom,0
16282,168.3,1,114,15.3,2011-01-04 11:42:00,2011-01-04 11:42:00,United Kingdom,0
16283,1570.81,5,1236,9.462710843373493,2011-05-15 13:37:00,2011-12-04 12:08:00,United Kingdom,1
16284,812.68,2,535,7.89009708737864,2011-10-20 13:54:00,2011-11-08 16:12:00,United Kingdom,1
16287,142.5,1,298,17.8125,2011-06-23 09:08:00,2011-06-23 09:08:00,United Kingdom,0
16292,302.25,1,191,17.779411764705884,2011-08-10 12:24:00,2011-08-10 12:24:00,United Kingdom,0
16293,2248.9900000000002,10,982,19.059237288135595,2010-12-07 15:02:00,2011-11-18 09:58:00,United Kingdom,1
16295,1328.55,4,841,16.817088607594936,2011-10-06 10:45:00,2011-11-30 08:17:00,United Kingdom,1
16297,301.9,1,206,15.094999999999999,2011-03-16 08:29:00,2011-03-16 08:29:00,United Kingdom,0
16298,598.2,3,198,22.15555555555556,2011-06-06 10:06:00,2011-11-17 11:59:00,United Kingdom,1
16302,233.22,1,158,21.201818181818183,2011-08-05 09:44:00,2011-08-05 09:44:00,United Kingdom,0
16303,5360.63,3,2659,33.09030864197531,2011-01-10 14:16:00,2011-11-14 10:49:00,United Kingdom,1
16305,361.21999999999997,1,256,16.419090909090908,2011-07-24 12:18:00,2011-07-24 12:18:00,United Kingdom,0
16306,632.27,6,487,15.42121951219512,2010-12-07 15:18:00,2011-05-10 12:12:00,United Kingdom,1
16308,2560.0,4,8000,640.0,2011-03-23 14:46:00,2011-11-02 11:24:00,United Kingdom,1
16309,706.57,2,467,16.823095238095238,2011-04-13 11:46:00,2011-08-25 15:35:00,United Kingdom,1
16311,616.26,2,394,16.655675675675674,2011-10-21 13:13:00,2011-11-22 08:54:00,United Kingdom,1
16313,274.15000000000003,2,165,17.134375000000002,2011-10-21 09:04:00,2011-12-06 13:02:00,United Kingdom,1
16315,226.37,1,75,16.169285714285714,2011-01-13 11:57:00,2011-01-13 11:57:00,United Kingdom,0
16316,2938.91,8,1484,19.46298013245033,2010-12-16 14:26:00,2011-10-06 13:48:00,United Kingdom,1
16317,1341.65,3,890,19.444202898550724,2011-02-15 14:30:00,2011-08-12 12:46:00,United Kingdom,1
16318,328.15,1,199,17.271052631578947,2011-11-04 13:05:00,2011-11-04 13:05:00,United Kingdom,0
16319,404.40000000000003,1,72,134.8,2011-05-06 11:27:00,2011-05-06 11:27:00,United Kingdom,0
16320,1038.46,2,732,18.543928571428573,2011-05-10 15:31:00,2011-06-20 15:25:00,Unspecified,1
16321,373.65000000000003,5,135,31.137500000000003,2011-01-20 12:11:00,2011-09-28 14:55:00,Australia,1
16322,326.75,2,231,8.83108108108108,2011-11-03 14:33:00,2011-12-08 15:41:00,United Kingdom,1
16323,207.50000000000003,1,50,207.50000000000003,2011-05-27 14:48:00,2011-05-27 14:48:00,United Kingdom,0
16324,408.59000000000003,3,270,3.6809909909909915,2011-06-15 14:26:00,2011-08-03 12:58:00,United Kingdom,1
16325,594.24,3,194,33.013333333333335,2011-04-08 09:20:00,2011-10-24 08:48:00,United Kingdom,1
16326,3039.2200000000003,14,682,10.130733333333334,2011-01-09 12:01:00,2011-12-04 10:11:00,United Kingdom,1
16327,3820.27,6,2560,12.051324921135647,2010-12-05 12:43:00,2011-11-25 13:23:00,United Kingdom,1
16330,251.91,3,147,6.4592307692307696,2011-08-19 17:08:00,2011-11-22 12:24:00,United Kingdom,1
16332,1582.8,7,797,10.482119205298012,2011-02-07 14:16:00,2011-11-11 14:22:00,United Kingdom,1
16333,26626.8,22,32184,591.7066666666667,2011-02-03 10:50:00,2011-12-02 12:19:00,United Kingdom,1
16337,151.05,1,87,15.105,2011-11-03 10:03:00,2011-11-03 10:03:00,United Kingdom,0
16338,214.79999999999998,1,94,19.527272727272727,2011-07-05 13:56:00,2011-07-05 13:56:00,United Kingdom,0
16339,94.05,1,21,5.225,2011-02-28 13:41:00,2011-02-28 13:41:00,United Kingdom,0
16340,534.31,1,486,3.789432624113475,2011-08-24 14:53:00,2011-08-24 14:53:00,United Kingdom,0
16341,1971.87,4,1398,25.6087012987013,2011-05-22 13:20:00,2011-11-15 09:12:00,United Kingdom,1
16342,322.41,4,157,21.494000000000003,2011-06-13 10:10:00,2011-09-25 14:36:00,United Kingdom,1
16343,328.58,2,175,7.641395348837209,2011-11-23 17:43:00,2011-11-23 17:45:00,United Kingdom,1
16344,101.10000000000001,1,18,50.550000000000004,2011-07-04 15:50:00,2011-07-04 15:50:00,United Kingdom,0
16345,565.46,1,288,15.282702702702704,2011-10-26 16:03:00,2011-10-26 16:03:00,United Kingdom,0
16347,847.45,2,341,9.97,2011-11-03 13:01:00,2011-11-28 13:14:00,United Kingdom,1
16348,1415.65,7,805,6.376801801801802,2011-04-13 15:49:00,2011-11-07 15:44:00,United Kingdom,1
16349,53.5,1,9,5.944444444444445,2011-02-22 12:40:00,2011-02-22 12:40:00,United Kingdom,0
16350,1116.47,4,545,19.58719298245614,2011-01-10 09:44:00,2011-11-18 15:53:00,United Kingdom,1
16351,153.9,1,90,19.2375,2011-01-11 10:26:00,2011-01-11 10:26:00,United Kingdom,0
16352,494.44,2,300,17.658571428571427,2011-11-02 08:44:00,2011-11-22 10:32:00,United Kingdom,1
16353,6675.71,23,2006,71.0181914893617,2010-12-05 12:09:00,2011-12-06 12:23:00,United Kingdom,1
16354,395.8,2,150,10.148717948717948,2011-09-27 16:28:00,2011-10-07 14:28:00,United Kingdom,1
16356,211.77,3,93,6.831290322580646,2011-03-07 12:31:00,2011-05-26 11:51:00,United Kingdom,1
16357,658.88,3,246,19.378823529411765,2011-05-10 10:35:00,2011-11-06 16:04:00,United Kingdom,1
16358,2027.5,4,1302,18.60091743119266,2011-06-08 15:05:00,2011-12-08 15:09:00,United Kingdom,1
16359,1750.92,9,1183,26.52909090909091,2011-01-12 10:49:00,2011-12-02 17:04:00,United Kingdom,1
16360,3450.41,6,2110,5.425172955974842,2011-09-12 13:50:00,2011-12-05 12:16:00,United Kingdom,1
16361,891.21,4,418,8.569326923076924,2011-09-29 13:13:00,2011-11-30 12:32:00,United Kingdom,1
16362,709.99,5,340,9.220649350649351,2011-09-09 14:47:00,2011-11-07 13:01:00,United Kingdom,1
16363,109.36000000000001,1,52,21.872000000000003,2011-10-17 14:14:00,2011-10-17 14:14:00,United Kingdom,0
16364,705.79,2,279,13.572884615384615,2011-07-25 14:35:00,2011-11-28 11:27:00,United Kingdom,1
16365,1540.42,9,504,30.2043137254902,2010-12-07 17:19:00,2011-11-22 11:24:00,United Kingdom,1
16366,327.3,1,256,18.183333333333334,2011-11-21 08:19:00,2011-11-21 08:19:00,United Kingdom,0
16367,800.67,2,643,6.304488188976378,2010-12-12 12:01:00,2011-11-02 13:13:00,United Kingdom,1
16368,479.91,2,251,6.955217391304348,2011-11-11 15:08:00,2011-12-07 13:12:00,United Kingdom,1
16369,1545.41,3,1030,13.20863247863248,2011-05-27 09:39:00,2011-11-21 16:25:00,United Kingdom,1
16370,1301.91,4,640,5.890995475113122,2011-04-28 16:40:00,2011-09-18 15:55:00,United Kingdom,1
16372,355.73,2,158,3.866630434782609,2011-11-06 12:50:00,2011-11-06 13:08:00,United Kingdom,1
16374,466.73,2,237,4.281926605504587,2011-03-22 13:46:00,2011-10-04 15:21:00,United Kingdom,1
16376,974.96,2,691,7.991475409836066,2011-11-22 16:47:00,2011-12-01 11:38:00,United Kingdom,1
16377,676.2,1,1500,135.24,2011-03-17 15:41:00,2011-03-17 15:41:00,United Kingdom,0
16378,362.95,3,267,15.780434782608696,2011-02-02 12:42:00,2011-04-06 15:07:00,United Kingdom,1
16379,2157.4,4,1410,19.975925925925928,2011-09-22 09:33:00,2011-12-05 15:38:00,United Kingdom,1
16380,1743.1499999999999,1,1428,56.23064516129032,2011-10-09 15:40:00,2011-10-09 15:40:00,United Kingdom,0
16383,643.76,2,467,6.568979591836735,2011-03-16 13:00:00,2011-09-26 12:45:00,United Kingdom,1
16384,584.5,2,260,17.71212121212121,2011-03-21 10:13:00,2011-09-11 11:19:00,United Kingdom,1
16385,554.86,3,258,9.734385964912281,2010-12-08 12:56:00,2011-10-10 13:12:00,United Kingdom,1
16386,302.57,2,205,3.735432098765432,2011-03-31 12:19:00,2011-11-11 12:28:00,United Kingdom,1
16387,94.36,1,44,23.59,2011-01-21 11:34:00,2011-01-21 11:34:00,United Kingdom,0
16389,1382.07,4,1242,40.64911764705882,2011-03-01 15:47:00,2011-10-17 14:41:00,United Kingdom,1
16392,217.89,1,201,5.067209302325581,2011-03-15 12:11:00,2011-03-15 12:11:00,United Kingdom,0
16393,3040.96,13,1573,9.299571865443426,2010-12-05 13:10:00,2011-12-07 12:51:00,United Kingdom,1
16394,1555.34,5,2604,18.73903614457831,2011-02-23 10:58:00,2011-10-14 09:48:00,United Kingdom,1
16395,1482.06,5,1472,7.194466019417476,2011-01-13 12:10:00,2011-10-10 12:50:00,United Kingdom,1
16398,1705.8,2,758,20.802439024390242,2011-03-31 09:38:00,2011-07-08 15:16:00,United Kingdom,1
16399,408.02,2,263,5.666944444444444,2011-04-18 13:46:00,2011-11-20 16:12:00,United Kingdom,1
16400,303.93,1,172,10.480344827586206,2011-09-06 12:27:00,2011-09-06 12:27:00,United Kingdom,0
16401,4098.32,12,3882,22.033978494623653,2011-01-16 10:56:00,2011-12-08 18:15:00,United Kingdom,1
16402,293.45,2,146,5.148245614035088,2010-12-05 13:42:00,2011-03-20 12:25:00,United Kingdom,1
16403,177.5,1,114,17.75,2011-01-31 13:39:00,2011-01-31 13:39:00,United Kingdom,0
16404,443.05,1,157,19.26304347826087,2011-09-30 14:55:00,2011-09-30 14:55:00,United Kingdom,0
16405,167.25,2,187,33.45,2011-02-02 17:08:00,2011-02-10 15:24:00,United Kingdom,1
16406,154.35,1,117,2.6161016949152542,2011-11-21 11:57:00,2011-11-21 11:57:00,United Kingdom,0
16407,2079.68,10,1093,12.379047619047618,2011-01-31 14:02:00,2011-11-27 11:05:00,United Kingdom,1
16409,2022.98,5,1304,8.757489177489177,2011-01-26 14:51:00,2011-11-03 16:45:00,United Kingdom,1
16411,211.7,2,131,4.8113636363636365,2010-12-05 13:26:00,2011-11-20 13:23:00,United Kingdom,1
16412,135.99,1,63,4.533,2011-10-17 12:35:00,2011-10-17 12:35:00,United Kingdom,0
16413,262.2,1,148,8.458064516129031,2011-10-14 12:08:00,2011-10-14 12:08:00,United Kingdom,0
16414,126.25,2,27,18.035714285714285,2011-03-04 13:27:00,2011-11-18 09:42:00,United Kingdom,1
16415,200.27,1,178,4.2610638297872345,2011-10-26 13:35:00,2011-10-26 13:35:00,United Kingdom,0
16416,1051.4,3,672,14.808450704225354,2011-10-14 13:35:00,2011-11-13 12:50:00,United Kingdom,1
16418,631.12,3,280,6.643368421052632,2011-04-27 16:54:00,2011-10-26 12:39:00,United Kingdom,1
16419,958.71,6,428,19.1742,2011-02-01 12:25:00,2011-08-19 12:33:00,United Kingdom,1
16422,34684.4,51,33704,93.99566395663958,2010-12-05 15:35:00,2011-11-22 14:00:00,United Kingdom,1
16423,346.12,1,230,19.22888888888889,2011-11-15 09:21:00,2011-11-15 09:21:00,United Kingdom,0
16424,133.56,1,88,26.712,2011-06-01 13:40:00,2011-06-01 13:40:00,United Kingdom,0
16425,302.7,1,199,14.414285714285715,2011-02-10 14:30:00,2011-02-10 14:30:00,United Kingdom,0
16426,1863.76,10,1215,5.279773371104816,2011-03-08 15:45:00,2011-12-07 14:01:00,United Kingdom,1
16427,241.06,2,156,26.784444444444446,2011-02-28 15:18:00,2011-03-21 17:10:00,United Kingdom,1
16429,284.55,1,9,142.275,2011-08-25 13:54:00,2011-08-25 13:54:00,United Kingdom,0
16430,300.85,1,103,50.14166666666667,2011-10-13 14:47:00,2011-10-13 14:47:00,United Kingdom,0
16431,623.28,3,442,8.201052631578946,2011-02-15 14:02:00,2011-05-10 14:09:00,United Kingdom,1
16432,287.4,1,276,35.925,2011-10-06 13:59:00,2011-10-06 13:59:00,United Kingdom,0
16433,184.26,1,106,10.838823529411764,2011-11-11 14:09:00,2011-11-11 14:09:00,United Kingdom,0
16434,1511.8,7,760,14.128971962616822,2011-02-13 12:17:00,2011-11-10 14:28:00,United Kingdom,1
16438,798.35,5,463,6.04810606060606,2011-09-18 13:31:00,2011-12-04 10:51:00,United Kingdom,1
16440,3640.67,5,2018,12.91017730496454,2011-05-09 12:25:00,2011-12-02 12:02:00,United Kingdom,1
16441,381.2,2,173,15.883333333333333,2011-02-21 17:35:00,2011-10-03 17:48:00,United Kingdom,1
16442,609.3,3,443,3.563157894736842,2010-12-14 10:46:00,2011-12-08 11:43:00,United Kingdom,1
16444,654.67,4,407,7.793690476190475,2011-03-20 12:14:00,2011-10-24 13:50:00,United Kingdom,1
16445,230.51,1,111,3.658888888888889,2011-11-06 12:32:00,2011-11-06 12:32:00,United Kingdom,0
16446,168472.5,2,80997,56157.5,2011-05-18 09:52:00,2011-12-09 09:15:00,United Kingdom,1
16447,255.91,1,221,7.526764705882353,2011-07-27 12:45:00,2011-07-27 12:45:00,United Kingdom,0
16448,182.99,1,76,9.631052631578948,2011-05-25 16:28:00,2011-05-25 16:28:00,United Kingdom,0
16449,707.69,2,367,17.69225,2011-03-04 12:15:00,2011-05-26 10:25:00,United Kingdom,1
16450,311.92,1,200,28.35636363636364,2011-07-13 11:47:00,2011-07-13 11:47:00,United Kingdom,0
16451,266.97,1,120,19.069285714285716,2011-09-13 09:17:00,2011-09-13 09:17:00,United Kingdom,0
16454,6.9,2,3,3.45,2011-10-06 16:57:00,2011-10-26 11:40:00,United Kingdom,1
16455,1841.18,7,988,18.59777777777778,2010-12-03 16:44:00,2011-10-07 12:17:00,United Kingdom,1
16456,2158.18,5,1147,19.61981818181818,2010-12-01 14:11:00,2011-09-01 13:50:00,United Kingdom,1
16457,208.36,1,140,23.151111111111113,2011-05-05 13:19:00,2011-05-05 13:19:00,United Kingdom,0
16458,3482.7400000000002,18,2154,17.241287128712873,2010-12-14 11:51:00,2011-12-07 09:34:00,United Kingdom,1
16460,811.23,3,876,6.145681818181818,2011-09-19 10:15:00,2011-11-11 13:46:00,United Kingdom,1
16461,142.92,1,48,4.46625,2011-06-15 12:07:00,2011-06-15 12:07:00,United Kingdom,0
16462,136.0,3,16,45.333333333333336,2011-03-01 08:58:00,2011-09-27 10:24:00,United Kingdom,1
16463,1422.4,4,1163,17.346341463414635,2011-05-19 14:45:00,2011-11-18 14:01:00,United Kingdom,1
16464,1298.66,3,952,5.646347826086957,2011-07-20 13:53:00,2011-11-20 12:11:00,United Kingdom,1
16466,1595.96,7,785,10.931232876712329,2011-02-20 11:39:00,2011-11-06 11:35:00,United Kingdom,1
16468,74.9,1,31,37.45,2011-09-26 14:13:00,2011-09-26 14:13:00,United Kingdom,0
16469,625.42,4,260,3.6574269005847952,2011-04-07 13:11:00,2011-11-16 12:25:00,United Kingdom,1
16470,752.77,4,522,4.590060975609756,2010-12-16 11:53:00,2011-10-19 12:11:00,United Kingdom,1
16471,223.95000000000002,1,141,17.22692307692308,2011-03-10 09:41:00,2011-03-10 09:41:00,United Kingdom,0
16473,316.11,3,196,17.561666666666667,2011-01-07 10:55:00,2011-06-28 09:10:00,United Kingdom,1
16474,1810.65,7,909,5.372848664688427,2011-07-17 14:51:00,2011-12-02 13:02:00,United Kingdom,1
16475,544.3,4,319,19.439285714285713,2011-03-11 09:39:00,2011-09-12 14:37:00,United Kingdom,1
16477,2494.46,7,1415,17.085342465753424,2010-12-03 12:48:00,2011-10-07 09:44:00,United Kingdom,1
16478,331.0,3,224,19.470588235294116,2011-10-05 12:02:00,2011-11-14 15:51:00,United Kingdom,1
16479,300.83,2,102,8.595142857142857,2011-11-29 13:04:00,2011-11-29 13:40:00,United Kingdom,1
16480,769.29,1,455,14.514905660377357,2011-09-25 11:40:00,2011-09-25 11:40:00,United Kingdom,0
16482,220.62,1,346,12.256666666666668,2011-11-24 12:33:00,2011-11-24 12:33:00,United Kingdom,0
16483,139.35,1,44,7.334210526315789,2011-05-31 13:08:00,2011-05-31 13:08:00,United Kingdom,0
16484,404.3,2,200,16.172,2011-06-02 10:39:00,2011-06-19 12:06:00,United Kingdom,1
16485,363.65,1,235,8.658333333333333,2011-09-23 15:50:00,2011-09-23 15:50:00,United Kingdom,0
16488,498.8,3,728,17.2,2011-07-14 11:46:00,2011-11-06 13:42:00,United Kingdom,1
16491,731.5,1,478,18.756410256410255,2011-10-24 10:18:00,2011-10-24 10:18:00,United Kingdom,0
16493,1351.63,4,1164,24.13625,2011-01-14 08:16:00,2011-09-21 11:10:00,United Kingdom,1
16494,826.53,1,675,16.5306,2011-02-16 12:49:00,2011-02-16 12:49:00,United Kingdom,0
16495,648.26,3,328,7.366590909090909,2011-03-08 16:38:00,2011-12-06 13:20:00,United Kingdom,1
16496,1599.52,3,1111,16.837052631578945,2011-01-27 09:42:00,2011-12-01 10:31:00,United Kingdom,1
16497,2965.69,6,1396,21.80654411764706,2011-01-10 13:20:00,2011-10-21 10:55:00,United Kingdom,1
16498,100.97,2,45,6.731333333333334,2011-06-30 19:52:00,2011-07-01 15:07:00,United Kingdom,1
16499,365.45,2,127,19.23421052631579,2010-12-10 10:27:00,2010-12-14 13:31:00,United Kingdom,1
16500,400.86,6,123,36.441818181818185,2011-01-13 10:28:00,2011-12-05 12:04:00,United Kingdom,1
16503,1431.93,4,569,17.046785714285715,2010-12-14 13:50:00,2011-08-25 11:46:00,United Kingdom,1
16504,465.88,1,510,5.613012048192771,2011-11-14 15:18:00,2011-11-14 15:18:00,United Kingdom,0
16505,777.6,1,576,194.4,2011-11-08 12:14:00,2011-11-08 12:14:00,United Kingdom,0
16506,90.30000000000001,2,42,30.100000000000005,2011-10-30 15:50:00,2011-11-20 12:17:00,United Kingdom,1
16509,363.7,1,64,27.976923076923075,2011-02-16 09:25:00,2011-02-16 09:25:00,United Kingdom,0
16510,248.1,1,92,19.084615384615383,2010-12-02 13:39:00,2010-12-02 13:39:00,United Kingdom,0
16511,918.33,3,405,5.7756603773584905,2011-03-18 11:24:00,2011-11-18 10:41:00,United Kingdom,1
16513,874.59,4,407,24.988285714285716,2011-10-27 14:56:00,2011-12-05 10:18:00,United Kingdom,1
16515,1624.14,5,826,14.631891891891893,2011-02-01 13:09:00,2011-10-18 13:10:00,United Kingdom,1
16516,101.69999999999999,1,58,16.95,2011-11-09 14:59:00,2011-11-09 14:59:00,United Kingdom,0
16517,162.7,1,96,9.570588235294117,2011-03-07 13:50:00,2011-03-07 13:50:00,United Kingdom,0
16518,484.32,2,327,12.108,2011-02-28 16:36:00,2011-10-09 15:04:00,United Kingdom,1
16519,215.07999999999998,2,54,16.544615384615383,2010-12-09 14:08:00,2011-11-14 15:41:00,United Kingdom,1
16520,1046.57,3,558,6.708782051282051,2010-12-09 13:08:00,2011-06-06 13:24:00,United Kingdom,1
16523,9418.470000000001,21,4265,32.477482758620695,2011-01-28 12:06:00,2011-12-08 09:06:00,United Kingdom,1
16525,13027.45,26,7397,71.18825136612023,2010-12-08 11:31:00,2011-12-07 15:07:00,United Kingdom,1
16526,290.36,1,106,19.357333333333333,2011-06-21 12:02:00,2011-06-21 12:02:00,United Kingdom,0
16527,228.06,1,106,16.29,2011-09-19 16:21:00,2011-09-19 16:21:00,United Kingdom,0
16528,244.41,1,171,14.377058823529412,2011-12-06 12:45:00,2011-12-06 12:45:00,United Kingdom,0
16529,455.25,1,198,15.175,2011-06-02 17:23:00,2011-06-02 17:23:00,United Kingdom,0
16531,1244.59,7,915,16.163506493506492,2010-12-14 13:19:00,2011-11-17 16:29:00,United Kingdom,1
16532,6748.8,3,2016,1687.2,2011-01-05 12:37:00,2011-11-22 11:08:00,United Kingdom,1
16533,1082.81,3,611,6.1523295454545455,2011-10-02 15:07:00,2011-11-20 13:08:00,United Kingdom,1
16535,593.75,1,356,19.153225806451612,2011-12-04 15:18:00,2011-12-04 15:18:00,United Kingdom,0
16536,548.12,1,250,10.15037037037037,2011-08-21 15:54:00,2011-08-21 15:54:00,United Kingdom,0
16539,1388.81,4,477,30.862444444444442,2010-12-01 15:40:00,2011-12-07 08:41:00,United Kingdom,1
16542,119.62,1,46,23.924,2011-10-17 10:47:00,2011-10-17 10:47:00,United Kingdom,0
16545,339.3,1,78,113.10000000000001,2011-06-28 10:37:00,2011-06-28 10:37:00,United Kingdom,0
16546,787.15,2,549,31.486,2010-12-02 12:07:00,2011-02-22 11:20:00,United Kingdom,1
16549,4034.9,10,2294,4.362054054054054,2011-01-09 14:03:00,2011-11-29 15:06:00,United Kingdom,1
16550,2298.97,5,1540,9.159243027888445,2010-12-06 13:53:00,2011-08-23 11:12:00,United Kingdom,1
16551,922.12,3,970,28.81625,2011-01-07 10:24:00,2011-09-05 09:38:00,United Kingdom,1
16552,379.73,2,219,22.337058823529414,2010-12-01 12:36:00,2011-04-11 10:04:00,United Kingdom,1
16553,5719.82,12,4600,68.09309523809523,2010-12-14 13:58:00,2011-06-29 15:42:00,United Kingdom,1
16554,837.1,3,402,16.098076923076924,2011-01-12 12:41:00,2011-10-28 14:51:00,United Kingdom,1
16555,285.89,2,175,16.81705882352941,2011-08-22 12:32:00,2011-11-04 14:31:00,United Kingdom,1
16556,3313.79,7,1890,16.008647342995168,2010-12-14 13:32:00,2011-10-04 11:36:00,United Kingdom,1
16557,281.85,2,111,25.622727272727275,2011-07-25 13:28:00,2011-11-15 14:04:00,United Kingdom,1
16558,8338.49,20,5377,18.127152173913043,2010-12-08 12:01:00,2011-12-09 10:20:00,United Kingdom,1
16560,841.41,2,504,14.76157894736842,2010-12-16 14:36:00,2011-11-13 10:35:00,United Kingdom,1
16561,511.12,2,244,16.48774193548387,2011-10-11 09:53:00,2011-12-04 11:50:00,United Kingdom,1
16563,1077.74,1,486,56.72315789473684,2011-10-17 11:51:00,2011-10-17 11:51:00,United Kingdom,0
16565,173.7,1,46,57.9,2010-12-10 15:21:00,2010-12-10 15:21:00,United Kingdom,0
16566,614.66,5,362,34.147777777777776,2011-02-20 10:29:00,2011-11-24 16:34:00,United Kingdom,1
16567,865.6,2,996,24.731428571428573,2011-01-07 09:31:00,2011-05-29 13:57:00,United Kingdom,1
16569,124.2,1,93,24.84,2011-12-06 15:32:00,2011-12-06 15:32:00,United Kingdom,0
16570,3738.4,10,2112,29.66984126984127,2011-02-01 10:37:00,2011-11-24 17:02:00,United Kingdom,1
16571,1421.69,3,1239,16.34126436781609,2011-03-03 09:41:00,2011-11-13 11:46:00,United Kingdom,1
16572,1009.6,3,532,17.712280701754388,2011-03-09 12:04:00,2011-08-04 16:34:00,United Kingdom,1
16573,663.61,2,360,15.800238095238095,2011-02-22 15:14:00,2011-09-16 09:13:00,United Kingdom,1
16574,451.44,1,416,16.122857142857143,2011-09-29 13:39:00,2011-09-29 13:39:00,United Kingdom,0
16581,105.84,1,134,11.76,2011-06-10 10:05:00,2011-06-10 10:05:00,United Kingdom,0
16582,313.62,1,164,52.27,2011-08-18 17:02:00,2011-08-18 17:02:00,United Kingdom,0
16583,233.45,1,111,16.675,2010-12-01 12:03:00,2010-12-01 12:03:00,United Kingdom,0
16584,936.08,2,646,33.431428571428576,2011-03-30 13:14:00,2011-09-20 13:45:00,United Kingdom,1
16586,463.95,1,95,57.99375,2011-04-05 09:32:00,2011-04-05 09:32:00,United Kingdom,0
16587,225.15,1,71,17.31923076923077,2011-04-21 15:51:00,2011-04-21 15:51:00,United Kingdom,0
16589,459.24,3,368,13.916363636363636,2011-07-01 13:31:00,2011-09-29 14:50:00,United Kingdom,1
16591,213.5,1,41,21.35,2011-10-02 10:43:00,2011-10-02 10:43:00,United Kingdom,0
16592,4113.68,16,2927,19.044814814814817,2011-02-25 10:19:00,2011-12-05 13:49:00,United Kingdom,1
16593,330.03,3,116,12.223333333333333,2011-01-16 12:11:00,2011-10-20 12:41:00,United Kingdom,1
16594,181.09,1,64,3.416792452830189,2011-09-25 14:08:00,2011-09-25 14:08:00,United Kingdom,0
16595,360.16,1,335,4.237176470588236,2011-10-09 13:15:00,2011-10-09 13:15:00,United Kingdom,0
16596,250.15,2,97,20.845833333333335,2010-12-08 16:18:00,2011-11-24 10:02:00,United Kingdom,1
16597,90.04,1,184,12.862857142857143,2011-12-05 15:44:00,2011-12-05 15:44:00,United Kingdom,0
16598,145.04999999999998,1,73,14.504999999999999,2011-02-27 11:42:00,2011-02-27 11:42:00,United Kingdom,0
16600,813.52,6,1145,13.121290322580645,2011-01-05 12:13:00,2011-12-05 16:00:00,United Kingdom,1
16601,242.7,1,133,8.09,2011-10-30 11:09:00,2011-10-30 11:09:00,United Kingdom,0
16602,528.08,1,336,18.209655172413793,2011-11-03 15:54:00,2011-11-03 15:54:00,United Kingdom,0
16603,482.47,2,480,14.19029411764706,2011-09-09 13:02:00,2011-09-26 10:06:00,United Kingdom,1
16607,3347.71,14,2859,19.46343023255814,2010-12-16 08:41:00,2011-11-22 10:24:00,United Kingdom,1
16609,5493.46,7,2420,19.903840579710145,2011-04-01 10:11:00,2011-11-24 13:32:00,United Kingdom,1
16610,75.66,1,66,12.61,2011-05-04 13:13:00,2011-05-04 13:13:00,United Kingdom,0
16611,129.49,1,47,12.949000000000002,2011-06-06 15:46:00,2011-06-06 15:46:00,United Kingdom,0
16612,1187.66,4,506,17.994848484848486,2011-02-01 10:38:00,2011-11-07 07:38:00,United Kingdom,1
16613,618.59,1,293,20.619666666666667,2011-09-30 15:52:00,2011-09-30 15:52:00,United Kingdom,0
16614,506.19,1,223,19.468846153846155,2011-06-10 11:36:00,2011-06-10 11:36:00,United Kingdom,0
16616,500.42,2,370,15.164242424242424,2011-07-05 13:38:00,2011-11-24 16:31:00,United Kingdom,1
16617,151.85,1,91,30.369999999999997,2011-04-18 10:35:00,2011-04-18 10:35:00,United Kingdom,0
16618,2647.59,5,1363,27.579062500000003,2011-01-21 11:55:00,2011-11-08 13:52:00,United Kingdom,1
16619,226.21,1,133,16.157857142857143,2011-03-21 08:18:00,2011-03-21 08:18:00,United Kingdom,0
16620,178.96,2,88,19.884444444444444,2011-03-24 10:37:00,2011-12-06 12:19:00,United Kingdom,1
16621,813.48,4,302,28.05103448275862,2011-03-07 11:32:00,2011-10-19 11:38:00,United Kingdom,1
16623,129.45,1,39,25.889999999999997,2011-04-08 10:09:00,2011-04-08 10:09:00,United Kingdom,0
16624,810.5699999999999,2,488,16.886875,2011-05-26 14:20:00,2011-09-20 12:39:00,United Kingdom,1
16625,333.08,1,164,14.481739130434782,2011-03-10 12:50:00,2011-03-10 12:50:00,United Kingdom,0
16626,4413.1,17,2690,24.65418994413408,2011-03-18 12:27:00,2011-12-09 11:56:00,United Kingdom,1
16627,322.8,1,162,16.14,2011-09-21 14:38:00,2011-09-21 14:38:00,United Kingdom,0
16628,2188.05,5,1205,18.701282051282053,2011-04-19 08:55:00,2011-11-10 12:45:00,United Kingdom,1
16629,408.63,2,489,6.8105,2011-09-04 16:12:00,2011-09-27 10:34:00,United Kingdom,1
16633,2883.1,6,1138,18.967763157894737,2011-04-19 14:36:00,2011-11-22 13:41:00,United Kingdom,1
16634,217.9,2,82,24.211111111111112,2010-12-02 17:41:00,2011-05-01 12:09:00,United Kingdom,1
16637,1154.47,4,927,16.73144927536232,2011-04-28 10:20:00,2011-11-07 13:17:00,United Kingdom,1
16638,1680.72,10,1255,17.88,2010-12-06 10:19:00,2011-11-17 11:09:00,United Kingdom,1
16639,1257.51,3,510,25.150199999999998,2011-04-18 09:31:00,2011-11-08 13:20:00,United Kingdom,1
16641,231.10000000000002,1,256,19.258333333333336,2011-08-26 12:49:00,2011-08-26 12:49:00,United Kingdom,0
16642,688.33,2,479,20.245,2011-05-16 12:35:00,2011-12-05 11:31:00,United Kingdom,1
16643,487.51,1,269,18.055925925925926,2011-04-08 08:24:00,2011-04-08 08:24:00,United Kingdom,0
16644,833.78,2,826,13.448064516129032,2011-05-11 12:53:00,2011-06-15 12:39:00,United Kingdom,1
16647,214.06,2,146,15.290000000000001,2011-05-19 09:31:00,2011-06-23 11:47:00,United Kingdom,1
16648,290.65999999999997,1,281,15.297894736842103,2011-10-28 08:58:00,2011-10-28 08:58:00,United Kingdom,0
16650,518.42,1,372,21.60083333333333,2011-09-29 09:51:00,2011-09-29 09:51:00,United Kingdom,0
16652,6773.97,7,3283,57.406525423728816,2011-03-11 13:13:00,2011-10-12 09:38:00,United Kingdom,1
16653,1212.66,2,733,17.574782608695653,2011-09-29 13:38:00,2011-11-23 14:51:00,United Kingdom,1
16654,601.27,4,282,20.733448275862067,2010-12-06 15:09:00,2011-07-21 15:23:00,United Kingdom,1
16655,3789.52,6,2363,14.688062015503876,2011-01-12 10:16:00,2011-11-22 11:25:00,United Kingdom,1
16656,8625.8,15,8894,118.16164383561643,2010-12-10 11:23:00,2011-11-17 14:43:00,United Kingdom,1
16657,874.43,4,1130,4.554322916666666,2011-03-30 12:02:00,2011-11-30 11:48:00,United Kingdom,1
16658,123.24,1,40,15.405,2010-12-06 13:47:00,2010-12-06 13:47:00,United Kingdom,0
16659,39.12,1,72,19.56,2011-06-03 15:03:00,2011-06-03 15:03:00,United Kingdom,0
16660,1267.6499999999999,4,571,79.22812499999999,2011-01-24 12:44:00,2011-11-23 14:53:00,United Kingdom,1
16665,135.39999999999998,1,59,15.044444444444443,2010-12-12 14:03:00,2010-12-12 14:03:00,United Kingdom,0
16666,118.98,1,233,3.718125,2011-11-20 14:01:00,2011-11-20 14:01:00,United Kingdom,0
16667,567.1800000000001,2,236,10.907307692307693,2011-02-28 12:57:00,2011-10-02 15:26:00,United Kingdom,1
16668,306.71999999999997,6,318,15.335999999999999,2011-02-28 12:46:00,2011-11-24 17:43:00,United Kingdom,1
16669,1348.88,3,881,8.646666666666667,2011-09-22 14:13:00,2011-11-16 12:26:00,United Kingdom,1
16670,4095.9,11,2556,16.25357142857143,2010-12-16 10:30:00,2011-11-23 09:34:00,United Kingdom,1
16671,1692.27,3,875,282.045,2011-06-28 11:20:00,2011-11-11 13:40:00,United Kingdom,1
16672,8134.9400000000005,20,2832,71.35912280701754,2011-03-18 10:15:00,2011-12-07 16:29:00,United Kingdom,1
16674,304.24,2,181,3.2713978494623657,2011-09-02 13:59:00,2011-10-16 11:31:00,United Kingdom,1
16676,1592.1200000000001,4,636,17.888988764044946,2011-01-06 13:00:00,2011-11-06 12:01:00,United Kingdom,1
16678,3109.99,12,2397,19.07969325153374,2011-03-02 09:24:00,2011-12-07 12:17:00,United Kingdom,1
16679,129.75,1,29,43.25,2010-12-08 13:51:00,2010-12-08 13:51:00,United Kingdom,0
16680,183.7,1,94,18.369999999999997,2011-10-27 17:35:00,2011-10-27 17:35:00,United Kingdom,0
16681,1770.34,6,1407,40.235,2011-03-31 13:46:00,2011-09-28 11:11:00,United Kingdom,1
16682,1028.0,5,1040,34.266666666666666,2011-06-05 11:02:00,2011-12-05 12:13:00,United Kingdom,1
16684,66653.56,28,50255,240.6265703971119,2010-12-16 17:34:00,2011-12-05 14:06:00,United Kingdom,1
16685,324.24,2,396,5.2296774193548385,2011-10-09 13:44:00,2011-10-09 13:58:00,United Kingdom,1
16686,2959.88,7,1977,5.440955882352942,2010-12-19 14:41:00,2011-10-23 13:49:00,United Kingdom,1
16688,1260.86,4,804,20.336451612903225,2011-10-10 12:23:00,2011-12-08 15:24:00,United Kingdom,1
16689,422.59999999999997,2,330,32.5076923076923,2011-09-18 13:29:00,2011-09-25 11:39:00,United Kingdom,1
16690,225.57999999999998,2,138,18.798333333333332,2011-05-22 10:53:00,2011-09-28 15:02:00,United Kingdom,1
16692,1276.0,2,152,425.3333333333333,2011-02-23 15:41:00,2011-03-28 14:46:00,United Kingdom,1
16693,477.86,2,203,8.099322033898305,2011-03-13 11:06:00,2011-10-02 11:10:00,United Kingdom,1
16696,657.9000000000001,4,146,65.79,2011-04-05 15:20:00,2011-07-27 14:23:00,United Kingdom,1
16697,112.75,1,27,5.369047619047619,2011-04-12 17:12:00,2011-04-12 17:12:00,United Kingdom,0
16698,1998.0,2,840,399.6,2011-03-31 13:33:00,2011-04-27 10:52:00,United Kingdom,1
16700,5076.55,13,4024,16.482305194805196,2010-12-08 16:34:00,2011-12-01 11:00:00,United Kingdom,1
16701,5398.3,13,6393,37.488194444444446,2010-12-13 11:51:00,2011-12-01 11:10:00,United Kingdom,1
16705,14034.99,20,5476,51.98144444444444,2010-12-16 10:51:00,2011-12-09 12:08:00,United Kingdom,1
16706,531.35,3,249,4.319918699186992,2011-08-17 15:53:00,2011-11-02 13:50:00,United Kingdom,1
16708,656.63,1,285,24.31962962962963,2011-10-25 12:20:00,2011-10-25 12:20:00,United Kingdom,0
16709,3029.87,5,851,38.35278481012658,2011-03-03 10:55:00,2011-09-16 10:56:00,United Kingdom,1
16710,2467.99,10,1823,6.263934010152283,2010-12-06 13:13:00,2011-11-20 14:50:00,United Kingdom,1
16711,1651.03,5,833,75.04681818181818,2010-12-17 12:43:00,2011-12-06 16:32:00,United Kingdom,1
16712,3611.31,11,1730,8.245,2011-03-08 15:07:00,2011-11-30 13:48:00,United Kingdom,1
16713,6910.78,15,4271,11.164426494345719,2010-12-08 13:01:00,2011-11-21 12:36:00,United Kingdom,1
16714,1129.06,3,589,12.977701149425286,2011-01-26 13:40:00,2011-05-05 11:09:00,United Kingdom,1
16715,301.71999999999997,1,642,15.879999999999999,2011-09-22 18:15:00,2011-09-22 18:15:00,United Kingdom,0
16716,901.2,2,120,450.6,2011-02-01 15:35:00,2011-03-18 10:03:00,United Kingdom,1
16717,3843.08,6,1860,19.40949494949495,2010-12-08 16:48:00,2011-11-16 12:16:00,United Kingdom,1
16718,606.0500000000001,1,407,13.773863636363638,2010-12-05 13:03:00,2010-12-05 13:03:00,United Kingdom,0
16719,1770.22,7,1175,9.031734693877551,2010-12-06 12:06:00,2011-11-25 09:27:00,United Kingdom,1
16720,152.95,1,180,6.117999999999999,2011-11-13 16:22:00,2011-11-13 16:22:00,United Kingdom,0
16721,292.47,1,172,7.904594594594595,2011-03-22 16:08:00,2011-03-22 16:08:00,United Kingdom,0
16722,4730.81,13,5001,21.025822222222224,2010-12-06 12:59:00,2011-11-22 13:28:00,United Kingdom,1
16723,576.4,2,398,13.723809523809523,2011-08-24 11:31:00,2011-09-09 13:01:00,United Kingdom,1
16725,758.27,7,288,5.229448275862069,2010-12-03 16:02:00,2011-02-10 16:52:00,United Kingdom,1
16726,1358.74,5,945,7.633370786516854,2010-12-13 13:28:00,2011-11-13 14:53:00,United Kingdom,1
16727,256.32,1,167,5.825454545454545,2010-12-10 13:48:00,2010-12-10 13:48:00,United Kingdom,0
16728,1048.28,4,671,3.9858555133079845,2011-03-20 13:28:00,2011-10-24 14:36:00,United Kingdom,1
16729,7205.33,21,5722,10.983734756097562,2011-04-12 14:22:00,2011-11-01 14:29:00,United Kingdom,1
16730,743.11,3,994,9.062317073170732,2011-01-24 14:01:00,2011-10-18 14:11:00,United Kingdom,1
16732,603.75,1,317,21.5625,2011-11-08 09:54:00,2011-11-08 09:54:00,United Kingdom,0
16734,646.76,3,345,12.437692307692307,2011-08-17 15:00:00,2011-10-18 13:44:00,United Kingdom,1
16735,2247.41,5,1532,19.374224137931034,2011-01-09 12:53:00,2011-09-22 11:49:00,United Kingdom,1
16737,417.59999999999997,1,288,417.59999999999997,2011-10-17 13:03:00,2011-10-17 13:03:00,United Kingdom,0
16738,3.75,1,3,3.75,2011-02-15 09:46:00,2011-02-15 09:46:00,United Kingdom,0
16739,323.0,1,172,24.846153846153847,2011-06-16 09:17:00,2011-06-16 09:17:00,United Kingdom,0
16742,464.9,1,1,464.9,2011-10-24 12:02:00,2011-10-24 12:02:00,United Kingdom,0
16743,2213.13,7,2035,11.648052631578947,2010-12-16 12:15:00,2011-11-10 13:13:00,United Kingdom,1
16744,1291.91,7,798,5.4741949152542375,2011-06-19 15:13:00,2011-11-28 13:06:00,United Kingdom,1
16745,7180.7,17,6719,20.227323943661972,2011-02-01 11:31:00,2011-09-14 11:58:00,United Kingdom,1
16746,6680.11,18,4660,15.045292792792791,2010-12-16 11:43:00,2011-12-05 12:33:00,United Kingdom,1
16747,836.06,2,583,19.906190476190474,2011-10-03 10:18:00,2011-11-02 11:37:00,United Kingdom,1
16748,1515.9,5,880,21.969565217391306,2011-01-09 13:50:00,2011-11-22 10:17:00,United Kingdom,1
16750,623.93,5,214,6.567684210526315,2011-04-21 16:53:00,2011-10-26 12:48:00,United Kingdom,1
16751,1764.72,1,1031,70.5888,2011-11-09 10:48:00,2011-11-09 10:48:00,United Kingdom,0
16752,207.5,1,54,23.055555555555557,2010-12-02 12:18:00,2010-12-02 12:18:00,United Kingdom,0
16753,223.92000000000002,1,189,6.5858823529411765,2011-10-12 13:14:00,2011-10-12 13:14:00,United Kingdom,0
16754,2002.4,1,4280,1001.2,2010-12-02 17:38:00,2010-12-02 17:38:00,United Kingdom,0
16755,1475.43,3,1058,8.942,2011-01-28 10:47:00,2011-08-17 13:21:00,United Kingdom,1
16756,239.4,1,106,18.415384615384617,2011-05-09 09:33:00,2011-05-09 09:33:00,United Kingdom,0
16757,106.83000000000001,1,81,15.261428571428572,2011-01-25 11:59:00,2011-01-25 11:59:00,United Kingdom,0
16758,369.34000000000003,1,203,16.78818181818182,2011-10-05 14:47:00,2011-10-05 14:47:00,United Kingdom,0
16759,789.79,3,609,18.804523809523808,2011-11-09 09:06:00,2011-12-02 12:42:00,United Kingdom,1
16761,316.62,1,341,24.355384615384615,2011-09-04 11:15:00,2011-09-04 11:15:00,United Kingdom,0
16762,1207.24,3,480,19.162539682539684,2011-07-18 12:52:00,2011-11-20 11:43:00,United Kingdom,1
16763,611.85,1,319,26.60217391304348,2011-05-25 11:52:00,2011-05-25 11:52:00,United Kingdom,0
16764,2790.9500000000003,13,1253,3.987071428571429,2011-07-19 17:17:00,2011-12-06 11:41:00,United Kingdom,1
16765,34.0,1,4,34.0,2011-02-18 15:41:00,2011-02-18 15:41:00,United Kingdom,0
16766,1145.6,2,536,33.69411764705882,2011-03-11 13:34:00,2011-03-11 15:22:00,United Kingdom,1
16767,5575.56,11,4423,25.22877828054299,2011-01-27 13:38:00,2011-11-09 09:42:00,United Kingdom,1
16768,478.09000000000003,3,196,8.85351851851852,2011-03-13 10:25:00,2011-10-23 10:38:00,United Kingdom,1
16769,361.54,1,80,9.51421052631579,2011-03-24 13:41:00,2011-03-24 13:41:00,United Kingdom,0
16770,757.1,5,456,5.407857142857143,2010-12-02 15:49:00,2011-10-13 12:21:00,United Kingdom,1
16771,2242.61,5,1487,8.829173228346457,2011-01-05 13:57:00,2011-11-06 13:28:00,United Kingdom,1
16773,171.59,1,171,6.599615384615385,2011-10-13 14:37:00,2011-10-13 14:37:00,United Kingdom,0
16774,661.52,4,322,13.781666666666666,2011-06-14 12:45:00,2011-10-03 12:41:00,United Kingdom,1
16775,1691.51,11,439,10.773949044585986,2010-12-07 15:15:00,2011-11-29 15:22:00,United Kingdom,1
16776,371.54,1,254,5.232957746478873,2011-10-10 13:04:00,2011-10-10 13:04:00,United Kingdom,0
16777,222.62,2,62,4.6379166666666665,2011-03-27 14:34:00,2011-09-20 13:41:00,United Kingdom,1
16778,245.94,2,194,15.37125,2011-03-10 15:21:00,2011-09-26 13:48:00,United Kingdom,1
16779,10611.720000000001,22,5301,32.05957703927493,2010-12-08 09:56:00,2011-12-07 14:54:00,United Kingdom,1
16780,422.24,2,270,7.156610169491525,2011-03-25 17:34:00,2011-08-31 16:09:00,United Kingdom,1
16781,311.25,1,113,18.308823529411764,2010-12-02 14:26:00,2010-12-02 14:26:00,United Kingdom,0
16782,2267.9500000000003,13,705,12.393169398907105,2010-12-09 11:28:00,2011-11-29 13:20:00,United Kingdom,1
16784,107.6,1,24,35.86666666666667,2011-11-20 12:20:00,2011-11-20 12:20:00,United Kingdom,0
16788,594.39,2,304,4.016148648648649,2011-03-30 13:05:00,2011-08-08 14:53:00,United Kingdom,1
16789,80.8,1,32,16.16,2011-12-01 15:12:00,2011-12-01 15:12:00,United Kingdom,0
16790,1545.6200000000001,6,898,16.61956989247312,2011-11-02 11:23:00,2011-12-06 11:53:00,United Kingdom,1
16791,1705.78,7,757,5.432420382165605,2011-01-11 15:42:00,2011-11-10 19:12:00,United Kingdom,1
16792,110.38000000000001,2,44,9.198333333333334,2011-03-02 14:39:00,2011-03-02 14:41:00,United Kingdom,1
16793,243.84,1,146,15.24,2011-10-13 15:08:00,2011-10-13 15:08:00,United Kingdom,0
16794,1196.5,10,923,4.303956834532374,2011-06-12 14:15:00,2011-12-08 17:54:00,United Kingdom,1
16795,414.88,1,239,6.286060606060606,2010-12-09 14:08:00,2010-12-09 14:08:00,United Kingdom,0
16796,305.62,1,186,16.97888888888889,2011-09-11 14:01:00,2011-09-11 14:01:00,United Kingdom,0
16800,1162.65,1,524,7.452884615384616,2011-11-28 14:06:00,2011-11-28 14:06:00,United Kingdom,0
16801,1594.23,4,493,21.2564,2011-03-11 13:56:00,2011-06-29 15:33:00,United Kingdom,1
16803,332.3,1,245,13.845833333333333,2011-10-05 14:28:00,2011-10-05 14:28:00,United Kingdom,0
16804,536.99,3,246,8.949833333333334,2011-03-14 15:48:00,2011-11-16 16:43:00,United Kingdom,1
16805,460.59,2,539,4.699897959183673,2010-12-14 13:35:00,2011-06-19 11:23:00,United Kingdom,1
16806,762.16,4,356,8.195268817204301,2011-04-14 19:59:00,2011-08-28 15:27:00,United Kingdom,1
16807,1121.59,3,778,16.740149253731342,2011-03-14 09:46:00,2011-07-20 12:00:00,United Kingdom,1
16808,288.42,2,196,12.540000000000001,2011-03-10 19:05:00,2011-09-01 19:34:00,United Kingdom,1
16809,914.69,5,652,6.138859060402685,2011-03-22 15:20:00,2011-11-16 15:45:00,United Kingdom,1
16810,309.54,1,114,20.636000000000003,2011-05-31 15:32:00,2011-05-31 15:32:00,United Kingdom,0
16811,547.07,2,477,19.538214285714286,2011-11-22 17:19:00,2011-12-05 11:39:00,United Kingdom,1
16812,479.35,1,81,31.956666666666667,2010-12-14 12:35:00,2010-12-14 12:35:00,United Kingdom,0
16813,1652.18,10,1501,3.878356807511737,2011-05-19 13:28:00,2011-12-01 14:03:00,United Kingdom,1
16814,6416.7,21,2697,20.115047021943575,2010-12-05 11:45:00,2011-11-25 13:27:00,United Kingdom,1
16816,417.06,4,274,14.895,2010-12-16 17:01:00,2011-08-28 14:16:00,United Kingdom,1
16817,1604.75,9,822,18.65988372093023,2010-12-06 14:19:00,2011-12-07 11:03:00,United Kingdom,1
16818,3349.57,11,2165,17.722592592592594,2011-05-18 11:42:00,2011-11-29 10:41:00,United Kingdom,1
16820,497.61,1,307,19.138846153846153,2011-09-05 12:06:00,2011-09-05 12:06:00,United Kingdom,0
16823,358.38,1,136,9.431052631578947,2011-04-26 15:00:00,2011-04-26 15:00:00,United Kingdom,0
16824,460.64,2,236,17.716923076923077,2011-06-28 13:36:00,2011-11-24 12:38:00,United Kingdom,1
16825,775.1800000000001,2,566,27.685000000000002,2011-06-07 09:44:00,2011-11-01 11:51:00,United Kingdom,1
16826,341.7,1,158,15.531818181818181,2011-10-19 14:05:00,2011-10-19 14:05:00,United Kingdom,0
16828,128.5,2,59,16.0625,2011-08-19 13:24:00,2011-09-07 15:10:00,United Kingdom,1
16829,197.22,1,99,17.92909090909091,2011-07-06 10:48:00,2011-07-06 10:48:00,United Kingdom,0
16830,325.91,1,264,14.170000000000002,2011-11-01 11:35:00,2011-11-01 11:35:00,United Kingdom,0
16832,199.15,3,33,16.595833333333335,2011-05-06 14:12:00,2011-06-08 15:36:00,United Kingdom,1
16833,1106.53,4,440,23.5431914893617,2011-01-09 13:02:00,2011-12-08 14:39:00,United Kingdom,1
16834,413.46,1,358,17.2275,2011-04-26 09:37:00,2011-04-26 09:37:00,United Kingdom,0
16835,180.85,2,61,18.085,2010-12-01 17:15:00,2011-08-03 13:50:00,United Kingdom,1
16836,251.87,2,165,22.89727272727273,2011-08-15 12:38:00,2011-10-31 10:05:00,United Kingdom,1
16837,3170.98,11,1563,19.218060606060607,2011-04-08 08:48:00,2011-11-08 14:27:00,United Kingdom,1
16838,588.85,2,185,23.554000000000002,2011-02-24 15:01:00,2011-05-26 13:13:00,United Kingdom,1
16839,16594.35,34,8975,62.38477443609022,2010-12-05 11:15:00,2011-12-01 09:03:00,United Kingdom,1
16841,1869.82,6,2250,16.119137931034484,2011-02-25 12:40:00,2011-11-03 11:51:00,United Kingdom,1
16842,1264.19,3,693,20.066507936507936,2011-02-10 14:51:00,2011-08-31 10:42:00,United Kingdom,1
16843,10196.57,16,10159,26.97505291005291,2011-01-16 16:10:00,2011-10-28 09:06:00,United Kingdom,1
16846,214.32,1,135,19.483636363636364,2011-10-20 13:55:00,2011-10-20 13:55:00,United Kingdom,0
16847,193.44,1,78,16.12,2011-10-27 13:29:00,2011-10-27 13:29:00,United Kingdom,0
16848,281.42,1,182,20.101428571428574,2011-10-18 08:42:00,2011-10-18 08:42:00,United Kingdom,0
16849,124.57,1,33,15.57125,2011-06-06 09:16:00,2011-06-06 09:16:00,United Kingdom,0
16850,332.41,1,249,17.495263157894737,2011-01-10 11:09:00,2011-01-10 11:09:00,United Kingdom,0
16851,342.45,3,271,17.1225,2011-10-19 09:48:00,2011-12-05 13:32:00,United Kingdom,1
16852,144.91000000000003,2,56,16.101111111111113,2011-06-16 15:49:00,2011-11-29 13:22:00,United Kingdom,1
16855,328.4,2,164,17.28421052631579,2011-10-27 16:31:00,2011-11-16 12:03:00,United Kingdom,1
16856,35.400000000000006,1,12,17.700000000000003,2011-11-25 08:59:00,2011-11-25 08:59:00,United Kingdom,0
16858,375.69000000000005,1,91,37.569,2010-12-06 09:52:00,2010-12-06 09:52:00,United Kingdom,0
16859,747.81,2,827,14.380961538461538,2011-03-23 13:39:00,2011-07-18 12:19:00,United Kingdom,1
16861,173.76,2,140,28.959999999999997,2011-07-04 15:38:00,2011-10-11 09:05:00,United Kingdom,1
16863,502.8,2,409,19.338461538461537,2010-12-08 08:58:00,2011-11-08 15:26:00,United Kingdom,1
16866,207.73999999999998,3,60,18.885454545454543,2011-07-01 12:34:00,2011-07-22 10:06:00,United Kingdom,1
16869,817.12,4,583,6.434015748031496,2011-06-17 13:01:00,2011-11-17 12:02:00,United Kingdom,1
16871,2812.34,6,1253,20.528029197080293,2011-03-14 10:31:00,2011-11-17 19:27:00,United Kingdom,1
16872,680.02,3,600,97.14571428571428,2011-06-08 14:32:00,2011-09-23 16:05:00,United Kingdom,1
16873,7123.62,6,3840,25.53268817204301,2010-12-10 15:45:00,2011-12-05 12:05:00,United Kingdom,1
16875,2095.53,5,1069,18.710089285714286,2011-01-04 10:37:00,2011-10-03 13:39:00,United Kingdom,1
16877,846.62,6,458,5.427051282051282,2011-05-15 16:13:00,2011-11-27 13:47:00,United Kingdom,1
16878,13.3,1,12,4.433333333333334,2011-09-16 17:39:00,2011-09-16 17:39:00,United Kingdom,0
16880,1491.43,7,746,8.571436781609195,2011-06-03 16:45:00,2011-11-09 11:33:00,United Kingdom,1
16881,432.0,1,600,432.0,2011-10-04 10:33:00,2011-10-04 10:33:00,United Kingdom,0
16882,705.12,3,424,18.080000000000002,2011-01-26 17:43:00,2011-10-04 10:42:00,United Kingdom,1
16883,272.48,2,103,7.364324324324325,2010-12-03 10:33:00,2011-06-05 12:51:00,United Kingdom,1
16884,429.84000000000003,2,320,16.532307692307693,2011-11-02 10:16:00,2011-11-02 11:52:00,United Kingdom,1
16885,450.41,3,178,4.691770833333334,2010-12-17 17:23:00,2011-11-24 13:40:00,United Kingdom,1
16887,192.32999999999998,1,156,5.342499999999999,2011-11-04 14:07:00,2011-11-04 14:07:00,United Kingdom,0
16889,1578.67,3,925,11.693851851851852,2011-01-07 10:47:00,2011-05-29 11:05:00,United Kingdom,1
16891,742.43,5,265,3.991559139784946,2010-12-03 11:35:00,2011-12-08 11:15:00,United Kingdom,1
16892,518.19,5,236,5.3421649484536085,2011-06-09 11:35:00,2011-12-08 13:18:00,United Kingdom,1
16893,145.93,1,62,3.242888888888889,2010-12-08 12:06:00,2010-12-08 12:06:00,United Kingdom,0
16895,202.27,1,91,3.26241935483871,2011-10-06 12:15:00,2011-10-06 12:15:00,United Kingdom,0
16897,289.78,2,73,7.831891891891891,2011-01-30 11:52:00,2011-02-13 15:02:00,United Kingdom,1
16898,501.03,3,412,3.191273885350318,2010-12-06 12:23:00,2011-11-13 15:44:00,United Kingdom,1
16899,1271.06,6,520,10.333821138211382,2010-12-14 13:11:00,2011-12-02 12:03:00,United Kingdom,1
16900,887.11,3,833,11.229240506329115,2011-10-07 13:17:00,2011-11-23 10:32:00,United Kingdom,1
16902,1706.88,1,629,38.79272727272728,2011-08-15 14:17:00,2011-08-15 14:17:00,United Kingdom,0
16903,363.2,1,247,6.485714285714286,2011-11-10 15:32:00,2011-11-10 15:32:00,United Kingdom,0
16904,3653.75,16,1984,5.4943609022556394,2010-12-07 13:29:00,2011-12-05 13:10:00,United Kingdom,1
16905,3037.6,7,1381,15.2643216080402,2010-12-03 10:43:00,2011-12-04 14:01:00,United Kingdom,1
16906,559.59,4,263,6.506860465116279,2011-04-05 12:30:00,2011-09-19 11:49:00,United Kingdom,1
16907,928.76,5,286,6.634,2010-12-09 16:52:00,2011-11-10 18:04:00,United Kingdom,1
16909,379.14,1,436,21.063333333333333,2011-09-28 16:45:00,2011-09-28 16:45:00,United Kingdom,0
16910,1508.96,8,884,2.7687339449541284,2011-09-09 14:14:00,2011-12-05 12:51:00,United Kingdom,1
16912,2555.58,11,1025,25.555799999999998,2011-01-20 15:42:00,2011-11-11 12:18:00,United Kingdom,1
16913,113.44,1,82,14.18,2011-02-22 12:56:00,2011-02-22 12:56:00,United Kingdom,0
16914,183.76,1,112,6.125333333333333,2011-11-03 15:27:00,2011-11-03 15:27:00,United Kingdom,0
16915,621.6800000000001,6,132,10.906666666666668,2011-03-01 09:52:00,2011-11-30 16:39:00,United Kingdom,1
16916,562.41,2,431,4.135367647058823,2010-12-02 13:14:00,2011-11-16 12:08:00,United Kingdom,1
16917,391.52,1,232,43.50222222222222,2011-03-08 11:55:00,2011-03-08 11:55:00,United Kingdom,0
16918,1068.82,6,721,8.35015625,2011-01-26 17:37:00,2011-10-21 12:50:00,United Kingdom,1
16919,2592.25,11,1403,7.951687116564417,2010-12-06 12:52:00,2011-07-06 13:35:00,United Kingdom,1
16921,154.18,1,154,2.8032727272727276,2011-10-09 16:22:00,2011-10-09 16:22:00,United Kingdom,0
16923,7069.08,19,3344,11.292460063897764,2010-12-12 11:06:00,2011-11-27 13:00:00,United Kingdom,1
16924,829.89,3,467,10.245555555555555,2011-09-16 12:54:00,2011-11-18 12:53:00,United Kingdom,1
16926,230.25,1,35,16.446428571428573,2010-12-03 13:42:00,2010-12-03 13:42:00,United Kingdom,0
16927,543.05,3,993,90.50833333333333,2010-12-13 11:57:00,2011-08-16 11:10:00,United Kingdom,1
16928,2814.7,17,2092,13.797549019607843,2010-12-01 15:21:00,2011-09-20 15:10:00,United Kingdom,1
16929,1295.39,7,929,16.823246753246753,2011-07-07 12:39:00,2011-12-06 08:37:00,United Kingdom,1
16930,378.89,3,339,7.148867924528302,2011-10-02 14:25:00,2011-11-13 16:13:00,United Kingdom,1
16931,4554.87,21,3134,5.140936794582393,2010-12-05 11:40:00,2011-12-04 13:15:00,United Kingdom,1
16932,150.23000000000002,1,82,3.129791666666667,2011-10-17 14:12:00,2011-10-17 14:12:00,United Kingdom,0
16933,563.23,2,288,12.800681818181818,2011-04-14 13:33:00,2011-12-08 12:54:00,United Kingdom,1
16934,931.03,2,397,15.262786885245902,2011-10-16 12:25:00,2011-10-16 12:40:00,United Kingdom,1
16936,261.9,1,171,4.676785714285714,2011-11-14 11:04:00,2011-11-14 11:04:00,United Kingdom,0
16938,2711.6800000000003,4,2533,11.539063829787235,2011-02-04 09:34:00,2011-12-01 10:20:00,United Kingdom,1
16940,3049.88,3,2169,9.99960655737705,2011-02-23 12:27:00,2011-10-18 13:15:00,United Kingdom,1
16942,1904.99,9,805,6.877220216606498,2011-04-26 11:59:00,2011-11-27 12:40:00,United Kingdom,1
16943,816.73,3,145,24.74939393939394,2011-01-25 14:00:00,2011-05-12 11:57:00,United Kingdom,1
16945,4345.5,19,2725,17.451807228915662,2010-12-16 17:49:00,2011-11-18 11:39:00,United Kingdom,1
16947,406.48,1,312,19.356190476190477,2011-04-18 09:38:00,2011-04-18 09:38:00,United Kingdom,0
16948,435.02,3,1614,22.89578947368421,2011-01-18 10:58:00,2011-07-24 12:46:00,United Kingdom,1
16949,1286.27,6,791,21.437833333333334,2011-01-27 12:11:00,2011-12-06 11:07:00,United Kingdom,1
16950,1178.56,3,644,28.06095238095238,2010-12-07 15:20:00,2011-10-14 09:06:00,United Kingdom,1
16951,1277.75,3,1318,14.857558139534884,2011-02-08 14:58:00,2011-07-28 12:05:00,United Kingdom,1
16952,167.61,2,92,10.475625,2011-08-22 12:58:00,2011-08-22 13:03:00,United Kingdom,1
16953,20.8,1,10,20.8,2011-11-09 15:54:00,2011-11-09 15:54:00,United Kingdom,0
16954,2085.08,9,1054,38.61259259259259,2010-12-15 10:41:00,2011-12-09 09:46:00,United Kingdom,1
16955,518.67,4,266,20.746799999999997,2010-12-01 13:31:00,2011-06-08 10:36:00,United Kingdom,1
16956,308.74,1,114,19.29625,2011-11-22 08:56:00,2011-11-22 08:56:00,United Kingdom,0
16957,416.64,2,172,26.04,2011-03-03 09:25:00,2011-04-14 13:56:00,United Kingdom,1
16959,117.35000000000001,1,49,16.764285714285716,2011-09-13 15:03:00,2011-09-13 15:03:00,United Kingdom,0
16960,507.05,3,304,5.02029702970297,2011-04-01 11:54:00,2011-11-01 11:35:00,United Kingdom,1
16961,234.17,1,125,16.72642857142857,2011-08-15 13:46:00,2011-08-15 13:46:00,United Kingdom,0
16963,110.55000000000001,1,35,15.792857142857144,2011-06-05 13:48:00,2011-06-05 13:48:00,United Kingdom,0
16965,201.19,1,291,7.738076923076923,2011-04-27 12:08:00,2011-04-27 12:08:00,United Kingdom,0
16966,2154.97,7,1981,76.96321428571427,2011-04-13 14:17:00,2011-12-01 13:40:00,United Kingdom,1
16967,319.02,1,333,15.19142857142857,2011-06-03 14:24:00,2011-06-03 14:24:00,United Kingdom,0
16968,439.43,2,326,14.175161290322581,2011-08-24 10:51:00,2011-12-05 15:02:00,United Kingdom,1
16969,650.41,3,816,15.48595238095238,2011-06-01 12:10:00,2011-10-31 13:12:00,United Kingdom,1
16971,357.21,1,72,8.712439024390243,2011-11-01 15:06:00,2011-11-01 15:06:00,United Kingdom,0
16976,251.51999999999998,1,88,125.75999999999999,2011-03-17 16:33:00,2011-03-17 16:33:00,United Kingdom,0
16978,344.33,1,166,8.828974358974358,2011-09-23 12:50:00,2011-09-23 12:50:00,United Kingdom,0
16979,1852.0,6,865,20.808988764044944,2011-02-15 09:20:00,2011-12-06 12:21:00,United Kingdom,1
16980,1028.46,2,739,12.697037037037038,2011-02-21 12:58:00,2011-03-29 16:36:00,United Kingdom,1
16982,384.06,1,182,17.457272727272727,2011-10-10 12:28:00,2011-10-10 12:28:00,United Kingdom,0
16983,1905.87,7,1335,13.327762237762236,2010-12-05 12:34:00,2011-11-27 12:10:00,United Kingdom,1
16984,4459.52,2,2380,11.148800000000001,2011-08-01 17:37:00,2011-09-12 13:43:00,United Kingdom,1
16985,5464.12,10,1832,45.53433333333333,2010-12-16 10:38:00,2011-11-22 13:33:00,United Kingdom,1
16986,1873.2,2,1040,624.4,2011-11-09 15:52:00,2011-11-10 11:55:00,United Kingdom,1
16987,1616.8,7,401,12.63125,2011-05-18 15:55:00,2011-12-06 17:26:00,United Kingdom,1
16988,126.12,1,43,18.017142857142858,2011-12-04 16:02:00,2011-12-04 16:02:00,United Kingdom,0
16989,1133.25,6,1233,94.4375,2011-07-12 09:11:00,2011-12-02 16:39:00,United Kingdom,1
16990,179.0,1,100,179.0,2011-05-05 08:30:00,2011-05-05 08:30:00,United Kingdom,0
16992,1614.31,5,860,17.358172043010754,2011-02-28 10:37:00,2011-11-29 11:50:00,United Kingdom,1
16996,1456.96,6,544,39.3772972972973,2010-12-21 13:22:00,2011-11-09 16:43:00,United Kingdom,1
16997,702.0,3,360,58.5,2011-01-18 11:51:00,2011-02-24 17:28:00,United Kingdom,1
16998,295.0,4,76,73.75,2011-02-08 15:42:00,2011-07-13 09:44:00,United Kingdom,1
16999,484.82,2,294,21.07913043478261,2011-09-26 15:43:00,2011-11-16 13:53:00,United Kingdom,1
17001,3989.57,11,2164,23.606923076923078,2010-12-16 09:35:00,2011-12-09 09:38:00,United Kingdom,1
17002,1493.73,3,679,30.484285714285715,2011-02-22 11:46:00,2011-09-15 12:40:00,United Kingdom,1
17004,1312.1399999999999,2,771,30.51488372093023,2011-09-08 12:16:00,2011-10-24 14:25:00,United Kingdom,1
17006,781.78,4,272,17.76772727272727,2011-09-25 12:15:00,2011-12-05 12:09:00,United Kingdom,1
17007,889.9300000000001,6,597,17.114038461538463,2010-12-17 13:57:00,2011-10-20 10:47:00,United Kingdom,1
17010,195.36,1,118,17.76,2011-11-21 14:49:00,2011-11-21 14:49:00,United Kingdom,0
17011,270.9,1,186,18.06,2011-11-09 13:30:00,2011-11-09 13:30:00,United Kingdom,0
17014,583.4300000000001,3,243,8.103194444444446,2011-10-04 11:36:00,2011-12-01 14:09:00,United Kingdom,1
17015,1838.6100000000001,3,1978,8.591635514018693,2011-06-07 13:19:00,2011-11-11 10:45:00,United Kingdom,1
17017,8694.26,20,6673,34.50103174603175,2010-12-02 10:17:00,2011-12-07 09:32:00,United Kingdom,1
17018,920.1,2,176,57.50625,2011-01-18 08:46:00,2011-10-30 11:42:00,United Kingdom,1
17019,1258.08,4,820,5.517894736842105,2010-12-06 12:55:00,2011-11-28 13:06:00,United Kingdom,1
17022,71.0,1,108,10.142857142857142,2011-11-08 17:09:00,2011-11-08 17:09:00,United Kingdom,0
17024,95.85,3,69,31.95,2011-07-05 09:31:00,2011-10-25 13:47:00,United Kingdom,1
17025,357.77,3,235,39.75222222222222,2010-12-01 15:45:00,2011-10-10 09:06:00,United Kingdom,1
17026,154.82999999999998,2,97,38.707499999999996,2010-12-05 12:47:00,2011-06-07 14:28:00,United Kingdom,1
17027,877.5600000000001,6,416,5.92945945945946,2011-01-26 14:19:00,2011-09-22 12:24:00,United Kingdom,1
17029,716.0,2,400,358.0,2011-04-17 10:57:00,2011-08-21 11:06:00,United Kingdom,1
17030,146.87,1,146,13.351818181818182,2011-10-07 08:49:00,2011-10-07 08:49:00,United Kingdom,0
17031,380.35,2,235,17.288636363636364,2011-07-08 09:38:00,2011-11-28 10:23:00,United Kingdom,1
17033,1030.14,3,750,36.79071428571429,2010-12-15 13:21:00,2011-09-14 14:34:00,United Kingdom,1
17034,745.52,3,410,24.850666666666665,2011-02-25 10:10:00,2011-11-23 15:14:00,United Kingdom,1
17035,433.53000000000003,2,229,15.483214285714286,2011-02-01 12:27:00,2011-04-08 11:23:00,United Kingdom,1
17037,1267.32,1,656,16.8976,2011-09-13 12:49:00,2011-09-13 12:49:00,United Kingdom,0
17038,112.4,1,28,5.109090909090909,2011-11-09 13:50:00,2011-11-09 13:50:00,United Kingdom,0
17040,449.73,1,181,29.982000000000003,2011-07-25 10:19:00,2011-07-25 10:19:00,United Kingdom,0
17041,1071.49,3,927,15.528840579710145,2010-12-14 11:43:00,2011-11-13 11:21:00,United Kingdom,1
17042,1036.58,5,990,10.686391752577318,2011-04-06 14:53:00,2011-12-07 12:26:00,United Kingdom,1
17043,1735.18,4,998,17.01156862745098,2011-03-18 14:53:00,2011-11-07 15:33:00,United Kingdom,1
17044,948.48,1,504,158.08,2011-11-14 14:28:00,2011-11-14 14:28:00,United Kingdom,0
17045,339.44,3,106,15.42909090909091,2011-04-06 12:08:00,2011-08-18 17:09:00,United Kingdom,1
17046,642.02,1,510,29.182727272727274,2011-07-05 14:24:00,2011-07-05 14:24:00,United Kingdom,0
17047,1100.9,3,533,16.93692307692308,2011-05-18 16:50:00,2011-09-15 13:27:00,United Kingdom,1
17048,925.35,3,485,21.519767441860466,2011-01-12 16:51:00,2011-08-14 11:49:00,United Kingdom,1
17049,5655.03,9,2673,17.839211356466876,2011-03-09 08:33:00,2011-12-07 10:48:00,United Kingdom,1
17050,3185.64,6,1595,10.342987012987013,2011-02-13 12:41:00,2011-09-04 13:48:00,United Kingdom,1
17051,240.89000000000001,1,179,5.735476190476191,2011-05-29 14:13:00,2011-05-29 14:13:00,United Kingdom,0
17052,399.09,1,251,4.808313253012048,2011-11-11 14:50:00,2011-11-11 14:50:00,United Kingdom,0
17053,498.48,1,122,38.34461538461539,2011-08-01 10:23:00,2011-08-01 10:23:00,United Kingdom,0
17054,1356.33,5,804,16.34132530120482,2011-04-08 13:14:00,2011-11-11 12:56:00,United Kingdom,1
17058,1179.89,3,592,19.030483870967743,2011-04-14 09:18:00,2011-09-19 10:13:00,United Kingdom,1
17059,3080.39,5,1850,5.9929766536964975,2010-12-05 12:35:00,2011-11-10 12:27:00,United Kingdom,1
17060,234.24,1,216,46.848,2011-03-18 13:27:00,2011-03-18 13:27:00,United Kingdom,0
17061,5232.2300000000005,11,1526,52.850808080808086,2011-04-21 13:29:00,2011-09-27 11:24:00,United Kingdom,1
17062,533.33,4,418,7.7294202898550735,2010-12-05 11:59:00,2011-01-30 11:01:00,United Kingdom,1
17063,1461.14,7,770,18.732564102564105,2011-02-23 13:44:00,2011-11-18 16:19:00,United Kingdom,1
17064,855.45,3,316,14.02377049180328,2011-01-16 16:10:00,2011-10-12 10:18:00,United Kingdom,1
17068,4552.14,21,2164,15.378851351351353,2010-12-06 13:58:00,2011-11-27 13:14:00,United Kingdom,1
17069,2709.7000000000003,9,1506,18.948951048951052,2010-12-01 16:49:00,2011-11-11 17:13:00,United Kingdom,1
17070,304.24,1,131,4.9070967741935485,2011-08-17 17:01:00,2011-08-17 17:01:00,United Kingdom,0
17071,2429.03,9,1197,17.350214285714287,2011-02-03 08:18:00,2011-11-11 16:31:00,United Kingdom,1
17073,1446.09,4,759,8.310862068965516,2011-08-22 14:37:00,2011-11-22 11:47:00,United Kingdom,1
17075,834.12,4,292,10.832727272727272,2011-01-26 13:20:00,2011-11-22 11:58:00,United Kingdom,1
17076,841.0799999999999,3,295,33.6432,2010-12-10 10:08:00,2011-11-03 17:53:00,United Kingdom,1
17078,378.2,2,788,13.507142857142856,2011-11-03 18:49:00,2011-11-03 19:17:00,United Kingdom,1
17079,118.80000000000001,1,24,59.400000000000006,2011-09-22 15:34:00,2011-09-22 15:34:00,United Kingdom,0
17080,287.62,2,166,35.9525,2011-03-15 12:05:00,2011-11-17 12:59:00,United Kingdom,1
17081,288.91,2,77,4.585873015873016,2011-10-24 13:08:00,2011-11-14 12:56:00,United Kingdom,1
17082,2003.85,2,1049,24.738888888888887,2011-01-25 14:36:00,2011-11-06 15:17:00,United Kingdom,1
17083,1405.78,3,772,27.034230769230767,2011-02-09 11:38:00,2011-08-22 15:43:00,United Kingdom,1
17084,2747.9900000000002,2,1702,18.44288590604027,2011-11-04 14:49:00,2011-11-04 14:54:00,United Kingdom,1
17085,1562.4,5,785,8.4,2010-12-12 12:24:00,2011-08-08 14:15:00,United Kingdom,1
17086,2050.08,6,1859,21.355,2011-10-07 11:22:00,2011-12-02 13:54:00,United Kingdom,1
17088,1991.01,4,868,17.313130434782607,2011-03-31 09:48:00,2011-11-11 14:23:00,United Kingdom,1
17090,1974.65,7,903,32.37131147540984,2010-12-20 13:52:00,2011-12-05 13:44:00,United Kingdom,1
17091,3827.76,9,1746,19.629538461538463,2010-12-07 09:55:00,2011-12-07 10:43:00,United Kingdom,1
17092,1774.03,4,1130,14.306693548387097,2011-03-07 14:51:00,2011-10-20 19:51:00,United Kingdom,1
17094,302.0,1,152,21.571428571428573,2011-01-21 13:09:00,2011-01-21 13:09:00,United Kingdom,0
17095,1324.16,3,618,17.894054054054056,2011-01-09 11:05:00,2011-11-17 12:21:00,United Kingdom,1
17096,1022.13,4,339,21.294375,2011-03-23 12:05:00,2011-11-24 15:01:00,United Kingdom,1
17097,954.42,8,459,4.523317535545024,2010-12-09 14:55:00,2011-12-07 17:05:00,Spain,1
17100,971.74,2,800,14.949846153846154,2011-11-21 16:36:00,2011-11-21 16:36:00,United Kingdom,1
17101,1621.73,4,815,38.61261904761905,2011-06-14 14:49:00,2011-11-29 13:57:00,United Kingdom,1
17102,25.5,1,2,25.5,2011-03-23 10:08:00,2011-03-23 10:08:00,United Kingdom,0
17105,665.78,2,693,7.397555555555555,2011-02-06 14:46:00,2011-07-03 15:53:00,United Kingdom,1
17107,10797.48,6,4826,25.955480769230768,2011-03-06 15:17:00,2011-11-06 14:14:00,United Kingdom,1
17109,881.29,6,588,7.597327586206896,2011-04-21 15:46:00,2011-11-10 16:59:00,United Kingdom,1
17110,163.29999999999998,1,50,13.608333333333333,2011-06-27 12:58:00,2011-06-27 12:58:00,United Kingdom,0
17111,231.61,1,282,7.986551724137931,2011-10-23 15:59:00,2011-10-23 15:59:00,United Kingdom,0
17114,801.12,8,215,6.5131707317073175,2011-01-09 11:39:00,2011-12-04 12:17:00,United Kingdom,1
17115,837.5,3,372,21.474358974358974,2011-04-20 14:46:00,2011-12-01 14:30:00,United Kingdom,1
17117,116.19999999999999,1,68,12.91111111111111,2011-02-24 13:54:00,2011-02-24 13:54:00,United Kingdom,0
17118,157.02,1,154,15.702000000000002,2011-01-26 12:19:00,2011-01-26 12:19:00,United Kingdom,0
17119,606.91,2,334,17.340285714285713,2011-10-11 11:03:00,2011-12-06 14:40:00,United Kingdom,1
17120,307.46,1,120,17.08111111111111,2011-04-20 15:21:00,2011-04-20 15:21:00,United Kingdom,0
17122,138.32,1,80,19.759999999999998,2011-08-12 14:33:00,2011-08-12 14:33:00,United Kingdom,0
17123,345.29999999999995,1,246,38.36666666666666,2011-07-01 10:47:00,2011-07-01 10:47:00,United Kingdom,0
17124,294.24,1,129,9.491612903225807,2011-06-07 14:02:00,2011-06-07 14:02:00,United Kingdom,0
17125,230.5,1,281,6.585714285714285,2011-10-20 14:41:00,2011-10-20 14:41:00,United Kingdom,0
17126,989.45,5,780,3.989717741935484,2010-12-12 11:26:00,2011-07-10 13:52:00,United Kingdom,1
17128,157.09,1,76,11.220714285714285,2011-01-09 12:02:00,2011-01-09 12:02:00,United Kingdom,0
17131,2463.17,5,983,18.38186567164179,2011-09-25 12:42:00,2011-12-04 12:52:00,United Kingdom,1
17133,4892.240000000001,7,2730,181.1940740740741,2011-03-18 13:47:00,2011-11-24 12:27:00,United Kingdom,1
17134,413.2,2,98,17.965217391304346,2011-03-20 11:56:00,2011-08-25 09:53:00,United Kingdom,1
17135,1139.73,7,1224,21.917884615384615,2010-12-03 09:31:00,2011-11-23 16:48:00,United Kingdom,1
17138,380.5,1,126,15.854166666666666,2011-03-09 11:54:00,2011-03-09 11:54:00,United Kingdom,0
17139,10650.77,12,5176,22.328658280922433,2011-02-24 09:32:00,2011-11-24 10:12:00,United Kingdom,1
17140,454.12,1,296,25.22888888888889,2011-04-06 13:33:00,2011-04-06 13:33:00,United Kingdom,0
17142,579.0,1,81,38.6,2011-04-14 18:22:00,2011-04-14 18:22:00,United Kingdom,0
17144,984.57,2,483,20.511875,2011-09-16 12:50:00,2011-12-08 17:57:00,United Kingdom,1
17146,749.78,3,212,21.422285714285714,2010-12-16 12:20:00,2011-08-26 12:44:00,United Kingdom,1
17147,1714.59,4,882,21.167777777777776,2011-02-01 09:36:00,2011-11-17 12:32:00,United Kingdom,1
17148,124.88,1,82,13.875555555555556,2011-10-19 09:59:00,2011-10-19 09:59:00,United Kingdom,0
17152,1689.5,3,517,120.67857142857143,2011-03-21 16:20:00,2011-05-29 12:19:00,United Kingdom,1
17153,213.78,1,104,15.27,2011-11-15 13:42:00,2011-11-15 13:42:00,United Kingdom,0
17154,329.34,1,490,14.319130434782608,2011-09-25 13:42:00,2011-09-25 13:42:00,United Kingdom,0
17155,251.70000000000002,2,242,12.585,2011-06-15 10:22:00,2011-11-22 12:38:00,United Kingdom,1
17157,319.0,2,172,24.53846153846154,2011-06-16 15:08:00,2011-12-02 09:10:00,United Kingdom,1
17158,1266.97,3,778,18.91,2010-12-14 13:03:00,2011-11-07 15:15:00,United Kingdom,1
17159,1538.88,3,1111,15.236435643564358,2011-06-21 09:49:00,2011-11-18 10:52:00,United Kingdom,1
17160,3518.03,6,2856,15.362576419213974,2011-04-12 12:00:00,2011-11-08 14:05:00,United Kingdom,1
17162,1715.46,10,1001,16.494807692307692,2011-02-07 12:27:00,2011-11-11 11:34:00,United Kingdom,1
17163,293.1,2,66,58.620000000000005,2011-09-22 15:54:00,2011-11-18 08:57:00,United Kingdom,1
17164,2467.35,7,1501,17.134375,2011-03-11 14:26:00,2011-11-07 09:14:00,United Kingdom,1
17165,158.68,1,100,15.868,2011-02-28 16:39:00,2011-02-28 16:39:00,United Kingdom,0
17166,206.34,2,78,17.195,2011-05-20 08:18:00,2011-11-01 09:46:00,United Kingdom,1
17169,835.78,2,526,15.477407407407407,2011-06-09 13:16:00,2011-10-13 10:25:00,United Kingdom,1
17171,224.91,1,185,14.056875,2011-02-23 16:37:00,2011-02-23 16:37:00,United Kingdom,0
17172,317.76,1,480,21.184,2011-09-22 09:36:00,2011-09-22 09:36:00,United Kingdom,0
17173,3766.6,8,1122,43.79767441860465,2011-07-31 15:26:00,2011-12-04 14:40:00,United Kingdom,1
17174,59.9,1,41,14.975,2011-05-06 11:47:00,2011-05-06 11:47:00,United Kingdom,0
17175,1443.69,4,866,22.915714285714287,2011-02-16 14:56:00,2011-10-26 15:31:00,United Kingdom,1
17176,306.13,1,170,20.408666666666665,2011-05-22 12:41:00,2011-05-22 12:41:00,United Kingdom,0
17179,711.79,3,290,8.897375,2010-12-13 14:24:00,2011-06-14 16:48:00,United Kingdom,1
17180,783.97,4,670,6.2717600000000004,2011-01-27 18:05:00,2011-10-14 15:46:00,United Kingdom,1
17181,239.92000000000002,2,241,10.431304347826087,2010-12-01 12:38:00,2011-10-13 14:48:00,United Kingdom,1
17183,3347.31,6,1296,45.85356164383562,2011-08-26 15:25:00,2011-12-02 10:07:00,United Kingdom,1
17186,144.0,2,200,72.0,2011-10-10 12:52:00,2011-10-24 10:20:00,United Kingdom,1
17187,203.95,1,144,20.395,2011-04-27 12:39:00,2011-04-27 12:39:00,United Kingdom,0
17188,2474.23,7,1328,29.455119047619046,2010-12-12 12:56:00,2011-11-28 13:53:00,United Kingdom,1
17189,383.75,2,226,6.395833333333333,2010-12-15 17:28:00,2011-08-25 19:39:00,United Kingdom,1
17190,444.74,2,161,23.40736842105263,2011-05-16 15:29:00,2011-10-12 11:33:00,United Kingdom,1
17191,2093.68,7,1166,8.871525423728812,2010-12-06 14:36:00,2011-11-11 16:58:00,United Kingdom,1
17193,1699.3000000000002,7,1254,53.103125000000006,2011-06-16 10:04:00,2011-11-04 12:47:00,United Kingdom,1
17194,262.62,2,119,9.055862068965517,2010-12-14 12:06:00,2011-03-11 12:05:00,United Kingdom,1
17197,1013.01,1,191,34.93137931034483,2011-11-10 10:32:00,2011-11-10 10:32:00,United Kingdom,0
17198,692.22,3,357,7.210625,2010-12-03 14:54:00,2011-11-16 10:39:00,United Kingdom,1
17201,289.78,1,231,7.62578947368421,2011-10-17 11:55:00,2011-10-17 11:55:00,United Kingdom,0
17203,3560.08,6,2846,24.054594594594594,2011-10-10 14:37:00,2011-11-04 12:27:00,United Kingdom,1
17204,1564.56,4,646,27.448421052631577,2011-03-21 12:42:00,2011-06-17 14:46:00,United Kingdom,1
17205,384.08,1,884,29.544615384615383,2011-10-17 12:46:00,2011-10-17 12:46:00,United Kingdom,0
17206,204.24,1,76,29.177142857142858,2011-10-17 13:25:00,2011-10-17 13:25:00,United Kingdom,0
17211,2317.2200000000003,8,1323,10.982085308056874,2010-12-05 12:44:00,2011-11-13 12:03:00,United Kingdom,1
17212,226.85,1,147,56.7125,2011-03-31 19:42:00,2011-03-31 19:42:00,United Kingdom,0
17213,2781.23,7,1176,17.71484076433121,2010-12-08 13:03:00,2011-10-30 14:53:00,United Kingdom,1
17214,1059.1200000000001,6,272,10.486336633663367,2010-12-15 15:14:00,2011-10-10 13:17:00,United Kingdom,1
17217,113.5,1,24,12.61111111111111,2011-04-19 17:19:00,2011-04-19 17:19:00,United Kingdom,0
17218,1951.97,10,955,7.202841328413284,2010-12-06 15:25:00,2011-12-05 13:52:00,United Kingdom,1
17219,114.23,1,89,4.5692,2011-11-08 11:25:00,2011-11-08 11:25:00,United Kingdom,0
17220,3187.55,14,1897,6.8255888650963605,2010-12-10 14:54:00,2011-11-15 13:47:00,United Kingdom,1
17221,334.48,2,287,5.39483870967742,2011-11-03 17:39:00,2011-12-02 13:35:00,United Kingdom,1
17222,328.65,1,122,12.17222222222222,2011-10-05 13:58:00,2011-10-05 13:58:00,United Kingdom,0
17223,416.89,2,110,8.685208333333334,2010-12-06 14:08:00,2011-02-02 15:57:00,United Kingdom,1
17226,393.49,1,406,18.73761904761905,2011-02-04 11:52:00,2011-02-04 11:52:00,United Kingdom,0
17227,939.32,6,741,19.985531914893617,2010-12-06 11:16:00,2011-11-21 10:51:00,United Kingdom,1
17228,1906.09,8,1532,9.16389423076923,2010-12-02 16:00:00,2011-11-24 10:24:00,United Kingdom,1
17229,318.76,2,185,6.782127659574468,2011-07-20 12:38:00,2011-09-04 13:56:00,United Kingdom,1
17230,3638.41,8,1651,52.73057971014492,2010-12-15 11:22:00,2011-03-20 16:12:00,United Kingdom,1
17231,3124.72,10,1724,5.884595103578154,2010-12-13 14:16:00,2011-11-27 15:18:00,United Kingdom,1
17232,417.77,2,202,11.936285714285713,2011-11-25 12:24:00,2011-12-07 12:21:00,United Kingdom,1
17233,190.88,1,131,7.6352,2011-11-04 14:06:00,2011-11-04 14:06:00,United Kingdom,0
17234,149.89000000000001,1,55,10.706428571428573,2011-06-10 11:20:00,2011-06-10 11:20:00,United Kingdom,0
17235,550.06,2,224,18.96758620689655,2010-12-02 13:38:00,2011-11-14 15:51:00,United Kingdom,1
17236,916.13,6,474,8.725047619047618,2010-12-12 11:49:00,2011-11-27 12:00:00,United Kingdom,1
17237,314.69,2,105,16.562631578947368,2011-11-17 12:55:00,2011-11-28 15:02:00,United Kingdom,1
17238,3719.1,17,1807,6.701081081081081,2010-12-03 15:05:00,2011-12-07 11:35:00,United Kingdom,1
17239,382.5,1,150,25.5,2011-01-31 09:41:00,2011-01-31 09:41:00,United Kingdom,0
17242,1135.04,2,611,28.375999999999998,2011-06-12 13:04:00,2011-08-23 14:55:00,United Kingdom,1
17243,8540.05,26,3320,22.067312661498708,2010-12-05 10:03:00,2011-12-08 13:26:00,United Kingdom,1
17244,954.9,1,616,30.80322580645161,2011-10-17 15:19:00,2011-10-17 15:19:00,United Kingdom,0
17245,171.45,1,75,19.049999999999997,2011-05-19 10:43:00,2011-05-19 10:43:00,United Kingdom,0
17247,280.09000000000003,1,105,5.186851851851852,2011-11-24 15:21:00,2011-11-24 15:21:00,United Kingdom,0
17248,318.65,1,213,4.618115942028985,2011-08-11 13:34:00,2011-08-11 13:34:00,United Kingdom,0
17250,381.97,2,167,6.820892857142858,2011-03-23 16:45:00,2011-12-06 12:15:00,United Kingdom,1
17251,269.83,1,108,7.2927027027027025,2010-12-12 11:06:00,2010-12-12 11:06:00,United Kingdom,0
17252,348.91,2,192,4.057093023255814,2011-06-06 16:41:00,2011-08-15 09:45:00,United Kingdom,1
17253,178.26,1,43,9.903333333333332,2011-11-21 12:59:00,2011-11-21 12:59:00,United Kingdom,0
17254,271.19,2,251,2.443153153153153,2011-11-24 14:09:00,2011-12-05 12:46:00,United Kingdom,1
17255,291.48,2,227,3.9389189189189193,2011-02-13 15:18:00,2011-10-30 12:18:00,United Kingdom,1
17256,240.0,2,141,15.0,2011-01-31 14:53:00,2011-08-24 13:30:00,United Kingdom,1
17259,581.23,2,388,5.010603448275862,2010-12-06 12:55:00,2011-07-14 15:01:00,United Kingdom,1
17262,1253.3600000000001,5,367,104.44666666666667,2010-12-08 13:30:00,2011-10-18 12:56:00,United Kingdom,1
17263,63.440000000000005,1,36,2.7582608695652175,2011-05-15 14:32:00,2011-05-15 14:32:00,United Kingdom,0
17265,550.01,2,389,4.50827868852459,2011-06-12 12:00:00,2011-07-24 10:49:00,United Kingdom,1
17266,296.58,3,153,4.062739726027397,2011-07-15 11:57:00,2011-12-07 14:12:00,United Kingdom,1
17267,317.2,2,158,8.572972972972973,2011-08-04 17:19:00,2011-08-04 17:22:00,United Kingdom,1
17268,763.64,4,844,127.27333333333333,2011-04-08 13:20:00,2011-08-24 10:06:00,United Kingdom,1
17272,2148.63,4,1778,18.847631578947368,2011-03-22 12:05:00,2011-10-28 16:37:00,United Kingdom,1
17274,107.82,1,77,4.312799999999999,2011-11-04 13:16:00,2011-11-04 13:16:00,United Kingdom,0
17277,1065.3500000000001,2,430,15.43985507246377,2011-01-21 12:37:00,2011-04-26 12:47:00,United Kingdom,1
17278,246.04,1,179,16.402666666666665,2011-04-12 13:10:00,2011-04-12 13:10:00,United Kingdom,0
17279,187.82999999999998,1,48,20.869999999999997,2011-10-13 11:58:00,2011-10-13 11:58:00,United Kingdom,0
17282,1685.46,3,1866,18.937752808988765,2011-02-13 11:36:00,2011-08-01 14:29:00,United Kingdom,1
17284,1647.48,6,1362,5.661443298969072,2011-01-07 14:31:00,2011-10-10 14:38:00,United Kingdom,1
17286,151.37,1,117,3.440227272727273,2011-11-18 12:47:00,2011-11-18 12:47:00,United Kingdom,0
17287,1049.06,7,556,8.598852459016394,2010-12-02 12:22:00,2011-11-13 13:27:00,United Kingdom,1
17288,1417.63,7,1201,10.125928571428572,2010-12-16 13:33:00,2011-11-30 16:09:00,United Kingdom,1
17289,931.02,3,513,8.952115384615384,2011-06-12 13:51:00,2011-11-08 12:01:00,United Kingdom,1
17290,513.01,2,397,5.343854166666667,2011-11-23 15:53:00,2011-12-06 12:38:00,United Kingdom,1
17291,550.8000000000001,1,72,550.8000000000001,2011-02-04 13:04:00,2011-02-04 13:04:00,United Kingdom,0
17293,1854.06,9,1135,14.04590909090909,2010-12-13 14:55:00,2011-12-01 14:37:00,United Kingdom,1
17295,547.0,3,293,8.044117647058824,2011-10-06 12:22:00,2011-11-11 10:49:00,United Kingdom,1
17297,128.18,1,65,2.615918367346939,2011-11-22 14:43:00,2011-11-22 14:43:00,United Kingdom,0
17298,498.42,2,387,16.614,2011-08-07 12:21:00,2011-08-30 16:43:00,United Kingdom,1
17299,656.61,4,668,11.938363636363636,2011-06-19 16:04:00,2011-11-28 12:01:00,United Kingdom,1
17301,163.24,1,137,2.7667796610169493,2011-11-18 13:43:00,2011-11-18 13:43:00,United Kingdom,0
17302,1135.63,5,575,14.375063291139242,2011-02-07 10:14:00,2011-11-25 09:36:00,United Kingdom,1
17303,250.04,1,144,4.717735849056604,2010-12-13 13:32:00,2010-12-13 13:32:00,United Kingdom,0
17306,8631.31,19,11491,130.77742424242425,2010-12-21 13:34:00,2011-11-29 12:14:00,United Kingdom,1
17309,82.75,1,41,6.895833333333333,2011-09-05 15:20:00,2011-09-05 15:20:00,United Kingdom,0
17311,1384.85,2,1005,25.179090909090906,2011-01-27 10:56:00,2011-09-22 14:11:00,United Kingdom,1
17312,644.3,3,372,46.021428571428565,2011-07-03 13:12:00,2011-07-24 11:52:00,United Kingdom,1
17313,2328.84,1,1402,97.03500000000001,2011-11-08 15:45:00,2011-11-08 15:45:00,United Kingdom,0
17314,2527.92,8,1896,19.297099236641223,2011-01-31 11:25:00,2011-11-15 09:41:00,United Kingdom,1
17315,6281.23,38,3863,13.335944798301485,2010-12-17 12:24:00,2011-12-08 12:15:00,United Kingdom,1
17317,2600.34,3,1146,288.9266666666667,2011-09-11 12:45:00,2011-10-24 17:19:00,United Kingdom,1
17320,1200.6200000000001,3,634,16.446849315068494,2010-12-06 15:38:00,2011-08-31 13:31:00,United Kingdom,1
17321,657.16,2,364,6.637979797979797,2011-10-03 11:34:00,2011-12-01 13:41:00,United Kingdom,1
17323,906.52,7,760,4.648820512820513,2011-02-20 14:38:00,2011-11-24 17:29:00,United Kingdom,1
17324,986.48,4,843,20.132244897959183,2010-12-08 12:45:00,2011-11-22 10:34:00,United Kingdom,1
17325,96.8,1,60,16.133333333333333,2011-03-04 13:09:00,2011-03-04 13:09:00,United Kingdom,0
17329,523.11,2,142,15.851818181818182,2011-01-28 15:29:00,2011-11-25 14:24:00,United Kingdom,1
17330,363.9,2,120,60.65,2011-10-03 11:26:00,2011-11-17 08:56:00,United Kingdom,1
17331,175.2,1,16,175.2,2011-08-08 11:55:00,2011-08-08 11:55:00,United Kingdom,0
17333,494.25,1,375,17.651785714285715,2011-09-15 10:11:00,2011-09-15 10:11:00,United Kingdom,0
17334,307.02,2,315,27.91090909090909,2011-02-04 09:03:00,2011-02-10 14:59:00,United Kingdom,1
17337,1981.06,4,1247,3.802418426103647,2011-02-02 17:06:00,2011-07-11 14:55:00,United Kingdom,1
17338,6493.54,8,3059,9.00629680998613,2010-12-13 12:57:00,2011-11-22 14:23:00,United Kingdom,1
17339,243.36,2,152,27.040000000000003,2010-12-09 14:44:00,2011-09-06 13:29:00,United Kingdom,1
17340,12353.29,11,5967,30.352063882063884,2010-12-08 15:56:00,2011-11-10 10:45:00,United Kingdom,1
17341,682.29,3,443,4.3457961783439485,2010-12-08 12:46:00,2011-07-06 12:33:00,United Kingdom,1
17343,193.64,1,56,11.390588235294118,2010-12-19 15:07:00,2010-12-19 15:07:00,United Kingdom,0
17344,157.62,1,65,5.0845161290322585,2011-10-24 12:56:00,2011-10-24 12:56:00,United Kingdom,0
17345,519.6899999999999,4,341,6.261325301204819,2011-05-27 12:26:00,2011-11-24 15:03:00,United Kingdom,1
17346,2622.88,15,1617,5.430393374741201,2010-12-01 14:34:00,2011-12-06 12:18:00,United Kingdom,1
17347,228.96,1,216,228.96,2011-09-14 13:12:00,2011-09-14 13:12:00,United Kingdom,0
17348,1156.6,5,1398,5.430046948356807,2011-02-15 10:49:00,2011-11-25 11:25:00,United Kingdom,1
17349,98.25,1,102,12.28125,2011-06-13 14:29:00,2011-06-13 14:29:00,United Kingdom,0
17350,1281.32,4,770,18.30457142857143,2011-10-19 16:05:00,2011-12-01 15:47:00,United Kingdom,1
17351,587.15,3,113,21.746296296296297,2011-03-11 16:05:00,2011-11-03 18:45:00,United Kingdom,1
17353,1740.0,2,1200,217.5,2011-07-08 16:17:00,2011-08-02 17:19:00,United Kingdom,1
17354,1393.06,1,1006,87.06625,2011-10-20 10:34:00,2011-10-20 10:34:00,United Kingdom,0
17356,178.22,1,166,9.38,2011-02-01 11:07:00,2011-02-01 11:07:00,United Kingdom,0
17357,384.39,2,152,8.736136363636364,2011-11-15 16:29:00,2011-11-15 16:30:00,United Kingdom,1
17358,360.81,2,190,6.220862068965517,2010-12-19 14:16:00,2011-02-09 16:57:00,United Kingdom,1
17359,127.86,1,161,8.524,2011-11-28 14:37:00,2011-11-28 14:37:00,United Kingdom,0
17360,568.24,3,328,4.54592,2011-06-08 17:09:00,2011-11-22 13:11:00,United Kingdom,1
17361,488.2,3,157,16.834482758620688,2011-02-21 09:55:00,2011-10-21 15:43:00,United Kingdom,1
17362,312.23,2,191,8.920857142857143,2011-02-03 10:26:00,2011-04-14 14:43:00,United Kingdom,1
17364,4462.68,11,2692,10.991822660098522,2011-01-12 16:57:00,2011-12-09 09:00:00,United Kingdom,1
17365,4767.36,8,4749,10.252387096774193,2011-01-11 12:11:00,2011-11-27 12:13:00,United Kingdom,1
17367,167.55,1,149,5.077272727272728,2011-04-15 14:21:00,2011-04-15 14:21:00,United Kingdom,0
17368,1878.87,8,1377,17.559532710280372,2011-01-06 11:57:00,2011-11-16 15:26:00,United Kingdom,1
17370,446.18,4,540,13.520606060606061,2011-06-23 11:50:00,2011-09-28 10:14:00,United Kingdom,1
17371,418.4,3,151,4.865116279069767,2010-12-13 15:20:00,2011-11-22 13:30:00,United Kingdom,1
17372,1337.18,8,747,5.3274103585657375,2010-12-12 12:00:00,2011-10-30 11:37:00,United Kingdom,1
17373,646.92,4,408,11.349473684210526,2011-01-31 11:46:00,2011-10-30 15:28:00,United Kingdom,1
17374,495.77,2,85,17.706071428571427,2011-03-03 12:53:00,2011-05-05 09:05:00,United Kingdom,1
17375,400.1,3,367,5.798550724637681,2010-12-13 15:16:00,2011-05-24 15:45:00,United Kingdom,1
17376,203.2,2,86,8.466666666666667,2011-02-01 14:12:00,2011-09-30 12:36:00,United Kingdom,1
17377,4058.32,20,2038,10.045346534653465,2010-12-01 12:35:00,2011-11-16 11:17:00,United Kingdom,1
17379,389.71999999999997,1,623,4.996410256410256,2011-11-28 13:56:00,2011-11-28 13:56:00,United Kingdom,0
17381,20275.61,29,25649,186.01477064220185,2010-12-02 12:58:00,2011-12-01 11:59:00,United Kingdom,1
17382,65.4,1,25,32.7,2011-10-05 13:05:00,2011-10-05 13:05:00,United Kingdom,0
17383,193.39000000000001,1,148,3.946734693877551,2011-12-05 17:36:00,2011-12-05 17:36:00,United Kingdom,0
17384,336.4,2,88,22.426666666666666,2011-05-04 16:07:00,2011-11-20 15:48:00,United Kingdom,1
17385,256.11,1,197,5.691333333333334,2011-11-25 11:02:00,2011-11-25 11:02:00,United Kingdom,0
17386,2686.42,6,1902,95.94357142857143,2011-06-27 12:11:00,2011-12-02 11:28:00,United Kingdom,1
17387,746.81,2,522,9.826447368421052,2011-11-06 11:25:00,2011-11-20 11:00:00,United Kingdom,1
17388,1259.56,4,1068,83.97066666666666,2011-02-25 12:28:00,2011-09-23 10:31:00,United Kingdom,1
17389,31833.68,34,7612,149.45389671361502,2011-01-12 15:48:00,2011-12-09 09:38:00,United Kingdom,1
17391,508.8,2,480,169.6,2011-06-28 12:21:00,2011-06-29 09:58:00,United Kingdom,1
17392,417.27,2,277,7.45125,2010-12-16 19:04:00,2011-02-06 12:48:00,United Kingdom,1
17394,203.86999999999998,1,241,50.967499999999994,2011-05-04 13:22:00,2011-05-04 13:22:00,United Kingdom,0
17396,7330.8,8,2005,271.5111111111111,2010-12-03 09:45:00,2011-10-31 14:12:00,United Kingdom,1
17397,681.41,2,250,7.65629213483146,2011-11-17 13:58:00,2011-11-17 14:08:00,United Kingdom,1
17398,653.38,3,310,17.19421052631579,2011-03-29 13:04:00,2011-08-17 09:48:00,United Kingdom,1
17400,2097.84,5,1088,10.18368932038835,2010-12-21 17:16:00,2011-08-05 15:38:00,United Kingdom,1
17402,2633.85,13,701,44.641525423728815,2010-12-05 13:53:00,2011-12-05 10:15:00,United Kingdom,1
17403,263.92,1,111,8.2475,2011-11-03 15:18:00,2011-11-03 15:18:00,United Kingdom,0
17404,31906.82,15,32748,161.14555555555555,2010-12-14 13:28:00,2011-12-05 16:26:00,Sweden,1
17405,1031.41,3,726,12.578170731707319,2011-07-12 14:17:00,2011-12-08 17:12:00,United Kingdom,1
17406,2184.42,3,780,19.67945945945946,2010-12-08 10:35:00,2011-01-10 15:07:00,United Kingdom,1
17408,32.65,1,3,16.325,2011-06-29 12:53:00,2011-06-29 12:53:00,United Kingdom,0
17409,771.85,2,105,59.37307692307692,2011-04-05 16:42:00,2011-06-08 10:36:00,United Kingdom,1
17410,1214.72,5,616,18.98,2011-05-08 15:21:00,2011-11-23 15:46:00,United Kingdom,1
17411,778.94,3,306,18.998536585365855,2011-03-23 13:44:00,2011-11-27 14:25:00,United Kingdom,1
17412,1258.06,7,738,19.061515151515152,2010-12-02 16:29:00,2011-12-07 11:36:00,United Kingdom,1
17414,778.0,2,2100,129.66666666666666,2011-06-08 11:43:00,2011-10-27 12:13:00,United Kingdom,1
17415,507.84,1,114,36.27428571428571,2011-09-21 12:50:00,2011-09-21 12:50:00,United Kingdom,0
17416,6893.42,7,4302,25.626096654275095,2011-03-03 13:45:00,2011-11-10 12:47:00,United Kingdom,1
17418,463.46000000000004,2,289,15.448666666666668,2011-01-20 11:39:00,2011-10-28 13:00:00,United Kingdom,1
17419,4226.57,12,1876,20.517330097087378,2010-12-07 15:03:00,2011-11-28 13:47:00,United Kingdom,1
17420,598.83,3,265,19.961000000000002,2010-12-01 09:56:00,2011-10-20 14:52:00,United Kingdom,1
17422,1979.37,6,2253,16.917692307692306,2011-02-16 14:44:00,2011-11-23 13:27:00,United Kingdom,1
17423,698.41,2,459,26.861923076923077,2011-05-06 09:14:00,2011-10-24 13:36:00,United Kingdom,1
17425,759.17,2,407,17.655116279069766,2011-10-10 11:37:00,2011-11-20 15:30:00,United Kingdom,1
17426,5037.26,6,3094,18.58767527675277,2011-03-02 16:34:00,2011-12-01 18:07:00,United Kingdom,1
17427,100.8,1,34,50.4,2011-09-29 11:29:00,2011-09-29 11:29:00,United Kingdom,0
17428,17256.85,28,9474,52.61234756097561,2010-12-06 09:37:00,2011-12-09 09:45:00,United Kingdom,1
17429,524.9200000000001,3,624,13.459487179487182,2011-05-05 09:53:00,2011-08-03 13:22:00,United Kingdom,1
17430,265.76,2,190,18.982857142857142,2010-12-09 13:05:00,2011-11-07 09:24:00,United Kingdom,1
17431,403.3,1,292,9.37906976744186,2011-01-30 14:36:00,2011-01-30 14:36:00,United Kingdom,0
17432,365.76,2,207,7.62,2011-11-02 17:30:00,2011-11-21 17:33:00,United Kingdom,1
17433,303.15999999999997,1,185,5.6140740740740736,2011-09-12 14:24:00,2011-09-12 14:24:00,United Kingdom,0
17434,2373.82,7,1693,17.715074626865672,2011-09-15 13:54:00,2011-12-07 13:16:00,United Kingdom,1
17436,216.29999999999998,2,90,24.03333333333333,2011-04-27 11:33:00,2011-12-08 12:30:00,United Kingdom,1
17438,388.45000000000005,1,103,22.85,2011-03-31 10:26:00,2011-03-31 10:26:00,United Kingdom,0
17440,186.42000000000002,3,246,37.284000000000006,2011-04-06 12:05:00,2011-07-06 11:54:00,United Kingdom,1
17442,2248.56,6,1496,16.656,2011-02-22 13:02:00,2011-11-03 09:17:00,United Kingdom,1
17443,534.24,1,504,534.24,2011-05-04 10:47:00,2011-05-04 10:47:00,Canada,0
17444,2940.04,3,2119,21.778074074074073,2011-06-20 09:04:00,2011-07-15 12:05:00,Canada,1
17446,120.9,2,198,13.433333333333334,2011-02-02 14:40:00,2011-06-16 10:42:00,United Kingdom,1
17447,541.53,2,443,15.042499999999999,2011-09-29 10:10:00,2011-10-30 14:18:00,United Kingdom,1
17449,2519.21,7,1121,9.127572463768116,2010-12-15 10:57:00,2011-12-07 16:56:00,United Kingdom,1
17450,194390.79,46,69973,578.5440178571429,2010-12-07 09:23:00,2011-12-01 13:29:00,United Kingdom,1
17451,1721.4,7,1203,17.214000000000002,2011-08-26 11:54:00,2011-12-08 15:02:00,United Kingdom,1
17453,486.71999999999997,2,219,25.616842105263157,2011-10-06 17:02:00,2011-11-22 09:42:00,United Kingdom,1
17454,517.53,4,243,8.484098360655738,2010-12-15 10:54:00,2011-05-31 13:58:00,United Kingdom,1
17455,131.7,1,66,16.4625,2011-05-20 12:31:00,2011-05-20 12:31:00,United Kingdom,0
17456,249.86,1,222,14.69764705882353,2010-12-09 15:23:00,2010-12-09 15:23:00,United Kingdom,0
17457,1737.7,5,826,91.4578947368421,2011-01-04 14:33:00,2011-08-05 12:48:00,United Kingdom,1
17458,316.5,1,170,5.861111111111111,2011-11-24 13:01:00,2011-11-24 13:01:00,United Kingdom,0
17459,657.3,2,537,5.921621621621621,2011-10-10 17:00:00,2011-10-27 13:25:00,United Kingdom,1
17460,622.4300000000001,6,236,21.463103448275863,2010-12-01 16:24:00,2011-09-06 15:04:00,United Kingdom,1
17461,735.82,3,770,6.941698113207548,2011-11-10 12:01:00,2011-11-17 10:21:00,United Kingdom,1
17462,675.69,2,227,25.025555555555556,2011-02-28 17:01:00,2011-10-10 13:56:00,United Kingdom,1
17463,1875.86,5,1086,9.018557692307692,2011-01-30 15:48:00,2011-11-23 13:40:00,United Kingdom,1
17464,289.96000000000004,1,220,32.21777777777778,2011-07-04 13:19:00,2011-07-04 13:19:00,United Kingdom,0
17466,763.28,2,306,18.61658536585366,2011-09-22 09:16:00,2011-11-29 13:15:00,United Kingdom,1
17468,137.0,2,116,27.4,2011-11-25 12:52:00,2011-11-29 15:33:00,United Kingdom,1
17469,1870.97,5,787,21.261022727272728,2011-05-19 08:55:00,2011-11-23 13:15:00,United Kingdom,1
17470,1125.07,5,1675,14.423974358974359,2010-12-07 09:57:00,2011-10-26 12:42:00,United Kingdom,1
17472,697.54,3,455,4.0088505747126435,2011-02-13 14:40:00,2011-06-01 14:57:00,United Kingdom,1
17475,194.37,1,178,13.883571428571429,2011-09-21 14:55:00,2011-09-21 14:55:00,United Kingdom,0
17480,511.82,1,338,17.64896551724138,2011-09-23 11:39:00,2011-09-23 11:39:00,United Kingdom,0
17481,1255.59,4,1061,15.312073170731706,2011-09-07 09:57:00,2011-12-06 12:28:00,United Kingdom,1
17483,414.04,3,191,19.716190476190476,2011-06-09 19:40:00,2011-10-05 13:10:00,United Kingdom,1
17486,396.87,1,191,16.53625,2011-03-23 14:00:00,2011-03-23 14:00:00,United Kingdom,0
17489,376.64,2,428,12.987586206896552,2011-05-11 11:34:00,2011-10-12 08:56:00,United Kingdom,1
17490,2092.32,7,1134,27.530526315789476,2011-06-16 09:15:00,2011-12-09 09:08:00,United Kingdom,1
17491,3558.87,10,2013,32.65018348623853,2010-12-07 12:18:00,2011-12-08 16:18:00,United Kingdom,1
17492,374.57,1,155,31.214166666666667,2011-04-05 15:21:00,2011-04-05 15:21:00,United Kingdom,0
17495,497.56,2,229,18.42814814814815,2011-11-01 12:06:00,2011-12-02 12:08:00,United Kingdom,1
17496,271.05,1,79,27.105,2010-12-16 08:39:00,2010-12-16 08:39:00,United Kingdom,0
17498,272.22,1,394,16.01294117647059,2011-09-25 12:25:00,2011-09-25 12:25:00,United Kingdom,0
17499,622.88,1,711,15.572,2011-02-23 09:14:00,2011-02-23 09:14:00,United Kingdom,0
17500,1138.0,3,17,227.6,2011-11-10 09:08:00,2011-11-22 14:25:00,United Kingdom,1
17501,288.6,2,160,16.033333333333335,2011-05-03 09:46:00,2011-05-03 09:47:00,United Kingdom,1
17502,689.1,4,376,24.610714285714288,2011-11-10 16:39:00,2011-11-30 13:13:00,United Kingdom,1
17503,558.96,2,486,14.709473684210527,2011-11-01 11:12:00,2011-12-07 09:18:00,United Kingdom,1
17504,2997.0299999999997,9,1664,23.598661417322834,2011-01-21 11:09:00,2011-05-17 12:59:00,United Kingdom,1
17505,1145.84,2,556,22.035384615384615,2011-05-18 09:01:00,2011-07-01 12:50:00,United Kingdom,1
17506,302.2,1,139,21.585714285714285,2011-09-25 11:39:00,2011-09-25 11:39:00,United Kingdom,0
17507,605.58,2,359,6.881590909090909,2011-02-03 18:08:00,2011-03-23 11:48:00,United Kingdom,1
17508,387.31,1,289,17.605,2011-03-04 08:10:00,2011-03-04 08:10:00,Greece,0
17509,6083.64,8,3512,16.713296703296706,2011-10-07 13:14:00,2011-10-13 10:26:00,United Kingdom,1
17510,308.48,1,214,15.424000000000001,2011-11-15 10:00:00,2011-11-15 10:00:00,United Kingdom,0
17511,91062.38,31,64549,94.5611422637591,2010-12-01 10:19:00,2011-12-07 10:12:00,United Kingdom,1
17512,2924.9900000000002,10,2753,27.85704761904762,2011-02-11 12:22:00,2011-11-11 12:11:00,United Kingdom,1
17513,513.2,1,254,85.53333333333335,2011-09-28 16:42:00,2011-09-28 16:42:00,United Kingdom,0
17514,208.65,1,135,5.2162500000000005,2011-08-03 15:45:00,2011-08-03 15:45:00,United Kingdom,0
17515,639.02,4,243,7.345057471264368,2011-01-25 14:33:00,2011-11-08 14:04:00,United Kingdom,1
17516,764.88,5,414,5.665777777777778,2011-02-27 12:41:00,2011-11-24 16:51:00,United Kingdom,1
17517,153.94,1,102,13.994545454545454,2011-02-04 11:48:00,2011-02-04 11:48:00,United Kingdom,0
17519,1844.02,6,1236,22.488048780487805,2010-12-06 15:18:00,2011-11-22 16:43:00,United Kingdom,1
17520,546.81,1,365,18.226999999999997,2011-10-17 12:04:00,2011-10-17 12:04:00,United Kingdom,0
17521,723.2099999999999,3,519,16.07133333333333,2011-05-24 15:14:00,2011-11-10 11:22:00,United Kingdom,1
17522,1070.71,5,1034,14.667260273972603,2011-05-05 16:31:00,2011-12-08 12:31:00,United Kingdom,1
17523,652.74,4,872,19.78,2011-11-20 13:40:00,2011-11-28 13:20:00,United Kingdom,1
17524,145.0,1,90,24.166666666666668,2010-12-13 14:32:00,2010-12-13 14:32:00,United Kingdom,0
17525,422.70000000000005,1,82,46.96666666666667,2010-12-15 12:05:00,2010-12-15 12:05:00,United Kingdom,0
17526,1195.8999999999999,4,310,62.942105263157885,2010-12-09 12:20:00,2011-12-05 11:05:00,United Kingdom,1
17527,939.37,4,488,19.98659574468085,2011-05-05 13:43:00,2011-10-17 12:32:00,United Kingdom,1
17528,3628.5,8,2138,14.34189723320158,2011-09-29 13:04:00,2011-12-08 13:27:00,United Kingdom,1
17530,2367.12,10,1514,6.069538461538461,2010-12-09 20:01:00,2011-12-08 18:42:00,United Kingdom,1
17531,296.7,1,136,21.192857142857143,2011-06-02 19:17:00,2011-06-02 19:17:00,United Kingdom,0
17534,223.36,1,103,24.817777777777778,2011-10-17 12:47:00,2011-10-17 12:47:00,United Kingdom,0
17535,164.4,1,136,12.646153846153847,2011-03-04 15:20:00,2011-03-04 15:20:00,United Kingdom,0
17536,76.5,1,6,25.5,2011-06-15 13:23:00,2011-06-15 13:23:00,United Kingdom,0
17537,887.67,2,699,11.99554054054054,2011-02-09 13:37:00,2011-11-10 10:56:00,United Kingdom,1
17538,98.42,1,134,10.935555555555556,2011-11-14 12:12:00,2011-11-14 12:12:00,United Kingdom,0
17540,578.9,2,194,23.156,2011-01-27 14:35:00,2011-11-15 11:56:00,United Kingdom,1
17542,170.75,1,134,6.83,2011-03-15 11:45:00,2011-03-15 11:45:00,United Kingdom,0
17545,642.32,3,337,4.555460992907801,2011-10-27 13:48:00,2011-10-27 14:04:00,United Kingdom,1
17548,103.3,1,58,20.66,2011-04-20 12:01:00,2011-04-20 12:01:00,United Kingdom,0
17549,148.86,2,210,24.810000000000002,2011-10-19 10:05:00,2011-11-16 09:59:00,United Kingdom,1
17550,267.16,3,86,6.360952380952382,2011-04-10 15:19:00,2011-05-26 14:09:00,United Kingdom,1
17551,290.34,1,142,7.444615384615384,2010-12-15 14:12:00,2010-12-15 14:12:00,United Kingdom,0
17552,930.41,4,719,18.987959183673468,2010-12-02 18:45:00,2011-10-10 17:00:00,United Kingdom,1
17553,1487.6,1,1048,743.8,2011-08-02 10:00:00,2011-08-02 10:00:00,United Kingdom,0
17554,1952.45,5,1763,22.18693181818182,2011-07-14 20:01:00,2011-12-08 14:15:00,United Kingdom,1
17555,480.31,2,348,4.574380952380952,2011-01-09 12:31:00,2011-11-20 12:22:00,United Kingdom,1
17556,157.9,1,101,26.316666666666666,2011-05-18 10:48:00,2011-05-18 10:48:00,United Kingdom,0
17557,541.46,3,306,15.92529411764706,2011-09-19 14:23:00,2011-11-25 12:57:00,United Kingdom,1
17560,854.95,5,651,31.664814814814818,2011-02-02 11:14:00,2011-09-06 09:18:00,United Kingdom,1
17561,165.12,1,144,3.6693333333333333,2011-11-20 12:53:00,2011-11-20 12:53:00,United Kingdom,0
17562,1122.38,7,817,17.81555555555556,2011-06-19 13:06:00,2011-11-25 14:21:00,United Kingdom,1
17564,454.01,3,146,9.265510204081632,2011-09-20 14:00:00,2011-11-15 13:27:00,United Kingdom,1
17566,869.77,2,497,6.125140845070423,2011-11-14 13:42:00,2011-12-01 19:54:00,United Kingdom,1
17567,4331.48,8,2632,26.251393939393935,2010-12-02 15:18:00,2011-12-02 15:48:00,United Kingdom,1
17569,344.14,1,159,11.866896551724137,2011-01-11 14:15:00,2011-01-11 14:15:00,United Kingdom,0
17571,1425.67,4,876,5.260774907749078,2011-02-14 15:15:00,2011-10-20 15:57:00,United Kingdom,1
17572,226.75000000000003,4,95,18.895833333333336,2010-12-01 12:51:00,2011-09-29 17:53:00,United Kingdom,1
17573,380.6,3,308,15.224,2011-09-07 10:36:00,2011-11-10 13:01:00,United Kingdom,1
17574,185.65,1,77,23.20625,2011-04-11 09:47:00,2011-04-11 09:47:00,United Kingdom,0
17576,3564.83,19,1967,8.86773631840796,2010-12-09 16:57:00,2011-12-01 17:56:00,United Kingdom,1
17578,143.45999999999998,1,138,28.691999999999997,2011-05-05 18:38:00,2011-05-05 18:38:00,United Kingdom,0
17579,448.90000000000003,3,258,8.978000000000002,2011-06-13 14:12:00,2011-12-05 12:28:00,United Kingdom,1
17580,215.72,3,88,4.793777777777778,2010-12-16 15:27:00,2011-04-01 12:41:00,United Kingdom,1
17581,11025.24,25,5915,25.114441913439634,2010-12-02 14:47:00,2011-12-09 12:21:00,United Kingdom,1
17582,175.27,1,123,6.043793103448277,2011-04-17 13:18:00,2011-04-17 13:18:00,United Kingdom,0
17584,1242.3,2,458,35.494285714285716,2011-08-04 14:12:00,2011-12-02 17:12:00,United Kingdom,1
17585,1116.68,4,1650,5.368653846153847,2011-01-05 15:09:00,2011-08-22 13:30:00,United Kingdom,1
17588,1240.2,3,676,53.92173913043479,2011-04-21 10:31:00,2011-08-31 13:37:00,United Kingdom,1
17589,2404.17,4,1631,9.502648221343874,2011-04-13 13:47:00,2011-10-10 16:58:00,United Kingdom,1
17590,1468.02,3,822,7.489897959183673,2011-10-30 14:05:00,2011-12-07 12:55:00,United Kingdom,1
17591,2203.67,7,1000,14.03611464968153,2010-12-07 15:39:00,2011-09-27 13:42:00,United Kingdom,1
17593,3923.86,5,3089,18.50877358490566,2010-12-22 10:29:00,2011-12-06 10:30:00,United Kingdom,1
17594,993.18,2,550,19.863599999999998,2011-03-30 10:32:00,2011-09-15 16:34:00,United Kingdom,1
17595,386.69,2,228,4.715731707317073,2011-11-02 16:19:00,2011-11-27 16:08:00,United Kingdom,1
17596,2806.69,7,4376,10.591283018867925,2010-12-06 12:34:00,2011-11-16 14:11:00,United Kingdom,1
17597,2044.3700000000001,1,1176,37.17036363636364,2011-05-10 11:54:00,2011-05-10 11:54:00,United Kingdom,0
17600,161.67000000000002,1,144,12.436153846153847,2011-11-22 09:43:00,2011-11-22 09:43:00,United Kingdom,0
17601,116.00999999999999,1,103,12.889999999999999,2011-04-14 18:02:00,2011-04-14 18:02:00,United Kingdom,0
17602,5054.42,6,4116,9.173176043557168,2011-01-19 16:18:00,2011-12-07 13:53:00,United Kingdom,1
17603,394.72,1,74,35.88363636363636,2011-09-22 14:18:00,2011-09-22 14:18:00,United Kingdom,0
17604,309.36,2,169,4.91047619047619,2011-01-31 15:09:00,2011-05-06 13:43:00,United Kingdom,1
17608,191.99,2,229,3.4283928571428572,2011-11-06 13:00:00,2011-11-06 13:06:00,United Kingdom,1
17609,1105.78,5,719,4.745836909871245,2011-01-16 16:23:00,2011-10-30 12:28:00,United Kingdom,1
17611,3961.12,15,2550,6.986102292768959,2010-12-13 13:52:00,2011-12-02 13:29:00,United Kingdom,1
17612,2048.45,6,1808,15.173703703703703,2011-02-15 10:40:00,2011-10-17 14:59:00,United Kingdom,1
17613,4544.55,14,2490,14.851470588235294,2011-02-07 11:20:00,2011-11-17 10:51:00,United Kingdom,1
17614,386.32,1,235,3.9420408163265304,2011-10-13 16:01:00,2011-10-13 16:01:00,United Kingdom,0
17615,329.6,3,140,23.542857142857144,2011-05-01 15:33:00,2011-08-01 14:06:00,United Kingdom,1
17616,571.1999999999999,3,224,190.39999999999998,2010-12-07 10:04:00,2011-06-19 10:11:00,United Kingdom,1
17618,930.28,3,319,13.884776119402984,2010-12-12 16:05:00,2011-12-04 11:50:00,United Kingdom,1
17619,214.37,1,124,2.896891891891892,2011-01-31 14:18:00,2011-01-31 14:18:00,United Kingdom,0
17620,81.44,1,60,20.36,2011-10-11 12:08:00,2011-10-11 12:08:00,United Kingdom,0
17621,1379.9,3,514,53.073076923076925,2010-12-20 13:31:00,2011-11-18 17:11:00,United Kingdom,1
17623,527.0500000000001,1,265,15.971212121212123,2011-11-07 11:32:00,2011-11-07 11:32:00,United Kingdom,0
17624,843.48,2,554,16.869600000000002,2011-05-05 17:59:00,2011-11-25 10:52:00,United Kingdom,1
17625,2020.4,4,1180,6.602614379084968,2011-03-27 12:21:00,2011-11-21 13:36:00,United Kingdom,1
17628,75.75,1,79,15.15,2011-09-19 15:21:00,2011-09-19 15:21:00,United Kingdom,0
17629,1814.12,8,1629,14.748943089430893,2010-12-15 09:58:00,2011-12-04 10:56:00,United Kingdom,1
17630,503.59999999999997,2,158,19.369230769230768,2011-04-21 14:03:00,2011-06-23 11:58:00,United Kingdom,1
17631,528.33,3,334,13.546923076923077,2011-04-21 13:22:00,2011-12-08 09:47:00,United Kingdom,1
17633,1324.84,4,644,18.92628571428571,2011-08-11 15:43:00,2011-11-08 13:25:00,United Kingdom,1
17634,2358.59,9,838,7.96820945945946,2011-01-06 12:45:00,2011-11-03 13:09:00,United Kingdom,1
17636,285.56,1,182,14.278,2011-11-20 14:40:00,2011-11-20 14:40:00,United Kingdom,0
17637,547.0600000000001,2,280,15.630285714285716,2011-08-16 13:25:00,2011-11-08 12:51:00,United Kingdom,1
17639,108.5,1,49,15.5,2011-03-08 15:22:00,2011-03-08 15:22:00,United Kingdom,0
17640,621.66,1,250,124.332,2011-09-14 09:13:00,2011-09-14 09:13:00,United Kingdom,0
17642,712.29,2,474,17.80725,2011-06-16 12:55:00,2011-08-12 09:11:00,United Kingdom,1
17643,101.55,1,71,12.69375,2010-12-01 14:38:00,2010-12-01 14:38:00,United Kingdom,0
17644,2895.64,11,1793,18.443566878980892,2011-03-24 09:44:00,2011-12-08 13:43:00,United Kingdom,1
17646,1008.39,3,323,19.77235294117647,2010-12-09 14:28:00,2011-05-04 13:17:00,United Kingdom,1
17647,133.06,1,30,19.00857142857143,2011-10-05 15:38:00,2011-10-05 15:38:00,United Kingdom,0
17648,1797.5,4,487,19.752747252747252,2011-04-04 10:29:00,2011-10-10 09:41:00,United Kingdom,1
17649,868.49,1,399,16.70173076923077,2011-07-24 15:53:00,2011-07-24 15:53:00,United Kingdom,0
17650,166.08,1,150,20.76,2011-11-18 14:52:00,2011-11-18 14:52:00,United Kingdom,0
17651,3945.0,10,3112,17.004310344827587,2011-06-15 15:57:00,2011-11-28 10:29:00,United Kingdom,1
17652,4867.72,12,2509,18.794285714285714,2011-03-03 14:05:00,2011-11-14 12:55:00,United Kingdom,1
17653,1207.56,4,1409,27.44454545454545,2011-08-11 15:24:00,2011-11-03 12:46:00,United Kingdom,1
17654,117.55,1,41,5.343181818181818,2011-03-07 13:17:00,2011-03-07 13:17:00,United Kingdom,0
17655,2638.94,7,1116,28.99934065934066,2010-12-08 16:45:00,2011-11-29 11:34:00,United Kingdom,1
17656,1674.69,5,1399,20.423048780487804,2011-08-03 10:45:00,2011-09-27 13:04:00,United Kingdom,1
17658,595.42,2,616,31.337894736842102,2011-05-12 15:23:00,2011-11-14 12:07:00,United Kingdom,1
17659,2999.46,12,1525,18.98392405063291,2010-12-02 16:46:00,2011-11-22 13:29:00,United Kingdom,1
17660,178.75,1,121,4.703947368421052,2011-07-21 13:37:00,2011-07-21 13:37:00,United Kingdom,0
17663,1802.91,7,797,20.96406976744186,2011-02-25 14:11:00,2011-11-14 08:56:00,United Kingdom,1
17664,604.64,2,604,14.061395348837209,2011-05-11 14:17:00,2011-11-21 11:29:00,United Kingdom,1
17666,728.16,2,596,40.45333333333333,2011-10-05 11:06:00,2011-12-06 09:06:00,United Kingdom,1
17667,2055.51,5,1037,17.56846153846154,2011-02-14 09:24:00,2011-10-04 14:32:00,United Kingdom,1
17668,347.75,2,93,23.183333333333334,2011-11-01 14:45:00,2011-12-08 13:25:00,United Kingdom,1
17669,3406.7200000000003,7,1916,50.09882352941177,2011-04-04 10:11:00,2011-10-28 08:53:00,United Kingdom,1
17670,205.7,1,110,18.7,2011-04-26 09:12:00,2011-04-26 09:12:00,United Kingdom,0
17671,1572.71,4,772,29.67377358490566,2010-12-09 14:27:00,2011-11-24 12:21:00,United Kingdom,1
17672,3178.17,2,1690,28.892454545454545,2011-02-03 13:29:00,2011-10-20 14:18:00,United Kingdom,1
17673,1594.97,6,1462,7.316376146788991,2011-01-23 15:16:00,2011-12-08 12:50:00,United Kingdom,1
17674,551.04,2,672,20.40888888888889,2010-12-06 10:20:00,2011-09-26 13:35:00,United Kingdom,1
17675,20374.28,31,8360,28.89968794326241,2010-12-07 13:22:00,2011-12-08 18:03:00,United Kingdom,1
17676,1371.18,6,922,17.807532467532468,2010-12-08 13:49:00,2011-12-05 15:16:00,United Kingdom,1
17677,16345.38,30,9772,53.94514851485148,2010-12-06 08:42:00,2011-12-08 09:56:00,United Kingdom,1
17678,298.11,1,207,18.631875,2011-03-21 11:52:00,2011-03-21 11:52:00,United Kingdom,0
17679,1992.1100000000001,2,729,66.40366666666667,2011-09-15 10:35:00,2011-10-18 07:43:00,United Kingdom,1
17680,184.4,1,96,16.763636363636365,2011-11-16 12:42:00,2011-11-16 12:42:00,United Kingdom,0
17682,2474.33,6,1367,20.968898305084746,2010-12-06 13:35:00,2011-11-29 15:59:00,United Kingdom,1
17684,239.41,1,145,15.960666666666667,2011-10-27 11:10:00,2011-10-27 11:10:00,United Kingdom,0
17685,3155.83,7,1907,24.849055118110236,2010-12-02 14:42:00,2011-11-23 11:36:00,United Kingdom,1
17686,5739.46,7,2478,20.06804195804196,2011-02-10 10:18:00,2011-12-02 15:39:00,United Kingdom,1
17690,4726.8,15,1769,18.757142857142856,2010-12-01 16:15:00,2011-11-09 15:17:00,United Kingdom,1
17691,290.40000000000003,2,134,15.28421052631579,2010-12-06 11:10:00,2010-12-16 17:20:00,United Kingdom,1
17692,740.9399999999999,4,672,16.107391304347825,2010-12-15 13:37:00,2011-08-04 14:01:00,United Kingdom,1
17693,200.47,1,231,12.529375,2011-07-25 15:48:00,2011-07-25 15:48:00,United Kingdom,0
17694,283.12,1,184,18.874666666666666,2011-07-21 12:00:00,2011-07-21 12:00:00,United Kingdom,0
17695,765.34,2,779,21.866857142857143,2011-06-21 12:35:00,2011-07-31 10:40:00,United Kingdom,1
17696,2285.71,8,1756,19.875739130434784,2010-12-10 09:51:00,2011-11-01 13:43:00,United Kingdom,1
17697,338.95,1,93,17.839473684210525,2011-04-17 15:40:00,2011-04-17 15:40:00,United Kingdom,0
17698,154.95,1,93,19.36875,2011-03-24 11:34:00,2011-03-24 11:34:00,United Kingdom,0
17700,2534.64,4,1266,17.84957746478873,2011-03-03 16:34:00,2011-11-23 11:51:00,United Kingdom,1
17701,417.95,1,109,17.414583333333333,2011-04-01 12:25:00,2011-04-01 12:25:00,United Kingdom,0
17702,1824.37,4,1353,24.653648648648648,2011-05-17 16:23:00,2011-11-09 16:03:00,United Kingdom,1
17703,798.74,3,590,14.522545454545455,2011-07-24 13:30:00,2011-11-04 15:51:00,United Kingdom,1
17704,885.19,2,343,28.554516129032258,2011-04-14 09:28:00,2011-06-24 09:40:00,United Kingdom,1
17705,1823.52,9,963,17.70407766990291,2011-02-11 10:57:00,2011-12-06 13:45:00,United Kingdom,1
17706,10504.49,17,3899,27.498664921465966,2010-12-08 11:02:00,2011-12-05 13:34:00,United Kingdom,1
17707,152.4,2,144,30.48,2011-01-07 13:30:00,2011-06-07 15:03:00,United Kingdom,1
17708,263.33,2,90,7.744999999999999,2011-01-19 10:09:00,2011-06-05 10:12:00,United Kingdom,1
17709,137.45,1,17,19.635714285714283,2011-06-23 11:55:00,2011-06-23 11:55:00,United Kingdom,0
17711,385.1,2,246,16.743478260869566,2011-02-23 11:32:00,2011-11-29 11:40:00,United Kingdom,1
17712,522.91,1,215,18.031379310344825,2011-10-26 12:28:00,2011-10-26 12:28:00,United Kingdom,0
17714,153.0,1,92,15.3,2011-01-23 10:32:00,2011-01-23 10:32:00,United Kingdom,0
17715,326.4,1,384,326.4,2011-05-23 12:32:00,2011-05-23 12:32:00,United Kingdom,0
17716,5655.99,11,3072,23.085673469387753,2011-03-17 10:38:00,2011-11-17 12:00:00,United Kingdom,1
17718,139.35,1,83,23.224999999999998,2011-04-21 13:39:00,2011-04-21 13:39:00,United Kingdom,0
17719,5396.04,15,2466,19.693576642335767,2011-03-29 11:29:00,2011-11-02 10:36:00,United Kingdom,1
17720,1195.94,4,576,23.9188,2010-12-07 10:43:00,2011-11-13 15:04:00,United Kingdom,1
17722,2424.04,4,1595,21.078608695652175,2010-12-08 12:41:00,2011-09-04 15:22:00,United Kingdom,1
17723,3276.4000000000005,6,792,327.64000000000004,2011-05-09 14:44:00,2011-08-04 18:37:00,United Kingdom,1
17724,1033.0,3,300,25.825,2011-07-24 13:26:00,2011-09-29 15:26:00,United Kingdom,1
17725,3439.08,11,2162,17.911875,2011-03-17 19:47:00,2011-11-23 16:34:00,United Kingdom,1
17727,1060.25,1,645,16.064393939393938,2011-11-24 17:06:00,2011-11-24 17:06:00,United Kingdom,0
17728,2876.01,3,1469,17.430363636363637,2011-09-14 11:39:00,2011-12-06 08:52:00,United Kingdom,1
17730,5298.4800000000005,13,3576,24.304954128440368,2011-01-17 14:49:00,2011-12-06 15:43:00,United Kingdom,1
17731,1240.11,4,493,18.509104477611938,2011-06-09 14:18:00,2011-09-21 15:02:00,United Kingdom,1
17732,303.97,1,93,16.887222222222224,2010-12-02 09:29:00,2010-12-02 09:29:00,United Kingdom,0
17733,692.19,2,463,19.776857142857143,2011-03-23 09:54:00,2011-11-01 08:16:00,United Kingdom,1
17734,700.63,3,422,16.293720930232556,2011-04-20 10:04:00,2011-10-17 12:33:00,United Kingdom,1
17735,13110.02,19,8439,19.000028985507246,2010-12-07 10:32:00,2011-12-07 16:47:00,United Kingdom,1
17736,377.44,3,238,15.0976,2011-08-18 14:33:00,2011-11-30 15:36:00,United Kingdom,1
17737,168.24,2,108,16.824,2011-10-12 14:42:00,2011-11-30 15:16:00,United Kingdom,1
17738,1879.05,4,1029,19.371649484536082,2011-03-02 16:26:00,2011-11-20 15:05:00,United Kingdom,1
17739,2791.35,7,861,59.39042553191489,2010-12-14 14:26:00,2011-11-28 09:12:00,United Kingdom,1
17742,355.11,2,89,23.674,2011-01-11 10:04:00,2011-08-18 15:28:00,United Kingdom,1
17744,2322.4,6,3412,17.076470588235296,2010-12-16 14:17:00,2011-12-06 12:11:00,United Kingdom,1
17746,110.25,1,29,18.375,2011-04-13 14:31:00,2011-04-13 14:31:00,United Kingdom,0
17747,71.4,1,12,71.4,2011-08-19 08:13:00,2011-08-19 08:13:00,United Kingdom,0
17749,674.52,2,320,19.272,2011-03-28 13:39:00,2011-06-14 15:45:00,United Kingdom,1
17750,1710.45,9,3747,9.29592391304348,2011-06-28 15:44:00,2011-12-04 14:09:00,United Kingdom,1
17752,80.64,1,192,80.64,2010-12-15 16:19:00,2010-12-15 16:19:00,United Kingdom,0
17754,1664.65,5,1816,18.703932584269666,2011-03-24 13:54:00,2011-12-09 11:20:00,United Kingdom,1
17757,5593.39,30,3318,7.558635135135136,2010-12-02 17:17:00,2011-12-08 15:31:00,United Kingdom,1
17758,3408.2000000000003,8,2054,8.436138613861386,2011-04-03 15:22:00,2011-11-20 14:45:00,United Kingdom,1
17759,819.96,3,697,9.110666666666667,2011-06-23 13:35:00,2011-11-22 16:02:00,United Kingdom,1
17760,287.59,2,239,11.503599999999999,2010-12-01 15:08:00,2011-11-18 10:56:00,United Kingdom,1
17761,712.78,1,398,37.514736842105265,2011-11-07 10:23:00,2011-11-07 10:23:00,United Kingdom,0
17763,15.0,1,12,15.0,2011-03-21 14:25:00,2011-03-21 14:25:00,United Kingdom,0
17764,772.55,2,351,10.880985915492957,2011-05-12 16:11:00,2011-10-20 11:03:00,United Kingdom,1
17765,367.63,3,143,6.564821428571428,2011-03-28 11:58:00,2011-07-04 12:41:00,United Kingdom,1
17767,271.2,1,128,12.914285714285715,2011-11-24 14:42:00,2011-11-24 14:42:00,United Kingdom,0
17768,2081.9,3,1122,21.243877551020407,2011-06-26 13:46:00,2011-12-01 13:22:00,United Kingdom,1
17769,3957.43,10,1850,13.017861842105262,2011-01-23 11:15:00,2011-11-27 11:18:00,United Kingdom,1
17770,1143.27,5,365,30.086052631578948,2011-03-02 13:35:00,2011-05-25 12:34:00,United Kingdom,1
17771,245.81,2,287,4.552037037037037,2011-01-20 14:13:00,2011-10-14 11:43:00,United Kingdom,1
17772,173.45,2,55,3.469,2011-11-29 10:57:00,2011-11-29 11:05:00,United Kingdom,1
17774,1213.73,4,508,7.932875816993464,2011-02-07 13:13:00,2011-09-04 12:49:00,United Kingdom,1
17775,56.4,1,72,18.8,2011-03-30 10:50:00,2011-03-30 10:50:00,United Kingdom,0
17777,647.56,3,501,3.408210526315789,2011-08-31 14:35:00,2011-11-15 12:02:00,United Kingdom,1
17779,650.32,3,396,8.028641975308643,2011-07-19 12:19:00,2011-11-18 14:15:00,United Kingdom,1
17781,188.02,2,34,15.668333333333335,2011-03-31 19:54:00,2011-07-03 16:00:00,United Kingdom,1
17783,283.47,2,354,4.23089552238806,2011-04-06 10:07:00,2011-09-28 16:07:00,United Kingdom,1
17785,131.94,1,67,10.149230769230769,2011-10-17 13:43:00,2011-10-17 13:43:00,United Kingdom,0
17786,266.85,2,195,3.9242647058823534,2011-01-26 14:35:00,2011-09-15 12:51:00,United Kingdom,1
17787,1817.54,4,896,14.19953125,2010-12-03 13:43:00,2011-07-10 11:24:00,United Kingdom,1
17788,1117.9,2,211,223.58,2011-08-02 10:38:00,2011-09-27 10:09:00,United Kingdom,1
17789,225.9,1,74,16.135714285714286,2011-03-03 13:14:00,2011-03-03 13:14:00,United Kingdom,0
17790,1964.3,14,835,10.393121693121692,2010-12-10 10:47:00,2011-11-13 11:30:00,United Kingdom,1
17791,106.1,1,46,10.61,2011-11-10 12:09:00,2011-11-10 12:09:00,United Kingdom,0
17793,300.34,1,226,5.77576923076923,2011-11-14 14:24:00,2011-11-14 14:24:00,United Kingdom,0
17795,342.83,2,305,7.618444444444444,2011-03-20 12:02:00,2011-06-13 12:36:00,United Kingdom,1
17796,690.0,4,176,8.518518518518519,2010-12-05 12:23:00,2011-10-30 15:38:00,United Kingdom,1
17797,780.43,3,498,7.0309009009009005,2011-06-10 11:29:00,2011-11-17 13:21:00,United Kingdom,1
17799,3039.17,10,1753,7.522698019801981,2010-12-13 13:10:00,2011-11-17 15:16:00,United Kingdom,1
17800,1187.21,9,732,11.526310679611651,2011-01-09 13:50:00,2011-11-02 12:57:00,United Kingdom,1
17802,1285.04,3,752,9.178857142857142,2010-12-02 13:44:00,2011-09-18 14:56:00,United Kingdom,1
17805,512.31,1,478,51.230999999999995,2011-09-27 11:49:00,2011-09-27 11:49:00,United Kingdom,0
17806,546.04,1,727,12.698604651162789,2011-11-28 14:12:00,2011-11-28 14:12:00,United Kingdom,0
17809,5411.91,12,2057,88.71983606557377,2010-12-01 09:41:00,2011-11-23 12:59:00,United Kingdom,1
17811,7761.82,39,4146,9.374178743961352,2011-01-10 10:58:00,2011-12-05 13:46:00,United Kingdom,1
17812,699.81,4,329,5.261729323308271,2010-12-06 15:27:00,2011-11-27 11:47:00,United Kingdom,1
17813,1698.07,5,752,4.879511494252873,2011-09-29 15:57:00,2011-11-25 16:13:00,United Kingdom,1
17816,36.56,4,30,2.150588235294118,2010-12-09 14:10:00,2011-11-03 11:34:00,United Kingdom,1
17817,387.68,3,67,11.747878787878788,2011-03-07 17:30:00,2011-12-05 14:39:00,United Kingdom,1
17819,3704.87,7,1031,77.18479166666667,2010-12-03 14:26:00,2011-09-29 10:52:00,United Kingdom,1
17824,298.4,1,408,22.95384615384615,2011-10-19 14:14:00,2011-10-19 14:14:00,United Kingdom,0
17827,1987.33,5,1240,9.24339534883721,2010-12-10 10:18:00,2011-12-04 15:00:00,United Kingdom,1
17828,1820.09,4,667,27.1655223880597,2011-06-08 08:31:00,2011-11-17 08:41:00,Malta,1
17829,889.24,1,496,29.641333333333332,2011-02-14 12:46:00,2011-02-14 12:46:00,United Arab Emirates,0
17830,398.7,3,92,17.33478260869565,2011-02-24 10:15:00,2011-12-08 12:28:00,United Kingdom,1
17831,35.400000000000006,1,12,17.700000000000003,2011-11-06 15:09:00,2011-11-06 15:09:00,United Kingdom,0
17832,155.37,1,208,2.547049180327869,2011-10-21 11:43:00,2011-10-21 11:43:00,United Kingdom,0
17835,342.24,3,344,5.800677966101695,2011-11-16 16:30:00,2011-12-07 11:48:00,United Kingdom,1
17836,110.21000000000001,1,88,4.592083333333334,2011-10-23 16:13:00,2011-10-23 16:13:00,United Kingdom,0
17837,1541.23,8,510,9.513765432098765,2011-06-29 16:44:00,2011-10-28 16:13:00,United Kingdom,1
17838,2720.8,5,1831,23.254700854700857,2010-12-02 15:55:00,2011-11-13 11:20:00,United Kingdom,1
17839,318.15,1,257,6.11826923076923,2011-10-28 17:27:00,2011-10-28 17:27:00,United Kingdom,0
17841,40519.84,124,22834,5.2787701928087545,2010-12-01 14:41:00,2011-12-08 12:07:00,United Kingdom,1
17843,205.48,1,113,5.553513513513513,2011-02-09 15:33:00,2011-02-09 15:33:00,United Kingdom,0
17844,51.559999999999995,1,52,10.312,2011-08-25 11:27:00,2011-08-25 11:27:00,Canada,0
17846,2033.1,1,1,2033.1,2011-09-15 15:20:00,2011-09-15 15:20:00,United Kingdom,0
17848,901.1999999999999,9,398,17.670588235294115,2010-12-16 18:38:00,2011-09-19 16:49:00,United Kingdom,1
17849,605.8000000000001,4,114,23.300000000000004,2011-01-10 11:59:00,2011-05-05 13:46:00,United Kingdom,1
17850,5391.21,34,1733,18.15222222222222,2010-12-01 08:26:00,2010-12-02 15:27:00,United Kingdom,1
17852,114.34,2,53,4.764166666666667,2011-11-28 12:31:00,2011-11-28 12:36:00,United Kingdom,1
17854,311.26,2,84,20.750666666666667,2011-04-26 16:53:00,2011-06-07 16:21:00,United Kingdom,1
17855,208.97,1,197,12.292352941176471,2010-12-02 09:44:00,2010-12-02 09:44:00,United Kingdom,0
17856,1418.03,4,842,94.53533333333333,2011-03-03 11:40:00,2011-12-08 09:40:00,United Kingdom,1
17857,26879.04,23,19256,497.76,2010-12-09 11:35:00,2011-12-05 13:13:00,United Kingdom,1
17858,5140.66,12,2694,26.09472081218274,2010-12-05 13:08:00,2011-12-04 11:56:00,United Kingdom,1
17859,141.92000000000002,1,102,6.170434782608696,2011-02-08 10:32:00,2011-02-08 10:32:00,United Kingdom,0
17860,226.45000000000002,1,93,4.354807692307693,2010-12-06 12:41:00,2010-12-06 12:41:00,United Kingdom,0
17861,2097.88,8,1985,9.579360730593608,2011-01-24 11:34:00,2011-12-06 16:21:00,United Kingdom,1
17862,330.9,1,100,30.08181818181818,2011-01-20 12:23:00,2011-01-20 12:23:00,United Kingdom,0
17863,3160.0,6,2638,21.35135135135135,2010-12-05 13:21:00,2011-10-11 13:45:00,United Kingdom,1
17864,554.85,3,706,6.165,2011-03-09 11:44:00,2011-11-27 11:15:00,United Kingdom,1
17865,10526.32,20,5757,28.449513513513512,2010-12-10 14:53:00,2011-11-09 12:08:00,United Kingdom,1
17866,329.65,1,174,36.62777777777777,2011-07-20 11:07:00,2011-07-20 11:07:00,United Kingdom,0
17867,1157.8700000000001,6,508,17.027500000000003,2011-02-24 12:25:00,2011-11-09 14:15:00,United Kingdom,1
17869,428.18,5,111,10.7045,2010-12-06 17:16:00,2011-08-24 16:16:00,United Kingdom,1
17870,1865.89,12,1351,6.910703703703704,2010-12-08 08:12:00,2011-12-07 15:07:00,United Kingdom,1
17871,155.9,1,182,15.59,2011-05-19 11:32:00,2011-05-19 11:32:00,United Kingdom,0
17873,1848.96,5,1035,42.99906976744186,2010-12-01 14:54:00,2011-09-20 16:41:00,United Kingdom,1
17874,683.46,6,221,14.857826086956523,2011-03-29 11:25:00,2011-06-07 12:54:00,United Kingdom,1
17877,237.61,1,98,19.800833333333333,2011-06-22 13:00:00,2011-06-22 13:00:00,United Kingdom,0
17878,379.45,1,401,14.59423076923077,2011-10-27 11:24:00,2011-10-27 11:24:00,United Kingdom,0
17879,178.51999999999998,1,45,29.75333333333333,2011-06-19 12:36:00,2011-06-19 12:36:00,United Kingdom,0
17880,458.92,1,314,17.65076923076923,2010-12-10 10:21:00,2010-12-10 10:21:00,United Kingdom,0
17881,133.35000000000002,1,32,16.668750000000003,2011-02-08 17:16:00,2011-02-08 17:16:00,United Kingdom,0
17883,664.34,4,374,4.6784507042253525,2011-04-07 19:16:00,2011-12-06 17:49:00,United Kingdom,1
17884,695.0699999999999,4,817,6.151061946902654,2010-12-03 12:11:00,2011-12-06 11:33:00,United Kingdom,1
17885,156.34,1,110,2.949811320754717,2011-11-27 14:40:00,2011-11-27 14:40:00,United Kingdom,0
17886,869.28,3,469,8.52235294117647,2011-04-04 12:34:00,2011-11-08 10:09:00,United Kingdom,1
17887,111.35,1,30,11.135,2011-08-02 17:29:00,2011-08-02 17:29:00,United Kingdom,0
17888,716.0,8,973,11.015384615384615,2010-12-17 13:56:00,2011-11-18 13:45:00,United Kingdom,1
17889,201.37,2,77,10.0685,2011-01-21 17:14:00,2011-05-11 16:26:00,United Kingdom,1
17890,586.89,2,402,6.449340659340659,2010-12-13 15:12:00,2011-01-21 11:19:00,United Kingdom,1
17891,203.85999999999999,1,393,5.995882352941176,2011-06-30 20:08:00,2011-06-30 20:08:00,United Kingdom,0
17892,244.1,3,109,8.717857142857143,2011-07-07 12:56:00,2011-10-14 16:49:00,United Kingdom,1
17893,107.21,1,149,7.147333333333333,2011-04-28 13:50:00,2011-04-28 13:50:00,United Kingdom,0
17894,1118.96,8,404,5.827916666666667,2010-12-08 14:50:00,2011-09-29 09:23:00,United Kingdom,1
17895,95.45,1,127,6.363333333333333,2011-10-26 17:00:00,2011-10-26 17:00:00,United Kingdom,0
17896,256.32,1,288,128.16,2011-11-16 13:59:00,2011-11-16 13:59:00,United Kingdom,0
17897,541.8100000000001,3,222,5.01675925925926,2010-12-01 12:31:00,2011-06-20 11:23:00,United Kingdom,1
17898,152.06,2,190,5.430714285714286,2011-05-16 17:13:00,2011-09-15 14:56:00,United Kingdom,1
17899,154.55,1,170,4.985483870967743,2011-07-03 14:58:00,2011-07-03 14:58:00,United Kingdom,0
17900,112.19999999999999,2,73,18.7,2011-06-02 14:28:00,2011-06-02 14:38:00,United Kingdom,1
17901,110.38,1,24,5.809473684210526,2011-11-10 17:29:00,2011-11-10 17:29:00,United Kingdom,0
17904,181.07,1,59,5.325588235294117,2011-11-18 12:57:00,2011-11-18 12:57:00,United Kingdom,0
17905,798.99,4,406,24.21181818181818,2010-12-01 13:21:00,2011-09-29 17:33:00,United Kingdom,1
17906,72.9,1,26,6.075,2011-04-06 17:25:00,2011-04-06 17:25:00,United Kingdom,0
17908,232.03,1,169,4.2968518518518515,2010-12-01 11:45:00,2010-12-01 11:45:00,United Kingdom,0
17911,366.23,1,223,9.390512820512821,2011-11-30 14:52:00,2011-11-30 14:52:00,United Kingdom,0
17912,310.06,5,184,8.38,2010-12-10 11:11:00,2011-02-02 14:25:00,United Kingdom,1
17913,408.65,2,288,7.0456896551724135,2010-12-19 11:35:00,2011-10-12 10:45:00,United Kingdom,1
17914,329.36,1,457,4.391466666666667,2011-12-06 11:58:00,2011-12-06 11:58:00,United Kingdom,0
17917,335.03,3,184,3.6416304347826083,2010-12-12 12:08:00,2011-10-25 13:20:00,United Kingdom,1
17919,1304.04,1,756,56.697391304347825,2011-09-12 13:41:00,2011-09-12 13:41:00,United Kingdom,0
17920,4119.5,17,2473,6.1947368421052635,2010-12-01 11:49:00,2011-12-05 14:29:00,United Kingdom,1
17921,820.23,4,425,5.776267605633803,2011-03-18 13:19:00,2011-10-06 18:56:00,United Kingdom,1
17923,207.50000000000003,1,50,207.50000000000003,2011-03-02 15:15:00,2011-03-02 15:15:00,United Kingdom,0
17924,2962.5,7,1160,95.56451612903226,2010-12-01 10:51:00,2011-11-28 09:11:00,United Kingdom,1
17925,244.08,1,72,244.08,2010-12-02 10:10:00,2010-12-02 10:10:00,United Kingdom,0
17926,397.29,2,306,18.91857142857143,2011-05-20 09:24:00,2011-07-29 14:39:00,United Kingdom,1
17928,212.54,2,140,9.240869565217391,2011-04-07 18:03:00,2011-10-25 13:52:00,United Kingdom,1
17929,843.0,4,108,168.6,2011-02-04 11:40:00,2011-11-28 16:01:00,United Kingdom,1
17930,1740.48,5,1594,44.62769230769231,2011-04-14 15:46:00,2011-11-04 10:23:00,United Kingdom,1
17931,408.36,2,249,6.282461538461539,2011-03-29 12:31:00,2011-07-28 18:33:00,United Kingdom,1
17932,1331.57,3,789,14.795222222222222,2011-05-12 13:58:00,2011-11-10 19:49:00,United Kingdom,1
17934,704.25,2,478,33.535714285714285,2011-10-12 10:50:00,2011-10-19 11:16:00,United Kingdom,1
17935,145.79,2,82,5.027241379310345,2011-07-21 11:23:00,2011-07-24 13:18:00,United Kingdom,1
17936,380.13,1,257,5.279583333333333,2011-12-04 13:32:00,2011-12-04 13:32:00,United Kingdom,0
17937,4301.22,7,1754,100.02837209302326,2010-12-12 14:43:00,2011-12-01 11:45:00,United Kingdom,1
17939,99.14,1,40,8.261666666666667,2011-07-03 12:27:00,2011-07-03 12:27:00,United Kingdom,0
17940,4020.04,10,9323,223.33555555555554,2011-02-10 09:29:00,2011-10-21 13:27:00,United Kingdom,1
17941,304.56,1,252,152.28,2011-08-01 08:30:00,2011-08-01 08:30:00,United Kingdom,0
17942,77.50000000000001,1,38,38.75000000000001,2011-12-02 10:45:00,2011-12-02 10:45:00,United Kingdom,0
17946,149.57999999999998,2,75,7.478999999999999,2011-03-25 14:34:00,2011-04-20 17:00:00,United Kingdom,1
17947,176.68,1,168,19.63111111111111,2011-11-02 13:05:00,2011-11-02 13:05:00,United Kingdom,0
17948,358.56000000000006,1,144,358.56000000000006,2011-07-15 12:58:00,2011-07-15 12:58:00,United Kingdom,0
17949,58510.48,45,30546,835.864,2010-12-03 13:12:00,2011-12-08 18:46:00,United Kingdom,1
17950,482.2,3,366,6.791549295774648,2010-12-09 15:16:00,2011-09-28 15:18:00,United Kingdom,1
17951,1008.5400000000001,3,616,50.42700000000001,2010-12-01 12:40:00,2011-10-31 12:30:00,United Kingdom,1
17954,2314.13,12,2221,4.851425576519916,2010-12-03 14:18:00,2011-12-04 14:15:00,United Kingdom,1
17955,557.3,4,273,29.331578947368417,2011-05-04 12:29:00,2011-05-25 12:00:00,United Kingdom,1
17956,12.75,1,1,12.75,2011-04-04 13:47:00,2011-04-04 13:47:00,United Kingdom,0
17957,111.68,1,287,3.6025806451612907,2011-10-04 14:58:00,2011-10-04 14:58:00,United Kingdom,0
17958,508.4599999999999,1,84,72.63714285714285,2011-08-15 12:19:00,2011-08-15 12:19:00,United Kingdom,0
17960,73.78,1,41,2.8376923076923077,2011-06-21 14:15:00,2011-06-21 14:15:00,United Kingdom,0
17961,1296.44,39,560,5.206586345381527,2010-12-02 19:18:00,2011-11-18 16:55:00,United Kingdom,1
17962,102.41,1,127,3.0120588235294115,2011-07-20 14:16:00,2011-07-20 14:16:00,United Kingdom,0
17964,463.21,2,294,4.726632653061224,2010-12-02 13:32:00,2011-11-08 10:44:00,United Kingdom,1
17965,2599.19,14,1532,7.997507692307693,2010-12-05 15:54:00,2011-11-02 09:31:00,United Kingdom,1
17966,1098.43,5,2571,16.15338235294118,2011-03-23 17:25:00,2011-11-02 10:26:00,United Kingdom,1
17967,112.27,1,73,2.673095238095238,2010-12-03 11:19:00,2010-12-03 11:19:00,United Kingdom,0
17968,265.1,1,151,3.27283950617284,2010-12-01 12:23:00,2010-12-01 12:23:00,United Kingdom,0
17969,228.2,2,152,16.3,2010-12-13 15:34:00,2011-06-26 13:00:00,United Kingdom,1
17970,562.79,1,513,19.40655172413793,2011-05-12 20:03:00,2011-05-12 20:03:00,United Kingdom,0
17972,135.19,1,36,4.506333333333333,2011-04-12 12:16:00,2011-04-12 12:16:00,United Kingdom,0
17973,337.04,1,176,22.469333333333335,2011-10-19 10:34:00,2011-10-19 10:34:00,United Kingdom,0
17974,703.99,3,500,4.266606060606061,2011-05-04 11:50:00,2011-11-15 11:37:00,United Kingdom,1
17975,4483.26,13,1565,15.301228668941981,2010-12-08 11:38:00,2011-11-24 13:27:00,United Kingdom,1
17976,321.79,1,93,5.645438596491228,2010-12-02 13:49:00,2010-12-02 13:49:00,United Kingdom,0
17977,288.14,1,342,13.72095238095238,2011-11-10 13:28:00,2011-11-10 13:28:00,United Kingdom,0
17978,300.91999999999996,1,499,25.076666666666664,2010-12-09 14:05:00,2010-12-09 14:05:00,United Kingdom,0
17979,732.41,4,383,5.30731884057971,2011-03-25 11:34:00,2011-11-04 12:05:00,United Kingdom,1
17980,811.45,3,682,27.048333333333336,2010-12-15 15:50:00,2011-06-27 12:01:00,United Kingdom,1
17984,152.68,1,98,3.1808333333333336,2011-07-17 15:59:00,2011-07-17 15:59:00,United Kingdom,0
17985,631.35,1,171,30.064285714285717,2011-11-17 14:24:00,2011-11-17 14:24:00,United Kingdom,0
17986,20.8,1,10,20.8,2011-10-14 14:22:00,2011-10-14 14:22:00,United Kingdom,0
17987,198.57,1,261,15.274615384615384,2011-06-07 14:22:00,2011-06-07 14:22:00,United Kingdom,0
17988,201.12,7,43,5.292631578947368,2011-01-17 11:59:00,2011-11-28 11:00:00,United Kingdom,1
17990,630.84,3,414,21.753103448275862,2010-12-13 12:10:00,2011-04-17 11:44:00,United Kingdom,1
17991,93.35,2,25,18.669999999999998,2011-04-27 16:39:00,2011-04-28 15:58:00,United Kingdom,1
17994,674.89,4,495,8.542911392405063,2011-02-22 11:02:00,2011-08-10 11:41:00,United Kingdom,1
17995,76.1,1,133,38.05,2011-03-03 12:30:00,2011-03-03 12:30:00,United Kingdom,0
17997,1962.46,8,2273,11.966219512195122,2011-06-28 17:28:00,2011-09-26 16:13:00,United Kingdom,1
17999,380.39,2,219,4.18010989010989,2010-12-08 15:17:00,2011-11-02 15:56:00,United Kingdom,1
18001,415.13,2,362,7.282982456140351,2011-09-14 11:21:00,2011-11-27 16:02:00,United Kingdom,1
18004,157.92,1,75,4.268108108108108,2010-12-12 13:47:00,2010-12-12 13:47:00,United Kingdom,0
18005,226.47,2,86,4.273018867924528,2011-10-23 14:40:00,2011-12-06 11:51:00,United Kingdom,1
18006,444.68,1,220,20.212727272727275,2011-11-16 16:52:00,2011-11-16 16:52:00,United Kingdom,0
18008,2116.19,9,1581,70.53966666666666,2011-01-25 12:26:00,2011-09-30 15:17:00,United Kingdom,1
18009,247.39,1,125,7.9803225806451605,2011-04-18 13:36:00,2011-04-18 13:36:00,United Kingdom,0
18010,174.8,1,60,12.485714285714286,2011-03-28 12:27:00,2011-03-28 12:27:00,United Kingdom,0
18011,102.78999999999999,1,71,3.671071428571428,2010-12-01 17:35:00,2010-12-01 17:35:00,United Kingdom,0
18013,187.29,2,285,6.041612903225806,2011-07-07 14:08:00,2011-07-07 14:11:00,United Kingdom,1
18014,162.22,1,66,5.407333333333333,2011-11-11 15:28:00,2011-11-11 15:28:00,United Kingdom,0
18015,120.03,1,157,2.6093478260869567,2011-12-05 14:49:00,2011-12-05 14:49:00,United Kingdom,0
18016,1477.66,5,1027,12.111967213114754,2010-12-10 17:14:00,2011-11-07 13:25:00,United Kingdom,1
18017,523.0,3,300,174.33333333333334,2011-02-02 13:57:00,2011-09-19 16:15:00,United Kingdom,1
18018,122.14,2,55,4.211724137931035,2011-05-24 13:22:00,2011-08-23 17:37:00,United Kingdom,1
18019,38.45,1,7,7.69,2011-10-19 12:10:00,2011-10-19 12:10:00,United Kingdom,0
18022,612.72,1,703,3.73609756097561,2011-11-04 12:45:00,2011-11-04 12:45:00,United Kingdom,0
18024,389.78,2,184,18.56095238095238,2011-07-10 12:28:00,2011-07-10 12:40:00,United Kingdom,1
18027,115.31,1,78,5.490952380952381,2011-09-02 10:38:00,2011-09-02 10:38:00,United Kingdom,0
18030,230.64999999999998,2,67,25.627777777777776,2011-10-28 13:55:00,2011-12-05 16:37:00,United Kingdom,1
18032,73.5,1,42,14.7,2011-01-09 15:32:00,2011-01-09 15:32:00,United Kingdom,0
18033,93.82000000000001,1,252,2.8430303030303032,2011-10-05 17:28:00,2011-10-05 17:28:00,United Kingdom,0
18034,418.68,2,559,3.8061818181818183,2011-11-18 12:08:00,2011-11-18 12:22:00,United Kingdom,1
18035,713.89,3,584,14.569183673469388,2011-10-27 17:48:00,2011-11-04 12:39:00,United Kingdom,1
18036,403.12,3,232,4.288510638297873,2011-04-08 11:26:00,2011-11-07 14:40:00,United Kingdom,1
18037,70.02,6,20,3.685263157894737,2010-12-12 16:20:00,2011-07-08 13:39:00,United Kingdom,1
18040,357.20000000000005,2,148,18.8,2011-04-08 08:27:00,2011-11-20 14:20:00,United Kingdom,1
18041,4097.37,21,3758,8.94622270742358,2010-12-02 11:21:00,2011-11-28 11:39:00,United Kingdom,1
18042,165.04999999999998,1,33,23.578571428571426,2011-10-17 11:49:00,2011-10-17 11:49:00,United Kingdom,0
18043,529.29,3,265,4.6025217391304345,2010-12-08 12:35:00,2011-11-15 12:48:00,United Kingdom,1
18044,2088.6,10,1033,16.445669291338582,2010-12-14 12:25:00,2011-12-05 14:26:00,United Kingdom,1
18045,178.34,1,138,4.147441860465117,2011-10-25 13:07:00,2011-10-25 13:07:00,United Kingdom,0
18048,172.29000000000002,2,127,24.612857142857145,2011-05-20 14:54:00,2011-05-20 14:58:00,United Kingdom,1
18050,74.4,1,40,14.88,2010-12-15 14:25:00,2010-12-15 14:25:00,United Kingdom,0
18053,300.02,1,302,15.001,2011-09-30 09:05:00,2011-09-30 09:05:00,United Kingdom,0
18055,6761.34,10,2452,18.88642458100559,2010-12-05 10:52:00,2011-12-02 14:25:00,United Kingdom,1
18056,363.65,1,211,19.139473684210525,2011-02-24 14:27:00,2011-02-24 14:27:00,United Kingdom,0
18058,170.16,1,88,56.72,2011-11-30 08:38:00,2011-11-30 08:38:00,United Kingdom,0
18059,306.46,3,263,16.129473684210524,2011-10-03 09:30:00,2011-11-16 16:49:00,United Kingdom,1
18061,2119.41,10,955,46.0741304347826,2010-12-08 13:03:00,2011-11-18 11:20:00,United Kingdom,1
18062,720.52,3,396,26.685925925925925,2011-01-06 10:03:00,2011-06-19 14:47:00,United Kingdom,1
18064,814.0,2,384,116.28571428571429,2011-04-18 15:08:00,2011-07-29 16:39:00,United Kingdom,1
18065,2392.83,14,1027,17.465912408759124,2010-12-10 12:44:00,2011-12-04 10:30:00,United Kingdom,1
18066,318.0,1,108,31.8,2011-09-25 15:30:00,2011-09-25 15:30:00,United Kingdom,0
18067,396.33,1,189,10.711621621621621,2011-10-30 15:58:00,2011-10-30 15:58:00,United Kingdom,0
18068,101.69999999999999,1,6,101.69999999999999,2011-02-23 14:50:00,2011-02-23 14:50:00,United Kingdom,0
18069,2009.24,5,1296,4.396586433260394,2011-01-16 15:50:00,2011-11-13 16:03:00,United Kingdom,1
18071,453.0,2,260,18.12,2010-12-09 10:33:00,2011-03-27 11:59:00,United Kingdom,1
18072,247.44,1,288,13.746666666666666,2011-06-07 10:44:00,2011-06-07 10:44:00,United Kingdom,0
18073,3859.82,12,3102,53.60861111111112,2011-05-26 19:38:00,2011-08-17 14:02:00,United Kingdom,1
18074,489.6,1,190,37.66153846153846,2010-12-01 09:53:00,2010-12-01 09:53:00,United Kingdom,0
18075,2611.75,10,1464,18.392605633802816,2010-12-14 10:48:00,2011-11-16 15:21:00,United Kingdom,1
18077,2584.41,11,1839,11.589282511210762,2010-12-08 10:21:00,2011-12-01 13:32:00,United Kingdom,1
18078,336.13,2,145,11.590689655172413,2011-03-25 15:08:00,2011-05-06 14:32:00,United Kingdom,1
18079,3613.15,4,7347,29.37520325203252,2011-04-15 12:14:00,2011-10-25 15:27:00,United Kingdom,1
18080,1231.5,2,642,615.75,2011-04-11 10:10:00,2011-11-21 08:02:00,United Kingdom,1
18081,343.45,3,195,20.20294117647059,2011-07-29 11:56:00,2011-11-03 16:30:00,United Kingdom,1
18082,680.84,1,608,9.726285714285714,2011-11-14 12:45:00,2011-11-14 12:45:00,United Kingdom,0
18084,90.47999999999999,1,312,90.47999999999999,2011-11-23 13:57:00,2011-11-23 13:57:00,United Kingdom,0
18085,689.95,2,265,23.79137931034483,2010-12-01 12:08:00,2011-01-13 15:17:00,United Kingdom,1
18086,101.34,1,106,14.477142857142857,2011-03-10 13:34:00,2011-03-10 13:34:00,United Kingdom,0
18087,4055.7199999999993,2,3907,2027.8599999999997,2011-02-22 10:43:00,2011-09-02 15:12:00,United Kingdom,1
18088,166.03,1,107,4.487297297297298,2011-10-09 13:41:00,2011-10-09 13:41:00,United Kingdom,0
18092,9068.26,11,4252,101.89056179775281,2010-12-09 10:00:00,2011-12-07 13:14:00,United Kingdom,1
18093,2106.52,4,1392,58.51444444444444,2011-02-10 12:15:00,2011-09-07 15:43:00,United Kingdom,1
18094,3017.3,7,2518,43.104285714285716,2011-02-21 08:50:00,2011-09-19 09:28:00,United Kingdom,1
18095,580.0500000000001,2,419,27.621428571428574,2011-01-11 12:37:00,2011-01-31 12:50:00,United Kingdom,1
18096,849.06,3,788,4.331938775510204,2011-10-07 11:55:00,2011-11-28 12:44:00,United Kingdom,1
18097,2662.4,6,1662,25.116981132075473,2010-12-20 14:49:00,2011-12-02 11:16:00,United Kingdom,1
18099,168.31,1,149,8.858421052631579,2011-08-04 15:52:00,2011-08-04 15:52:00,United Kingdom,0
18101,222.4,2,87,5.5600000000000005,2011-07-19 13:05:00,2011-11-28 13:37:00,United Kingdom,1
18102,259657.3,60,64124,602.45313225058,2010-12-07 16:42:00,2011-12-09 11:50:00,United Kingdom,1
18104,754.64,1,362,19.858947368421052,2011-11-02 14:07:00,2011-11-02 14:07:00,United Kingdom,0
18105,113.48000000000002,1,46,6.304444444444446,2011-11-02 12:04:00,2011-11-02 12:04:00,United Kingdom,0
18106,421.9,1,126,11.402702702702703,2011-01-14 12:23:00,2011-01-14 12:23:00,United Kingdom,0
18108,271.0,1,84,15.941176470588236,2011-03-30 13:56:00,2011-03-30 13:56:00,United Kingdom,0
18109,8004.92,26,4230,18.151746031746033,2010-12-05 10:58:00,2011-12-08 11:36:00,United Kingdom,1
18110,198.8,1,72,5.372972972972973,2011-11-20 12:34:00,2011-11-20 12:34:00,United Kingdom,0
18112,352.69,2,255,13.565,2011-06-26 13:56:00,2011-11-27 14:43:00,United Kingdom,1
18113,76.32000000000001,1,72,76.32000000000001,2010-12-06 12:31:00,2010-12-06 12:31:00,United Kingdom,0
18114,220.1,1,55,7.860714285714286,2011-02-22 13:20:00,2011-02-22 13:20:00,United Kingdom,0
18116,1403.1100000000001,8,837,3.781967654986523,2010-12-10 12:14:00,2011-10-03 11:00:00,United Kingdom,1
18117,315.65,1,605,4.384027777777778,2011-11-14 12:47:00,2011-11-14 12:47:00,United Kingdom,0
18118,5625.08,26,2865,4.453745051464766,2010-12-05 12:13:00,2011-11-29 11:32:00,United Kingdom,1
18119,180.7,1,124,6.23103448275862,2010-12-07 11:59:00,2010-12-07 11:59:00,United Kingdom,0
18120,111.15,1,31,6.538235294117648,2011-05-09 13:45:00,2011-05-09 13:45:00,United Kingdom,0
18121,653.3,2,438,21.074193548387097,2011-07-08 12:14:00,2011-07-13 12:53:00,United Kingdom,1
18122,1793.06,6,1225,5.022577030812325,2011-07-12 11:37:00,2011-12-01 13:08:00,United Kingdom,1
18123,574.4399999999999,2,582,16.895294117647058,2011-11-08 13:31:00,2011-11-15 14:23:00,United Kingdom,1
18125,1131.75,4,800,5.89453125,2011-01-27 15:02:00,2011-11-10 12:29:00,United Kingdom,1
18126,200.92000000000002,1,135,3.863846153846154,2011-10-10 12:19:00,2011-10-10 12:19:00,United Kingdom,0
18127,347.08,3,187,7.545217391304347,2011-07-29 10:06:00,2011-11-20 14:05:00,United Kingdom,1
18129,112.55000000000001,1,48,8.039285714285715,2011-04-10 14:16:00,2011-04-10 14:16:00,United Kingdom,0
18130,1059.39,3,824,15.134142857142859,2011-10-13 15:58:00,2011-11-24 14:40:00,United Kingdom,1
18133,931.4999999999999,1,1350,931.4999999999999,2011-05-11 14:14:00,2011-05-11 14:14:00,United Kingdom,0
18135,681.9100000000001,5,349,34.0955,2011-06-02 14:04:00,2011-11-10 19:32:00,United Kingdom,1
18136,784.33,3,379,20.640263157894736,2011-01-24 12:08:00,2011-10-07 15:40:00,United Kingdom,1
18138,152.65,1,38,19.08125,2011-02-17 14:51:00,2011-02-17 14:51:00,United Kingdom,0
18139,8438.34,6,5557,53.07132075471698,2011-11-21 14:06:00,2011-11-22 10:44:00,United Kingdom,1
18142,1019.52,2,1276,67.968,2011-05-08 12:31:00,2011-07-05 13:19:00,United Kingdom,1
18143,1000.16,2,570,16.396065573770493,2011-07-21 10:44:00,2011-08-15 12:07:00,United Kingdom,1
18144,2888.75,12,1343,67.18023255813954,2010-12-01 13:45:00,2011-12-02 12:46:00,United Kingdom,1
18145,2861.55,4,2625,12.94819004524887,2011-01-31 12:10:00,2011-11-27 11:22:00,United Kingdom,1
18146,160.35000000000002,2,153,16.035000000000004,2011-05-03 16:35:00,2011-07-22 12:08:00,United Kingdom,1
18147,179.33999999999997,2,203,25.619999999999997,2011-08-23 12:22:00,2011-10-25 11:46:00,United Kingdom,1
18149,612.0799999999999,3,310,38.254999999999995,2011-03-11 12:44:00,2011-10-20 12:04:00,United Kingdom,1
18150,566.58,3,332,15.312972972972974,2011-05-22 10:47:00,2011-11-07 16:49:00,United Kingdom,1
18151,653.35,2,355,17.193421052631578,2011-02-23 08:29:00,2011-07-28 11:35:00,United Kingdom,1
18154,399.19,2,255,19.009047619047617,2011-10-27 10:40:00,2011-12-06 16:41:00,United Kingdom,1
18155,371.62,3,266,14.8648,2011-02-21 10:36:00,2011-09-25 13:32:00,United Kingdom,1
18156,675.64,2,283,5.538032786885246,2010-12-05 12:29:00,2011-11-27 12:24:00,United Kingdom,1
18158,453.4,2,354,13.335294117647058,2011-09-12 09:03:00,2011-11-30 16:19:00,United Kingdom,1
18159,530.15,1,139,23.05,2011-02-11 14:26:00,2011-02-11 14:26:00,United Kingdom,0
18160,638.0600000000001,2,294,16.36051282051282,2011-05-23 13:41:00,2011-10-13 15:50:00,United Kingdom,1
18161,1618.69,5,812,20.233625,2011-01-24 11:56:00,2011-11-24 16:40:00,United Kingdom,1
18164,399.65000000000003,1,184,16.652083333333334,2011-11-02 12:56:00,2011-11-02 12:56:00,United Kingdom,0
18165,302.46000000000004,1,254,30.246000000000002,2011-06-15 13:23:00,2011-06-15 13:23:00,United Kingdom,0
18167,1384.8600000000001,3,382,37.428648648648654,2011-08-26 11:40:00,2011-11-16 15:56:00,United Kingdom,1
18168,1160.04,6,592,8.923384615384615,2010-12-02 18:08:00,2011-06-16 19:21:00,United Kingdom,1
18169,202.65,1,61,22.516666666666666,2011-10-10 12:18:00,2011-10-10 12:18:00,United Kingdom,0
18170,980.31,3,409,25.797631578947367,2011-05-06 15:13:00,2011-11-06 14:35:00,United Kingdom,1
18171,1231.31,5,481,22.802037037037035,2011-01-10 09:55:00,2011-10-12 09:13:00,United Kingdom,1
18172,7561.68,20,3184,40.00888888888889,2011-02-23 10:44:00,2011-11-25 11:12:00,United Kingdom,1
18173,2106.84,4,1220,67.9625806451613,2011-03-10 11:56:00,2011-09-14 11:26:00,United Kingdom,1
18174,104.0,1,50,104.0,2011-12-02 16:56:00,2011-12-02 16:56:00,United Kingdom,0
18176,476.35,1,283,15.878333333333334,2010-12-16 15:45:00,2010-12-16 15:45:00,United Kingdom,0
18177,1340.8700000000001,6,709,18.368082191780825,2011-03-29 08:46:00,2011-11-08 14:44:00,United Kingdom,1
18178,1590.81,4,983,16.400103092783503,2010-12-10 12:42:00,2011-08-03 09:30:00,United Kingdom,1
18179,1793.17,6,1360,19.924111111111113,2011-01-07 14:22:00,2011-11-30 16:23:00,United Kingdom,1
18180,1843.75,6,1721,15.493697478991596,2011-07-20 08:59:00,2011-12-05 08:39:00,United Kingdom,1
18181,366.85,1,133,8.947560975609756,2011-11-15 15:08:00,2011-11-15 15:08:00,United Kingdom,0
18183,632.07,2,371,17.082972972972975,2011-03-10 10:08:00,2011-04-26 15:26:00,United Kingdom,1
18184,49.8,1,60,49.8,2011-11-24 15:28:00,2011-11-24 15:28:00,United Kingdom,0
18185,304.25,1,183,17.897058823529413,2011-04-04 13:42:00,2011-04-04 13:42:00,United Kingdom,0
18188,2001.04,3,1168,28.183661971830986,2011-02-22 14:43:00,2011-11-24 16:46:00,United Kingdom,1
18189,1090.24,2,566,16.032941176470587,2011-03-17 09:49:00,2011-09-23 12:40:00,United Kingdom,1
18190,284.46000000000004,2,140,18.964000000000002,2011-01-13 10:35:00,2011-05-31 14:48:00,United Kingdom,1
18191,207.79999999999998,1,140,29.685714285714283,2011-03-23 12:08:00,2011-03-23 12:08:00,United Kingdom,0
18192,957.97,1,339,21.288222222222224,2011-09-29 09:53:00,2011-09-29 09:53:00,United Kingdom,0
18193,243.76,1,124,15.235,2011-06-27 13:58:00,2011-06-27 13:58:00,United Kingdom,0
18194,973.8399999999999,1,632,139.11999999999998,2011-09-18 13:29:00,2011-09-18 13:29:00,United Kingdom,0
18196,686.63,2,431,4.93978417266187,2011-02-22 16:13:00,2011-09-05 16:22:00,United Kingdom,1
18198,5425.56,17,4074,34.12301886792453,2011-01-07 13:39:00,2011-12-05 14:49:00,United Kingdom,1
18200,150.35,1,104,5.011666666666667,2011-08-25 18:45:00,2011-08-25 18:45:00,United Kingdom,0
18202,1396.99,3,581,20.543970588235293,2011-02-01 13:36:00,2011-05-24 12:12:00,United Kingdom,1
18203,160.42000000000002,1,43,8.443157894736842,2011-07-05 13:07:00,2011-07-05 13:07:00,United Kingdom,0
18204,1975.35,3,1190,10.288281249999999,2011-05-31 15:26:00,2011-09-29 16:44:00,United Kingdom,1
18205,517.36,2,192,16.1675,2011-09-26 12:02:00,2011-11-03 13:22:00,United Kingdom,1
18209,139.10000000000002,1,58,17.387500000000003,2011-11-11 12:07:00,2011-11-11 12:07:00,United Kingdom,0
18210,2621.38,6,1398,19.562537313432838,2011-03-17 16:58:00,2011-12-08 11:02:00,United Kingdom,1
18211,600.07,5,359,14.287380952380953,2011-03-06 12:09:00,2011-11-14 08:10:00,United Kingdom,1
18212,216.07,1,92,6.3549999999999995,2011-01-17 16:14:00,2011-01-17 16:14:00,United Kingdom,0
18213,232.48000000000002,1,232,15.498666666666669,2011-04-17 10:21:00,2011-04-17 10:21:00,United Kingdom,0
18215,299.34000000000003,1,118,23.02615384615385,2011-09-11 16:05:00,2011-09-11 16:05:00,United Kingdom,0
18216,481.75,1,200,18.528846153846153,2011-11-08 16:55:00,2011-11-08 16:55:00,United Kingdom,0
18217,621.75,2,491,20.056451612903224,2011-09-30 10:44:00,2011-11-10 13:18:00,United Kingdom,1
18218,641.92,2,536,32.096,2011-03-03 12:24:00,2011-05-12 12:53:00,United Kingdom,1
18219,2069.77,10,885,18.155877192982455,2010-12-06 10:05:00,2011-12-07 11:43:00,United Kingdom,1
18220,305.28000000000003,1,288,152.64000000000001,2011-04-27 09:03:00,2011-04-27 09:03:00,United Kingdom,0
18221,1041.61,5,791,16.27515625,2011-05-12 14:13:00,2011-11-17 14:40:00,United Kingdom,1
18222,443.0,1,335,23.31578947368421,2011-09-08 10:45:00,2011-09-08 10:45:00,United Kingdom,0
18223,6484.54,14,2948,23.840220588235294,2010-12-16 16:42:00,2011-12-05 09:11:00,United Kingdom,1
18224,158.95000000000002,1,69,15.895000000000001,2011-03-21 10:30:00,2011-03-21 10:30:00,United Kingdom,0
18225,5504.96,12,3242,20.46453531598513,2010-12-09 15:46:00,2011-12-06 13:27:00,United Kingdom,1
18226,5228.05,11,3466,21.603512396694217,2011-01-06 09:00:00,2011-10-26 13:36:00,United Kingdom,1
18227,93.75,1,21,18.75,2011-05-06 12:23:00,2011-05-06 12:23:00,United Kingdom,0
18228,779.9,2,238,25.996666666666666,2011-09-21 10:48:00,2011-10-14 09:21:00,United Kingdom,1
18229,7276.900000000001,20,2488,44.37134146341464,2010-12-01 16:25:00,2011-11-28 09:48:00,United Kingdom,1
18230,2810.2000000000003,7,1316,32.67674418604651,2011-02-10 13:06:00,2011-11-30 13:22:00,United Kingdom,1
18231,2071.77,5,819,16.843658536585366,2011-02-24 09:08:00,2011-05-31 14:18:00,United Kingdom,1
18232,592.97,4,302,16.026216216216216,2011-05-26 16:30:00,2011-09-19 11:49:00,United Kingdom,1
18233,440.0,1,4,440.0,2011-01-18 08:44:00,2011-01-18 08:44:00,United Kingdom,0
18235,1796.48,3,1578,17.273846153846154,2011-05-06 13:35:00,2011-09-29 08:27:00,United Kingdom,1
18236,882.24,6,403,18.004897959183673,2011-04-13 09:52:00,2011-11-10 08:06:00,United Kingdom,1
18237,987.1,5,622,16.181967213114753,2011-07-28 13:05:00,2011-12-07 12:49:00,United Kingdom,1
18239,1561.6100000000001,5,795,17.745568181818182,2010-12-02 17:48:00,2011-05-05 12:38:00,United Kingdom,1
18240,422.58,1,126,70.42999999999999,2011-10-24 13:06:00,2011-10-24 13:06:00,United Kingdom,0
18241,2073.09,17,1051,19.933557692307694,2011-05-06 09:22:00,2011-11-30 12:10:00,United Kingdom,1
18242,2232.4900000000002,4,1017,28.62166666666667,2011-05-10 11:20:00,2011-09-28 13:43:00,United Kingdom,1
18245,2567.06,7,1788,14.668914285714285,2010-12-19 14:58:00,2011-12-02 14:48:00,United Kingdom,1
18246,596.1,2,166,149.025,2011-04-20 13:55:00,2011-11-16 11:49:00,United Kingdom,1
18248,804.02,2,511,17.1068085106383,2011-06-06 13:18:00,2011-08-09 10:19:00,United Kingdom,1
18249,95.34,1,128,11.9175,2011-11-22 15:07:00,2011-11-22 15:07:00,United Kingdom,0
18250,349.27,1,199,16.63190476190476,2011-02-02 13:16:00,2011-02-02 13:16:00,United Kingdom,0
18251,4314.72,1,7824,269.67,2011-09-13 15:03:00,2011-09-13 15:03:00,United Kingdom,0
18252,518.27,2,234,5.5135106382978725,2011-06-21 11:47:00,2011-10-20 12:43:00,United Kingdom,1
18255,103.3,1,74,17.216666666666665,2011-09-11 13:16:00,2011-09-11 13:16:00,United Kingdom,0
18257,2337.63,8,1041,19.81042372881356,2011-02-16 15:13:00,2011-10-31 14:48:00,United Kingdom,1
18259,2338.6000000000004,3,714,55.68095238095239,2010-12-08 13:38:00,2011-11-15 12:34:00,United Kingdom,1
18260,2628.35,6,1475,19.76203007518797,2010-12-16 18:23:00,2011-06-20 12:37:00,United Kingdom,1
18261,324.24,2,146,15.440000000000001,2011-09-05 09:34:00,2011-10-27 15:36:00,United Kingdom,1
18262,149.48,1,182,11.498461538461537,2011-07-22 16:04:00,2011-07-22 16:04:00,United Kingdom,0
18263,1213.1599999999999,3,1468,19.887868852459015,2011-04-01 11:48:00,2011-11-14 09:00:00,United Kingdom,1
18265,801.51,2,311,17.424130434782608,2011-07-04 15:26:00,2011-09-28 14:10:00,United Kingdom,1
18268,25.5,1,2,25.5,2011-07-28 19:13:00,2011-07-28 19:13:00,United Kingdom,0
18269,168.6,1,76,24.085714285714285,2010-12-08 13:53:00,2010-12-08 13:53:00,United Kingdom,0
18270,283.15,2,101,25.74090909090909,2011-03-18 12:41:00,2011-11-01 13:57:00,United Kingdom,1
18272,3078.58,6,2050,18.54566265060241,2011-04-07 09:35:00,2011-12-07 12:43:00,United Kingdom,1
18273,204.0,3,80,68.0,2011-03-27 11:22:00,2011-12-07 13:16:00,United Kingdom,1
18274,175.92,1,88,15.992727272727272,2011-11-09 17:03:00,2011-11-09 17:03:00,United Kingdom,0
18276,335.86,1,186,23.990000000000002,2011-10-27 10:54:00,2011-10-27 10:54:00,United Kingdom,0
18277,110.38,1,68,13.7975,2011-10-12 15:22:00,2011-10-12 15:22:00,United Kingdom,0
18278,173.9,1,66,19.322222222222223,2011-09-27 11:58:00,2011-09-27 11:58:00,United Kingdom,0
18280,180.60000000000002,1,45,18.060000000000002,2011-03-07 09:52:00,2011-03-07 09:52:00,United Kingdom,0
18281,80.82,1,54,11.545714285714284,2011-06-12 10:53:00,2011-06-12 10:53:00,United Kingdom,0
18282,178.05,2,103,14.8375,2011-08-05 13:35:00,2011-12-02 11:43:00,United Kingdom,1
18283,2045.53,16,1357,2.8370735090152563,2011-01-06 14:14:00,2011-12-06 12:02:00,United Kingdom,1
18287,1837.28,3,1586,26.24685714285714,2011-05-22 10:39:00,2011-10-28 09:29:00,United Kingdom,1
