StockCode,Description,TotalRevenue,TotalQuantity,OrderCount
23843,"PAPER CRAFT , LITTLE BIRDIE",168469.6,80995,1
22423,REGENCY CAKESTAND 3 TIER,142264.75,12384,1704
85123A,WHITE HANGING HEART T-LIGHT HOLDER,100392.1,36706,1971
85099B,JUMBO BAG RED RETROSPOT,85040.54000000001,46078,1600
23166,MEDIUM CERAMIC TOP STORAGE JAR,81416.73000000001,77916,195
POST,POSTAGE,77803.96,3120,1099
47566,PARTY BUNTING,68785.23000000001,15283,1380
84879,ASSORTED COLOUR BIRD ORNAMENT,56413.03,35263,1375
M,Manual,53419.93,6939,258
23084,RABBIT NIGHT LIGHT,51251.24,27153,801
79321,CHILLI LIGHTS,46265.11,9646,519
22086,PAPER CHAIN KIT 50'S CHRISTMAS ,42584.130000000005,15591,980
22502,PICNIC BASKET WICKER 60 PIECES,39619.5,61,2
21137,BLACK RECORD COVER FRAME,39045.8,11401,313
22386,JUMBO BAG PINK POLKADOT,37254.36,20148,871
23284,DOORMAT KEEP CALM AND COME IN,35880.85,5338,648
23298,SPOTTY BUNTING,35509.55,7633,1003
82484,WOOD BLACK BOARD ANT WHITE FINISH,34414.71,5913,604
22720,SET OF 3 CAKE TINS PANTRY DESIGN ,33298.3,7010,1146
22960,JAM MAKING SET WITH JARS,32616.22,8151,879
85099F,JUMBO BAG STRAWBERRY,30569.32,16771,654
22178,VICTORIAN GLASS HANGING T-LIGHT,28735.36,22404,815
22470,HEART OF WICKER LARGE,28479.65,9577,801
22469,HEART OF WICKER SMALL,28217.089999999997,16768,961
20725,LUNCH BAG RED RETROSPOT,27868.8,17576,1288
23245,SET OF 3 REGENCY CAKE TINS,26566.280000000002,5844,718
23199,JUMBO BAG APPLES,26426.3,13875,718
22727,ALARM CLOCK BAKELIKE RED ,25868.95,7206,877
22910,PAPER CHAIN KIT VINTAGE CHRISTMAS,25639.77,9423,697
20685,DOORMAT RED RETROSPOT,25364.85,3897,576
21175,GIN + TONIC DIET METAL SIGN,24944.88,11501,655
22699,ROSES REGENCY TEACUP AND SAUCER ,24827.25,9119,783
22629,SPACEBOY LUNCH BOX ,24673.14,13908,704
23355,HOT WATER BOTTLE KEEP CALM,24302.550000000003,5313,719
23201,JUMBO BAG ALPHABET,24160.44,12533,752
22457,NATURAL SLATE HEART CHALKBOARD ,24089.170000000002,8427,967
21181,PLEASE ONE PERSON METAL SIGN,23865.820000000003,11932,694
21915,RED  HARMONICA IN BOX ,23756.43,20945,561
85099C,JUMBO  BAG BAROQUE BLACK WHITE,23630.58,12771,649
48138,DOORMAT UNION FLAG,23622.54,3614,516
22112,CHOCOLATE HOT WATER BOTTLE,23584.64,5152,700
22197,POPCORN HOLDER,23417.51,30919,632
23173,REGENCY TEAPOT ROSES ,23033.52,2662,354
22138,BAKING SET 9 PIECE RETROSPOT ,22953.100000000002,4786,854
48187,DOORMAT NEW ENGLAND,22783.8,3698,531
22189,CREAM HEART CARD HOLDER,22687.920000000002,8188,452
21623,VINTAGE UNION JACK MEMOBOARD,22679.28,3252,205
21733,RED HANGING HEART T-LIGHT HOLDER,22595.190000000002,7749,679
23243,SET OF TEA COFFEE SUGAR TINS PANTRY,22109.08,4658,385
22326,ROUND SNACK BOXES SET OF4 WOODLAND ,22101.77,8075,595
21931,JUMBO STORAGE BAG SUKI,21784.84,11513,774
48185,DOORMAT FAIRY CAKE,21171.79,3427,241
22961,JAM MAKING SET PRINTED,21147.55,15039,868
21621,VINTAGE UNION JACK BUNTING,20945.16,2538,391
23202,JUMBO BAG VINTAGE LEAF,20921.55,10695,772
22726,ALARM CLOCK BAKELIKE GREEN,20839.15,5630,789
22666,RECIPE BOX PANTRY YELLOW DESIGN,20838.620000000003,7366,828
15056N,EDWARDIAN PARASOL NATURAL,20672.91,3822,378
23203,JUMBO BAG VINTAGE DOILY ,20641.4,10620,621
22722,SET OF 6 SPICE TINS PANTRY DESIGN,20482.600000000002,5360,653
85066,CREAM SWEETHEART MINI CHEST,20448.17,1696,445
22139,RETROSPOT TEA SET CERAMIC 11 PC ,20426.23,4239,823
21166,COOK WITH WINE METAL SIGN ,20232.13,10169,602
22411,JUMBO SHOPPER VINTAGE RED PAISLEY,20116.38,10490,790
22630,DOLLY GIRL LUNCH BOX,20104.09,11323,616
22111,SCOTTIE DOG HOT WATER BOTTLE,20049.9,4248,656
82482,WOODEN PICTURE FRAME WHITE FINISH,19945.45,8256,876
48194,DOORMAT HEARTS,19924.66,3268,480
21731,RED TOADSTOOL LED NIGHT LIGHT,19831.71,12863,522
22659,LUNCH BOX I LOVE LONDON,19316.17,11075,504
21523,DOORMAT FANCY FONT HOME SWEET HOME,19149.07,3087,397
20713,JUMBO BAG OWLS,19047.02,10451,411
22090,PAPER BUNTING RETROSPOT,18785.99,6901,568
22728,ALARM CLOCK BAKELIKE PINK,18539.09,5066,613
21929,JUMBO BAG PINK VINTAGE PAISLEY,18427.9,9888,602
23206,LUNCH BAG APPLE DESIGN,18220.5,11530,866
20727,LUNCH BAG  BLACK SKULL.,17950.3,11246,1052
21843,RED RETROSPOT CAKE STAND,17918.8,1808,421
22697,GREEN REGENCY TEACUP AND SAUCER,17735.54,6406,691
23344,JUMBO BAG 50'S CHRISTMAS ,17636.04,8933,586
82494L,WOODEN FRAME ANTIQUE WHITE ,17583.77,6268,811
22328,ROUND SNACK BOXES SET OF 4 FRUITS ,17569.59,6469,458
84347,ROTATING SILVER ANGELS T-LIGHT HLDR,17554.27,7892,305
22969,HOMEMADE JAM SCENTED CANDLES,17504.2,12080,518
22467,GUMBALL COAT RACK,17488.55,7652,570
21108,FAIRY CAKE FLANNEL ASSORTED COLOUR,17291.57,10070,192
22693,GROW A FLYTRAP OR SUNFLOWER IN TIN,17226.2,15940,239
20728,LUNCH BAG CARS BLUE,17214.53,10789,966
23203,JUMBO BAG DOILEY PATTERNS,16737.1,8735,454
71477,COLOUR GLASS. STAR T-LIGHT HOLDER,16566.34,5654,221
20914,SET/5 RED RETROSPOT LID GLASS BOWLS,16537.13,5871,763
21212,PACK OF 72 RETROSPOT CAKE CASES,16381.880000000001,33670,1029
22384,LUNCH BAG PINK POLKADOT,16303.3,10226,931
22865,HAND WARMER OWL DESIGN,16113.730000000001,8056,572
15036,ASSORTED COLOURS SILK FAN,16044.44,21876,324
22492,MINI PAINT SET VINTAGE ,16039.240000000002,26076,325
21485,RETROSPOT HEART HOT WATER BOTTLE,15827.18,3326,533
22382,LUNCH BAG SPACEBOY DESIGN ,15820.15,9875,988
20712,JUMBO BAG WOODLAND ANIMALS,15511.6,8187,492
21754,HOME BUILDING BLOCK WORD,15504.51,2633,691
85152,HAND OVER THE CHOCOLATE   SIGN ,15484.51,8138,590
22114,HOT WATER BOTTLE TEA AND SYMPATHY,15386.07,3729,514
22383,LUNCH BAG SUKI DESIGN ,15332.9,9570,899
22385,JUMBO BAG SPACEBOY DESIGN,15320.75,8243,478
15056BL,EDWARDIAN PARASOL BLACK,15218.67,2779,291
84946,ANTIQUE SILVER T-LIGHT GLASS,15176.42,12949,534
22077,6 RIBBONS RUSTIC CHARM,14969.839999999998,8594,726
22698,PINK REGENCY TEACUP AND SAUCER,14663.29,5307,556
22624,IVORY KITCHEN SCALES,14638.73,1765,620
21928,JUMBO BAG SCANDINAVIAN BLUE PAISLEY,14626.73,7754,451
82483,WOOD 2 DRAWER CABINET WHITE FINISH,14573.720000000001,2324,509
20726,LUNCH BAG WOODLAND,14497.51,9091,820
22993,SET OF 4 PANTRY JELLY MOULDS,14151.42,11769,866
22197,SMALL POPCORN HOLDER,13789.369999999999,18241,403
84997D,CHILDRENS CUTLERY POLKADOT PINK,13788.300000000001,3528,323
22835,HOT WATER BOTTLE I AM SO POORLY,13685.130000000001,2939,505
84077,WORLD WAR 2 GLIDERS ASSTD DESIGNS,13558.409999999998,54319,472
48184,DOORMAT ENGLISH ROSE ,13447.1,1972,356
22084,PAPER CHAIN KIT EMPIRE,13411.550000000001,4885,374
84029E,RED WOOLLY HOTTIE WHITE HEART.,13311.26,3676,321
22847,BREAD BIN DINER STYLE IVORY,13131.89,847,341
22622,BOX OF VINTAGE ALPHABET BLOCKS,13035.66,1295,231
23200,JUMBO BAG PEARS,13034.92,6729,470
84078A,SET/4 WHITE RETRO STORAGE CUBES ,13007.150000000001,357,106
23108,SET OF 10 LED DOLLY LIGHTS,12972.73,2192,351
23313,VINTAGE CHRISTMAS BUNTING,12960.12,2748,359
23356,LOVE HOT WATER BOTTLE,12954.75,2325,449
82583,HOT BATHS METAL SIGN,12731.34,6367,385
84978,HANGING HEART JAR T-LIGHT HOLDER,12650.970000000001,10961,572
22752,SET 7 BABUSHKA NESTING BOXES,12639.79,1651,297
22558,CLOTHES PEGS RETROSPOT PACK 24 ,12525.21,8405,639
23301,GARDENERS KNEELING PAD KEEP CALM ,12463.779999999999,7722,756
22507,MEMO BOARD RETROSPOT  DESIGN,12411.02,2786,348
22188,BLACK HEART CARD HOLDER,12257.95,4843,166
20750,RED RETROSPOT MINI CASES,12208.85,1711,365
22866,HAND WARMER SCOTTY DOG DESIGN,12204.660000000002,6097,471
22171,3 HOOK PHOTO SHELF ANTIQUE WHITE,12160.08,1706,304
22113,GREY HEART HOT WATER BOTTLE,12148.9,3145,511
22551,PLASTERS IN TIN SPACEBOY,12138.599999999999,7656,579
22941,CHRISTMAS LIGHTS 10 REINDEER,12133.0,1570,253
20749,ASSORTED COLOUR MINI CASES,12107.51,1717,365
22867,HAND WARMER BIRD DESIGN,12064.630000000001,5993,474
21524,DOORMAT SPOTTY HOME SWEET HOME,12055.32,1657,405
23207,LUNCH BAG ALPHABET DESIGN,11994.41,7533,647
22083,PAPER CHAIN KIT RETROSPOT,11935.310000000001,4265,444
22379,RECYCLING BAG RETROSPOT ,11913.03,6074,407
DOT,DOTCOM POSTAGE,11906.36,16,16
22625,RED KITCHEN SCALES,11836.23,1471,449
22568,FELTCRAFT CUSHION OWL,11756.8,3277,417
22273,FELTCRAFT DOLL MOLLY,11748.24,4464,293
47590B,PINK HAPPY BIRTHDAY BUNTING,11666.35,2283,359
22554,PLASTERS IN TIN WOODLAND ANIMALS,11620.929999999998,7297,587
20971,PINK BLUE FELT CRAFT TRINKET BOX,11619.39,10217,457
23077,DOUGHNUT LIP GLOSS ,11615.7,9642,308
21977,PACK OF 60 PINK PAISLEY CAKE CASES,11611.0,24230,669
23174,REGENCY SUGAR BOWL GREEN,11567.24,2954,268
22607,WOODEN ROUNDERS GARDEN SET ,11561.34,1265,303
22149,FELTCRAFT 6 FLOWER FRIENDS,11549.59,5882,461
48188,DOORMAT WELCOME PUPPIES,11536.25,2027,252
22191,IVORY DINER WALL CLOCK,11527.7,1419,391
22427,ENAMEL FLOWER JUG CREAM,11421.130000000001,1991,441
21755,LOVE BUILDING BLOCK WORD,11398.710000000001,1923,555
82486,WOOD S/3 CABINET ANT WHITE FINISH,11343.2,1364,373
22193,RED DINER WALL CLOCK,11048.890000000001,1349,416
21232,STRAWBERRY CERAMIC TRINKET BOX,10883.02,9318,507
21930,JUMBO STORAGE BAG SKULLS,10865.83,5694,471
22501,PICNIC BASKET WICKER LARGE,10799.0,1192,257
22570,FELTCRAFT CUSHION RABBIT,10672.31,3012,324
22413,METAL SIGN TAKE IT OR LEAVE IT ,10638.45,3687,351
21790,VINTAGE SNAP CARDS,10441.47,13329,722
47566B,TEA TIME PARTY BUNTING,10430.400000000001,2288,313
21936,RED RETROSPOT PICNIC BAG,10365.76,3756,385
23209,LUNCH BAG VINTAGE DOILY ,10347.66,6438,538
22662,LUNCH BAG DOLLY GIRL DESIGN,10330.99,6527,598
23209,LUNCH BAG DOILEY PATTERN ,10323.05,6477,464
22730,ALARM CLOCK BAKELIKE IVORY,10259.36,2721,468
22087,PAPER BUNTING WHITE LACE,10243.400000000001,3772,257
85014B,RED RETROSPOT UMBRELLA,10217.720000000001,1841,303
21479,WHITE SKULL HOT WATER BOTTLE ,10215.47,2699,378
22617,BAKING SET SPACEBOY DESIGN,10210.890000000001,2153,424
23170,REGENCY TEA PLATE ROSES ,10170.99,6563,328
21340,CLASSIC METAL BIRDCAGE PLANT HOLDER,10123.16,925,260
20724,RED RETROSPOT CHARLOTTE BAG,10122.45,12805,739
47590A,BLUE HAPPY BIRTHDAY BUNTING,10096.62,1948,355
22988,SOLDIERS EGG CUP ,10070.220000000001,8757,327
21891,TRADITIONAL WOODEN SKIPPING ROPE,9998.32,7904,340
23208,LUNCH BAG VINTAGE LEAF DESIGN,9950.35,6191,597
23300,GARDENERS KNEELING PAD CUP OF TEA ,9933.689999999999,6285,635
22499,WOODEN UNION JACK BUNTING,9928.83,1734,296
84997C,CHILDRENS CUTLERY POLKADOT BLUE,9827.25,2523,211
48173C,DOORMAT BLACK FLOCK ,9797.75,1784,173
23343,JUMBO BAG VINTAGE CHRISTMAS ,9742.1,4905,385
21080,SET/20 RED RETROSPOT PAPER NAPKINS ,9649.99,12305,732
23076,ICE CREAM SUNDAE LIP GLOSS,9638.16,7896,248
22569,FELTCRAFT CUSHION BUTTERFLY,9632.98,2692,294
22690,DOORMAT HOME SWEET HOME BLUE ,9619.99,1595,261
84997B,CHILDRENS CUTLERY RETROSPOT RED ,9603.68,2492,229
22846,BREAD BIN DINER STYLE RED ,9597.31,626,249
22556,PLASTERS IN TIN CIRCUS PARADE ,9588.71,5947,521
22970,LONDON BUS COFFEE MUG,9582.15,4213,276
82600,NO SINGING METAL SIGN,9571.5,4635,384
84755,COLOUR GLASS T-LIGHT HOLDER HANGING,9566.51,15563,529
22605,WOODEN CROQUET GARDEN SET,9555.98,709,240
22633,HAND WARMER UNION JACK,9516.960000000001,4730,441
22692,DOORMAT WELCOME TO OUR HOME,9451.58,1376,338
22555,PLASTERS IN TIN STRONGMAN,9444.14,5874,449
21430,SET/3 RED GINGHAM ROSE STORAGE BOX,9401.82,2698,319
85048,15CM CHRISTMAS GLASS BALL 20 LIGHTS,9374.7,1266,214
84029G,KNITTED UNION FLAG HOT WATER BOTTLE,9313.17,2465,319
22621,TRADITIONAL KNITTING NANCY,9294.57,5893,509
22560,TRADITIONAL MODELLING CLAY,9281.47,7990,336
22766,PHOTO FRAME CORNICE,9277.28,3176,454
84947,ANTIQUE SILVER TEA GLASS ENGRAVED,9271.84,8219,278
23240,SET OF 4 KNICK KNACK TINS DOILY ,9237.300000000001,2286,312
21914,BLUE HARMONICA IN BOX ,9218.88,7431,517
21481,FAWN BLUE HOT WATER BOTTLE,9196.050000000001,2919,379
23171,REGENCY TEA PLATE GREEN ,9184.9,5966,270
22978,PANTRY ROLLING PIN,9180.529999999999,2406,197
21217,RED RETROSPOT ROUND CAKE TINS,9178.3,974,257
22561,WOODEN SCHOOL COLOURING SET,9064.619999999999,5690,395
20679,EDWARDIAN PARASOL RED,9055.87,1630,270
23175,REGENCY MILK JUG PINK ,8995.0,3062,272
22992,REVOLVER WOODEN RULER ,8944.439999999999,4914,285
22838,3 TIER CAKE TIN RED AND CREAM,8737.78,652,136
21559,STRAWBERRY LUNCH BOX WITH CUTLERY,8721.89,3711,426
85150,LADIES & GENTLEMEN METAL SIGN,8696.58,3898,367
84375,SET OF 20 KIDS COOKIE CUTTERS,8676.27,4139,416
20972,PINK CREAM FELT CRAFT TRINKET BOX ,8617.24,7106,535
22966,GINGERBREAD MAN COOKIE CUTTER,8615.130000000001,7196,554
84991,60 TEATIME FAIRY CAKE CASES,8604.62,17664,657
22619,SET OF 6 SOLDIER SKITTLES,8571.25,2370,340
82582,AREA PATROLLED METAL SIGN,8548.02,4288,374
22632,HAND WARMER RED RETROSPOT,8513.52,4268,341
23582,VINTAGE DOILY JUMBO BAG RED ,8508.220000000001,4434,234
21791,VINTAGE HEADS AND TAILS CARD GAME ,8500.16,7118,485
23581,JUMBO BAG PAISLEY PARK,8498.04,4358,302
22424,ENAMEL BREAD BIN CREAM,8493.5,711,326
22041,"RECORD FRAME 7"" SINGLE SIZE ",8450.82,3812,196
22169,FAMILY ALBUM WHITE PICTURE FRAME,8408.14,1074,286
22776,SWEETHEART CAKESTAND 3 TIER,8366.65,891,326
21174,POTTERING IN THE SHED METAL SIGN,8364.64,3922,371
23318,BOX OF 6 MINI VINTAGE CRACKERS,8345.43,3645,329
21216,"SET 3 RETROSPOT TEA,COFFEE,SUGAR",8330.12,1836,241
22989,SET 2 PANTRY DESIGN TEA TOWELS,8310.17,2693,311
22147,FELTCRAFT BUTTERFLY HEARTS,8308.75,6123,436
22791,T-LIGHT GLASS FLUTED ANTIQUE,8288.890000000001,7264,260
22759,SET OF 3 NOTEBOOKS IN PARCEL,8267.25,5197,319
84945,MULTI COLOUR SILVER T-LIGHT HOLDER,8259.25,10267,306
23319,BOX OF 6 MINI 50'S CRACKERS,8169.4800000000005,3520,365
71459,HANGING JAM JAR T-LIGHT HOLDER,8164.12,10528,310
23322,LARGE WHITE HEART OF WICKER,8137.500000000001,2892,511
22655,VINTAGE RED KITCHEN CABINET,8125.0,60,38
23082,SET 6 PAPER TABLE LANTERN HEARTS ,8110.68,2260,263
23078,ICE CREAM PEN LIP GLOSS ,8077.31,6607,213
48116,DOORMAT MULTICOLOUR STRIPE,8045.2699999999995,1418,141
22734,SET OF 6 RIBBONS VINTAGE CHRISTMAS,8040.27,2839,329
22749,FELTCRAFT PRINCESS CHARLOTTE DOLL,8022.76,2210,401
22158,3 HEARTS HANGING DECORATION RUSTIC,8013.71,2845,261
22729,ALARM CLOCK BAKELIKE ORANGE,7984.38,2179,359
23256,CHILDRENS CUTLERY SPACEBOY ,7966.080000000001,1980,316
21210,SET OF 72 RETROSPOT PAPER  DOILIES,7943.0199999999995,5677,365
23080,RED METAL BOX TOP SECRET,7920.78,998,221
22667,RECIPE BOX RETROSPOT ,7896.85,2851,441
21121,SET/10 RED POLKADOT PARTY CANDLES,7794.18,6498,336
22652,TRAVEL SEWING KIT,7779.11,4859,394
72741,GRAND CHOCOLATECANDLE,7758.95,5783,249
22502,PICNIC BASKET WICKER SMALL,7728.85,1424,232
84378,SET OF 3 HEART COOKIE CUTTERS,7719.34,6001,521
20711,JUMBO BAG TOYS ,7689.28,4198,245
22940,FELTCRAFT CHRISTMAS FAIRY,7658.93,1881,302
22768,FAMILY PHOTO FRAME CORNICE,7636.889999999999,836,233
35970,ZINC FOLKART SLEIGH BELLS,7631.31,4627,339
23439,HAND WARMER RED LOVE HEART,7574.1,3721,371
22192,BLUE DINER WALL CLOCK,7528.93,907,338
23328,SET 6 SCHOOL MILK BOTTLES IN CRATE,7495.29,2063,281
21136,PAINTED METAL PEARS ASSORTED,7454.22,4454,352
22952,60 CAKE CASES VINTAGE CHRISTMAS,7405.200000000001,14712,466
21314,SMALL GLASS HEART TRINKET POT,7399.960000000001,3664,342
22557,PLASTERS IN TIN VINTAGE PAISLEY ,7331.839999999999,4564,480
21770,OPEN CLOSED METAL SIGN,7296.51,1574,341
20719,WOODLAND CHARLOTTE BAG,7261.94,9219,531
22616,PACK OF 12 LONDON TISSUES ,7261.7699999999995,25329,382
21908,CHOCOLATE THIS WAY METAL SIGN,7204.320000000001,3633,374
21889,WOODEN BOX OF DOMINOES,7200.95,5766,449
22900, SET 2 TEA TOWELS I LOVE LONDON ,7190.95,2621,192
84949,SILVER HANGING T-LIGHT HOLDER,7173.449999999999,4653,250
22585,PACK OF 6 BIRDY GIFT TAGS,7135.95,6051,319
23240,SET OF 4 KNICK KNACK TINS DOILEY ,7132.700000000001,1802,172
84406B,CREAM CUPID HEARTS COAT HANGER,7121.2300000000005,1917,241
23238,SET OF 4 KNICK KNACK TINS LONDON ,7116.650000000001,1775,233
22355,CHARLOTTE BAG SUKI DESIGN,7114.85,8947,585
22144,CHRISTMAS CRAFT LITTLE FRIENDS,7109.200000000001,3459,421
84836,ZINC METAL HEART DECORATION,7099.93,5750,476
22750,FELTCRAFT PRINCESS LOLA DOLL,7095.69,1945,378
22795,SWEETHEART RECIPE BOOK STAND,7077.900000000001,1098,287
21218,RED SPOTTY BISCUIT TIN,7071.2,2058,203
23007, SPACEBOY BABY GIFT SET,7048.549999999999,449,142
22741,FUNKY DIVA PEN,7010.94,8328,155
22950,36 DOILIES VINTAGE CHRISTMAS,7004.799999999999,5152,160
21787,RAIN PONCHO RETROSPOT,6962.08,8752,180
23215,JINGLE BELL HEART ANTIQUE SILVER,6955.8,3544,197
22767,TRIPLE PHOTO FRAME CORNICE ,6932.83,761,208
23320,GIANT 50'S CHRISTMAS CRACKER,6907.52,2628,310
21231,SWEETHEART CERAMIC TRINKET BOX,6864.610000000001,5748,381
21213,PACK OF 72 SKULL CAKE CASES,6855.46,14302,499
22991,GIRAFFE WOODEN RULER,6816.84,3708,234
22456,NATURAL SLATE CHALKBOARD LARGE ,6813.400000000001,1448,303
84970S,HANGING HEART ZINC T-LIGHT HOLDER,6808.49,8444,412
21035,SET/2 RED RETROSPOT TEA TOWELS ,6807.01,2315,219
22771,CLEAR DRAWER KNOB ACRYLIC EDWARDIAN,6803.17,5657,321
23321,SMALL WHITE HEART OF WICKER,6798.099999999999,4262,582
22487,WHITE WOOD GARDEN PLANT LADDER,6768.86,723,379
22844,VINTAGE CREAM DOG FOOD CONTAINER,6753.85,823,292
22333,RETROSPOT PARTY BAG + STICKER SET,6745.929999999999,4389,267
21169,YOU'RE CONFUSING ME METAL SIGN ,6743.98,4270,342
23493,VINTAGE DOILY TRAVEL SEWING KIT,6736.2,3516,349
23083,SET 6 PAPER TABLE LANTERN STARS ,6735.88,1859,209
20969,RED FLORAL FELTCRAFT SHOULDER BAG,6726.81,1874,257
84380,SET OF 3 BUTTERFLY COOKIE CUTTERS,6711.0,5287,498
22352,LUNCH BOX WITH CUTLERY RETROSPOT ,6705.04,2848,324
21877,HOME SWEET HOME MUG,6698.56,5340,293
48111,DOORMAT 3 SMILEY CATS,6690.8,1104,174
C2,CARRIAGE,6686.0,134,133
23297,SET 40 HEART SHAPE PETIT FOUR CASES,6677.0,4260,140
22634,CHILDS BREAKFAST SET SPACEBOY ,6652.0,728,203
21955,DOORMAT UNION JACK GUNS AND ROSES,6619.41,1157,155
84997A,CHILDRENS CUTLERY POLKADOT GREEN ,6599.06,1688,166
22840,ROUND CAKE TIN VINTAGE RED,6576.88,888,250
22294,HEART FILIGREE DOVE  SMALL,6574.82,5362,246
22627,MINT KITCHEN SCALES,6574.29,789,304
22968,ROSE COTTAGE KEEPSAKE BOX ,6565.0,728,144
22367,CHILDRENS APRON SPACEBOY DESIGN,6560.79,3537,448
22725,ALARM CLOCK BAKELIKE CHOCOLATE,6559.26,1772,322
23008,DOLLY GIRL BABY GIFT SET,6534.049999999999,419,120
23254,CHILDRENS CUTLERY DOLLY GIRL ,6525.55,1621,268
22909,SET OF 20 VINTAGE CHRISTMAS NAPKINS,6520.91,8111,489
22553,PLASTERS IN TIN SKULLS,6461.249999999999,4033,440
23293,SET OF 12 FAIRY CAKE BAKING CASES,6457.0,8228,465
23134,LARGE ZINC HEART WALL ORGANISER,6414.48,1064,37
21259,VICTORIAN SEWING BOX SMALL ,6402.360000000001,1123,237
21165,BEWARE OF THE CAT METAL SIGN ,6401.93,4025,359
22170,PICTURE FRAME WOOD TRIPLE PORTRAIT,6378.150000000001,1023,225
85014A,BLACK/BLUE POLKADOT UMBRELLA,6361.990000000001,1132,256
21122,SET/10 PINK POLKADOT PARTY CANDLES,6346.08,5251,304
22637,PIGGY BANK RETROSPOT ,6298.37,2615,262
22505,MEMO BOARD COTTAGE DESIGN,6286.39,1361,262
22173,METAL 4 HOOK HANGER FRENCH CHATEAU,6267.39,2149,337
84992,72 SWEETHEART FAIRY CAKE CASES,6252.35,13029,501
23553,LANDMARK FRAME CAMDEN TOWN ,6244.85,557,62
21669,BLUE STRIPE CERAMIC DRAWER KNOB,6239.4,4936,351
22381,TOY TIDY PINK POLKADOT,6225.38,3167,289
21533,RETROSPOT LARGE MILK JUG,6217.650000000001,1307,310
22826,LOVE SEAT ANTIQUE WHITE METAL,6210.0,58,41
21668,RED STRIPE CERAMIC DRAWER KNOB,6177.53,5001,333
23382,BOX OF 6 CHRISTMAS CAKE DECORATIONS,6155.04,1712,163
21871,SAVE THE PLANET MUG,6150.13,5264,270
23229,VINTAGE DONKEY TAIL GAME ,6146.89,1750,215
82486,3 DRAWER ANTIQUE WHITE WOOD CABINET,6124.13,707,186
23480,MINI LIGHTS WOODLAND MUSHROOMS,6118.59,1718,173
22834,HAND WARMER BABUSHKA DESIGN,6118.43,4604,288
22631,CIRCUS PARADE LUNCH BOX ,6114.83,3371,256
22303,COFFEE MUG APPLES DESIGN,6108.85,2764,229
23541,WALL ART CLASSIC PUDDINGS ,6093.49,821,118
75049L,LARGE CIRCULAR MIRROR MOBILE,6092.049999999999,6809,118
23103,JINGLE BELL HEART DECORATION,6055.949999999999,3679,307
22635,CHILDS BREAKFAST SET DOLLY GIRL ,6053.049999999999,656,180
21326,AGED GLASS SILVER T-LIGHT HOLDER,6052.0,10040,277
47556B,TEA TIME TEA TOWELS ,6045.0,2600,2
22663,JUMBO BAG DOLLY GIRL DESIGN,6006.33,3096,317
23307,SET OF 60 PANTRY DESIGN CAKE CASES ,5974.39,11661,504
17003,BROCADE RING PURSE ,5969.61,22927,206
22654,DELUXE SEWING KIT ,5968.67,1057,222
22620,4 TRADITIONAL SPINNING TOPS,5952.83,4486,364
22943,CHRISTMAS LIGHTS 10 VINTAGE BAUBLES,5939.280000000001,1274,159
22783,SET 3 WICKER OVAL BASKETS W LIDS,5922.12,462,32
22508,DOORSTOP RETROSPOT HEART,5919.46,1511,236
21975,PACK OF 60 DINOSAUR CAKE CASES,5919.280000000001,12106,529
22151,PLACE SETTING WHITE HEART,5912.19,14853,289
21380,WOODEN HAPPY BIRTHDAY GARLAND,5901.3,2090,232
21155,RED RETROSPOT PEG BAG,5874.95,2458,354
22900,SET 2 TEA TOWELS I LOVE LONDON ,5839.75,1947,176
22895,SET OF 2 TEA TOWELS APPLE AND PEARS,5839.59,1975,238
22356,CHARLOTTE BAG PINK POLKADOT,5838.09,7303,487
47591D,PINK FAIRY CAKE CHILDRENS APRON,5815.5599999999995,3140,397
21535,RED RETROSPOT SMALL MILK JUG,5804.7,2450,310
23172,REGENCY TEA PLATE PINK,5793.28,3688,224
22979,PANTRY WASHING UP BRUSH,5785.71,3913,304
21484,CHICK GREY HOT WATER BOTTLE,5770.27,1545,282
22779,WOODEN OWLS LIGHT GARLAND ,5768.6,1532,147
23247,BISCUIT TIN 50'S CHRISTMAS,5760.52,2048,271
22804,CANDLEHOLDER PINK HANGING HEART,5739.33,2035,343
84030E,ENGLISH ROSE HOT WATER BOTTLE,5729.66,1414,277
23485,BOTANICAL GARDENS WALL CLOCK ,5719.0,259,80
21888,BINGO SET,5718.21,1551,280
23113,PANTRY CHOPPING BOARD,5695.86,1138,43
71053,WHITE METAL LANTERN,5694.28,1586,238
62018,SOMBRERO ,5691.5,4402,59
23296,SET OF 6 TEA TIME BAKING CASES,5684.650000000001,4877,319
22784,LANTERN CREAM GAZEBO ,5676.87,1205,259
21922,UNION STRIPE WITH FRINGE  HAMMOCK,5674.14,758,167
84970L,SINGLE HEART ZINC T-LIGHT HOLDER,5663.53,5699,336
22485,SET OF 2 WOODEN MARKET CRATES,5652.9,462,165
48129,DOORMAT TOPIARY,5644.46,880,182
23204,CHARLOTTE BAG APPLES DESIGN,5632.15,7039,425
22971,QUEENS GUARD COFFEE MUG,5603.57,2365,233
21156,RETROSPOT CHILDRENS APRON,5585.92,3038,292
21672,WHITE SPOT RED CERAMIC DRAWER KNOB,5578.14,4534,307
84988,SET OF 72 PINK HEART PAPER DOILIES,5565.23,3953,307
23311,VINTAGE CHRISTMAS STOCKING ,5564.25,2199,281
84997B,RED 3 PIECE RETROSPOT CUTLERY SET,5555.13,1543,97
23312,VINTAGE CHRISTMAS GIFT SACK,5523.0,1364,193
20723,STRAWBERRY CHARLOTTE BAG,5516.7,6842,492
21912,VINTAGE SNAKES & LADDERS,5508.53,1571,268
21094,SET/6 RED SPOTTY PAPER PLATES,5496.53,7351,325
22740,POLKADOT PEN,5475.25,6625,107
22150,3 STRIPEY MICE FELTCRAFT,5460.5,2914,402
22751,FELTCRAFT PRINCESS OLIVIA DOLL,5434.85,1511,251
22668,PINK BABY BUNTING,5415.66,1954,204
22827,RUSTIC  SEVENTEEN DRAWER SIDEBOARD,5415.0,35,26
23118,PARISIENNE JEWELLERY DRAWER ,5399.02,765,225
23135,SMALL ZINC HEART WALL ORGANISER,5378.8,1538,42
22796,PHOTO FRAME 3 CLASSIC HANGING,5357.549999999999,552,212
23169,CLASSIC GLASS COOKIE JAR,5350.200000000001,1332,248
22946,WOODEN ADVENT CALENDAR CREAM,5323.05,369,89
23531,WALL ART BIG LOVE ,5319.36,960,97
23583,LUNCH BAG PAISLEY PARK  ,5251.25,3305,298
22349,DOG BOWL CHASING BALL DESIGN,5220.429999999999,1339,114
22418,10 COLOUR SPACEBOY PEN,5209.17,6267,242
23192,BUNDLE OF 3 ALPHABET EXERCISE BOOKS,5197.169999999999,3269,312
23133,LARGE IVORY HEART WALL ORGANISER,5142.91,759,134
23158,SET OF 5 LUCKY CAT MAGNETS ,5117.32,2536,187
20718,RED RETROSPOT SHOPPER BAG,5106.56,4257,384
37449,CERAMIC CAKE STAND + HANGING CAKES,5074.83,561,152
22904,CALENDAR PAPER CUT DESIGN,5060.84,1764,234
22947,WOODEN ADVENT CALENDAR RED,5047.6,536,104
23157,SET OF 6 NATIVITY MAGNETS ,5031.55,2770,146
23177,TREASURE ISLAND BOOK BOX,5029.8,2428,214
22964,3 PIECE SPACEBOY COOKIE CUTTER SET,5026.240000000001,2510,296
22623,BOX OF VINTAGE JIGSAW BLOCKS ,5019.67,918,219
22780,LIGHT GARLAND BUTTERFILES PINK,5018.84,1340,130
21671,RED SPOT CERAMIC DRAWER KNOB,5018.65,4061,279
22141,CHRISTMAS CRAFT TREE TOP ANGEL,5015.080000000001,2443,348
21258,VICTORIAN SEWING BOX LARGE,5014.23,425,106
84997D,PINK 3 PIECE POLKADOT CUTLERY SET,5010.400000000001,1392,101
23132,SMALL IVORY HEART WALL ORGANISER,4989.08,1008,141
22109,FULL ENGLISH BREAKFAST PLATE,4985.55,1381,158
20676,RED RETROSPOT BOWL,4980.7300000000005,4310,298
22584,PACK OF 6 PANNETONE GIFT BOXES,4975.03,2012,139
21670,BLUE SPOT CERAMIC DRAWER KNOB,4971.22,3962,289
21844,RED RETROSPOT MUG,4969.150000000001,1813,134
22296,HEART IVORY TRELLIS LARGE,4962.429999999999,3039,270
22302,COFFEE MUG PEARS  DESIGN,4957.3,2287,190
22907,PACK OF 20 NAPKINS PANTRY DESIGN,4954.42,6088,533
21673,WHITE SPOT BLUE CERAMIC DRAWER KNOB,4929.95,3971,276
22839,3 TIER CAKE TIN GREEN AND CREAM,4924.66,362,136
23154,SET OF 4 JAM JAR MAGNETS,4922.01,2441,214
22429,ENAMEL MEASURING JUG CREAM,4916.04,1184,315
23556,LANDMARK FRAME COVENT GARDEN ,4912.05,435,52
23310,BUBBLEGUM RING ASSORTED,4894.83,11891,213
22366,DOORMAT AIRMAIL ,4887.82,722,156
22957,SET 3 PAPER VINTAGE CHICK PAPER EGG,4872.3,1746,196
84212,"ASSORTED FLOWER COLOUR ""LEIS""",4871.45,10297,103
22365,DOORMAT RESPECTABLE HOUSE,4865.19,729,126
21242,RED RETROSPOT PLATE ,4855.91,3071,222
23543,WALL ART KEEP CALM ,4853.5,958,74
21164,HOME SWEET HOME METAL SIGN ,4844.72,1712,246
22120,WELCOME  WOODEN BLOCK LETTERS,4826.67,502,167
22595,GINGHAM HEART DECORATION,4817.33,5951,331
23109,PACK OF SIX LED TEA LIGHTS,4808.55,1715,174
23126,FELTCRAFT GIRL AMELIE KIT,4799.38,982,255
21124,SET/10 BLUE POLKADOT PARTY CANDLES,4793.34,3966,227
23263,SET OF 3 WOODEN HEART DECORATIONS,4791.58,3717,389
22464,HANGING METAL HEART LANTERN,4789.709999999999,3183,278
23162,REGENCY TEA STRAINER,4789.24,1362,142
22580,ADVENT CALENDAR GINGHAM SACK,4775.780000000001,838,167
21907,I'M ON HOLIDAY METAL SIGN,4757.35,2292,329
22646,CERAMIC STRAWBERRY CAKE MONEY BANK,4745.3099999999995,3919,279
23555,LANDMARK FRAME NOTTING HILL ,4730.65,419,48
23554,LANDMARK FRAME OXFORD STREET,4730.65,419,54
22207,FRYING PAN UNION FLAG,4727.11,1199,113
22297,HEART IVORY TRELLIS SMALL,4706.28,3856,221
22271,FELTCRAFT DOLL ROSIE,4702.120000000001,1648,256
21172,PARTY METAL SIGN ,4701.0199999999995,3330,371
23052,RECYCLED ACAPULCO MAT TURQUOISE,4694.75,571,221
22798,ANTIQUE GLASS DRESSING TABLE POT,4684.06,1642,188
22088,PAPER BUNTING COLOURED LACE,4683.1,1698,169
23295,SET OF 12 MINI LOAF BAKING CASES,4670.63,5957,359
22636,CHILDS BREAKFAST SET CIRCUS PARADE,4656.3,566,182
21756,BATH BUILDING BLOCK WORD,4644.530000000001,778,242
22998,TRAVEL CARD WALLET KEEP CALM,4641.32,11645,437
23314,VINTAGE CHRISTMAS TABLECLOTH,4638.52,391,104
22488,NATURAL SLATE RECTANGLE CHALKBOARD,4635.259999999999,2910,309
23165,LARGE CERAMIC TOP STORAGE JAR,4617.9,2950,220
22849,BREAD BIN DINER STYLE MINT,4612.66,302,118
21558,SKULL LUNCH BOX WITH CUTLERY ,4609.5,1940,265
23558,LANDMARK FRAME LONDON BRIDGE ,4604.2,410,47
22243,5 HOOK HANGER RED MAGIC TOADSTOOL,4595.099999999999,3054,108
22848,BREAD BIN DINER STYLE PINK,4581.4,301,111
23234,BISCUIT TIN VINTAGE CHRISTMAS,4567.38,1848,233
23159,SET OF 5 PANCAKE DAY MAGNETS,4562.7300000000005,2255,195
21390,FILIGRIS HEART WITH BUTTERFLY,4540.38,3778,174
23286,BLUE VINTAGE SPOT BEAKER,4528.29,4901,164
23569,TRADTIONAL ALPHABET STAMP SET,4497.3,926,174
47599A,PINK PARTY BAGS,4481.62,2409,144
22301,COFFEE MUG CAT + BIRD DESIGN,4478.34,2098,181
82552,WASHROOM METAL SIGN,4456.57,2918,292
23010,CIRCUS PARADE BABY GIFT SET,4444.75,285,89
22837,HOT WATER BOTTLE BABUSHKA ,4437.35,983,133
21937,STRAWBERRY   PICNIC BAG,4430.5,1590,206
21539,RED RETROSPOT BUTTER DISH,4414.8,936,211
22295,HEART FILIGREE DOVE LARGE,4390.469999999999,2719,212
23285,PINK VINTAGE SPOT BEAKER,4384.83,4679,132
23176,ABC TREASURE BOOK BOX ,4373.26,2088,186
84050,PINK HEART SHAPE EGG FRYING PAN,4370.78,3134,200
21932,SCANDINAVIAN PAISLEY PICNIC BAG,4357.06,2463,319
22938,CUPCAKE LACE PAPER SET 6,4355.33,2321,170
23198,PANTRY MAGNETIC  SHOPPING LIST,4341.19,3063,374
22689,DOORMAT MERRY CHRISTMAS RED ,4340.44,614,112
16014,SMALL CHINESE STYLE SCISSOR,4335.76,13328,54
22142,CHRISTMAS CRAFT WHITE FAIRY ,4334.94,3070,321
21498,RED RETROSPOT WRAP ,4310.24,10522,335
22606,WOODEN SKITTLES GARDEN SET,4304.849999999999,303,132
23275,SET OF 3 HANGING OWLS OLLIE BEAK,4291.17,3613,270
21933,PINK VINTAGE PAISLEY PICNIC BAG,4289.26,2406,283
21833,CAMOUFLAGE LED TORCH,4278.12,2628,120
82001S,VINYL RECORD FRAME SILVER,4275.22,1236,86
23288,GREEN VINTAGE SPOT BEAKER,4261.889999999999,4505,134
21428,SET3 BOOK BOX GREEN GINGHAM FLOWER ,4259.3,1098,182
23503,PLAYING CARDS KEEP CALM & CARRY ON,4242.96,3432,327
15056P,EDWARDIAN PARASOL PINK,4242.26,767,135
22549,PICTURE DOMINOES,4235.59,2991,244
20974,12 PENCILS SMALL TUBE SKULL,4230.55,6727,291
82551,LAUNDRY 15C METAL SIGN,4229.719999999999,2791,253
20979,36 PENCILS TUBE RED RETROSPOT,4227.26,3518,230
84997C,BLUE 3 PIECE POLKADOT CUTLERY SET,4213.34,1170,97
23530,WALL ART ONLY ONE PERSON ,4211.55,1031,73
22845,VINTAGE CREAM CAT FOOD CONTAINER,4201.74,703,235
23494,VINTAGE DOILY DELUXE SEWING KIT ,4194.900000000001,722,176
23167,SMALL CERAMIC TOP STORAGE JAR ,4184.179999999999,5666,177
22082,RIBBON REEL STRIPES DESIGN ,4154.33,2525,334
23389,SPACEBOY MINI BACKPACK,4134.5,1030,201
22626,BLACK KITCHEN SCALES,4134.03,501,183
22417,PACK OF 60 SPACEBOY CAKE CASES,4128.39,8097,407
23404,HOME SWEET HOME BLACKBOARD,4108.58,969,136
22942,CHRISTMAS LIGHTS 10 SANTAS ,4100.25,580,131
22898,CHILDRENS APRON APPLES DESIGN,4097.45,2189,277
20975,12 PENCILS SMALL TUBE RED RETROSPOT,4096.650000000001,6393,307
84987,SET OF 36 TEATIME PAPER DOILIES,4075.7799999999997,2926,240
23397,FOOT STOOL HOME SWEET HOME ,4069.9,434,176
23241,TREASURE TIN GYMKHANA DESIGN,4060.0,2005,284
21876,POTTERING MUG,4049.61,3541,197
84946,ANTIQUE SILVER TEA GLASS ETCHED,4016.75,3487,143
22661,CHARLOTTE BAG DOLLY GIRL DESIGN,4011.19,5065,343
21086,SET/6 RED SPOTTY PAPER CUPS,3999.09,6573,285
22174,PHOTO CUBE,3997.91,2667,169
22899,CHILDREN'S APRON DOLLY GIRL ,3984.78,1982,260
20970,PINK FLORAL FELTCRAFT SHOULDER BAG,3979.88,1080,230
23163,REGENCY SUGAR TONGS,3949.7000000000003,1714,134
22721,SET OF 3 CAKE TINS SKETCHBOOK,3942.82,908,246
23129,HEART SHAPED HOLLY WREATH,3933.1800000000003,942,165
22748,POPPY'S PLAYHOUSE KITCHEN,3916.9100000000003,1887,346
22781,GUMBALL MAGAZINE RACK,3909.1400000000003,532,160
22841,ROUND CAKE TIN VINTAGE GREEN,3887.53,516,200
23144,ZINC T-LIGHT HOLDER STARS SMALL,3879.9799999999996,4894,237
23340,VINTAGE CHRISTMAS CAKE FRILL,3879.45,2453,122
23486,ANTIQUE HEART SHELF UNIT,3879.15,267,68
23557,LANDMARK FRAME BAKER STREET ,3867.85,347,29
22813,PACK 3 BOXES BIRD PANNETONE ,3862.9999999999995,2088,140
21704,BAG 250g SWIRLY MARBLES,3856.3799999999997,5004,197
72351B,SET/6 PINK  BUTTERFLY T-LIGHTS,3856.04,2058,156
22061,LARGE CAKE STAND  HANGING STRAWBERY,3854.68,564,129
23255,CHILDRENS CUTLERY CIRCUS PARADE,3852.44,962,143
22772,PINK DRAWER KNOB ACRYLIC EDWARDIAN,3831.72,3269,170
22956,36 FOIL HEART CAKE CASES,3814.3700000000003,1998,170
22550,HOLIDAY FUN LUDO,3810.71,1102,176
22117,METAL SIGN HER DINNER IS SERVED ,3802.5,1290,72
23205,CHARLOTTE BAG VINTAGE ALPHABET ,3784.52,4750,323
23283,DOORMAT VINTAGE LEAF,3766.57,541,121
23012,GLASS APOTHECARY BOTTLE PERFUME,3763.6400000000003,1014,198
23050,RECYCLED ACAPULCO MAT GREEN,3763.55,459,176
23306,SET OF 36 DOILIES PANTRY DESIGN,3761.9199999999996,2653,195
22489,PACK OF 12 TRADITIONAL CRAYONS,3754.47,9313,318
23193,BUFFALO BILL TREASURE BOOK BOX,3750.57,1847,137
21154,RED RETROSPOT OVEN GLOVE ,3750.38,3186,262
23184,BULL DOG BOTTLE OPENER,3749.5,778,197
23534,WALL ART STOP FOR TEA ,3748.1800000000003,688,153
22493,PAINT YOUR OWN CANVAS SET,3737.2799999999997,2352,176
22951,60 CAKE CASES DOLLY GIRL DESIGN,3735.61,7211,354
21257,VICTORIAN SEWING BOX MEDIUM,3727.44,488,152
21874,GIN AND TONIC MUG,3715.6099999999997,2845,194
22274,FELTCRAFT DOLL EMILY,3711.5000000000005,1294,231
23309,SET OF 60 I LOVE LONDON CAKE CASES ,3697.7000000000003,7670,294
23351,ROLL WRAP 50'S CHRISTMAS,3694.02,3054,271
22723,SET OF 6 HERB TINS SKETCHBOOK,3686.1400000000003,1054,235
22656,VINTAGE BLUE KITCHEN CABINET,3685.0,26,20
22431,WATERING CAN BLUE ELEPHANT,3682.7499999999995,1979,275
23110,PARISIENNE KEY CABINET ,3673.7,662,219
22745,POPPY'S PLAYHOUSE BEDROOM ,3673.15,1780,316
72760B,VINTAGE CREAM 3 BASKET CAKE STAND,3667.2299999999996,385,135
21098,CHRISTMAS TOILET ROLL,3665.05,3164,163
22980,PANTRY SCRUBBING BRUSH,3656.9399999999996,2286,242
21892,TRADITIONAL WOODEN CATCH CUP GAME ,3651.75,2910,295
21749,LARGE RED RETROSPOT WINDMILL,3645.0000000000005,1900,107
20677,PINK POLKADOT BOWL,3640.0800000000004,3157,220
22649,STRAWBERRY FAIRY CAKE TEAPOT,3638.9,748,160
20682,RED RETROSPOT CHILDRENS UMBRELLA,3629.66,1140,182
22236,CAKE STAND 3 TIER MAGIC GARDEN,3624.5999999999995,308,88
23064,CINDERELLA CHANDELIER ,3617.6000000000004,220,22
22842,BISCUIT TIN VINTAGE RED,3609.8,572,146
22628,PICNIC BOXES SET OF 3 RETROSPOT ,3607.3,774,118
85049A,TRADITIONAL CHRISTMAS RIBBONS,3602.8,2903,266
22053,EMPIRE DESIGN ROSETTE,3596.4199999999996,4236,26
22350,ILLUSTRATED CAT BOWL ,3586.3199999999997,1356,88
23049,RECYCLED ACAPULCO MAT RED,3572.75,435,169
23092,LARGE ANTIQUE WHITE PHOTO FRAME,3568.26,507,125
22854,CREAM SWEETHEART EGG HOLDER,3547.3,750,147
23299,FOOD COVER WITH BEADS SET 2 ,3545.17,977,121
22596,CHRISTMAS STAR WISH LIST CHALKBOARD,3535.2,3264,234
21260,FIRST AID TIN,3530.35,1129,148
21746,SMALL RED RETROSPOT WINDMILL,3521.7000000000003,2974,185
21527,RED RETROSPOT TRADITIONAL TEAPOT ,3508.8,464,133
23236,STORAGE TIN VINTAGE DOILY ,3502.15,1235,158
23089,GLASS BON BON JAR,3495.2699999999995,2135,134
85049E,SCANDINAVIAN REDS RIBBONS,3492.2,2741,335
22809,SET OF 6 T-LIGHTS SANTA,3476.36,1184,173
71477,COLOURED GLASS STAR T-LIGHT HOLDER,3474.88,996,42
23081,GREEN METAL BOX ARMY SUPPLIES,3474.39,437,111
84792,ENCHANTED BIRD COATHANGER 5 HOOK,3470.5400000000004,774,190
22371,AIRLINE BAG VINTAGE TOKYO 78,3468.63,825,247
23111,PARISIENNE SEWING BOX,3464.8,296,124
23349,ROLL WRAP VINTAGE CHRISTMAS,3450.39,2847,246
21531,RED RETROSPOT SUGAR JAM BOWL,3448.95,1469,206
84508A,CAMOUFLAGE DESIGN TEDDY,3445.5000000000005,1630,35
22890,NOVELTY BISCUITS CAKE STAND 3 TIER,3445.4199999999996,360,143
21588,RETROSPOT GIANT TUBE MATCHES,3442.5,1494,132
22688,DOORMAT PEACE ON EARTH BLUE,3442.04,700,27
23085,ANTIQUE SILVER BAUBLE LAMP  ,3437.7000000000003,369,72
23112,PARISIENNE CURIO CABINET,3437.3,471,183
23130,MISTLETOE HEART WREATH GREEN,3435.6200000000003,838,162
21703,BAG 125g SWIRLY MARBLES,3431.35,9272,243
23497,CLASSIC CHROME BICYCLE BELL ,3431.35,2451,170
21928,JUMBO BAG SCANDINAVIAN PAISLEY,3426.75,1945,91
22665,RECIPE BOX BLUE SKETCHBOOK DESIGN,3422.0600000000004,1218,231
23194,GYMKHANA TREASURE BOOK BOX,3417.83,1630,156
22577,WOODEN HEART CHRISTMAS SCANDINAVIAN,3415.8999999999996,9782,463
23535,WALL ART BICYCLE SAFETY,3412.52,644,120
21497,FANCY FONTS BIRTHDAY WRAP,3409.0,8550,230
21745,GAOLERS KEYS DECORATIVE GARDEN ,3400.94,926,205
22782,SET 3 WICKER STORAGE BASKETS ,3399.95,241,74
22089,PAPER BUNTING VINTAGE PAISLEY,3395.55,1213,181
21463,MIRRORED DISCO BALL ,3393.4,642,129
23191,BUNDLE OF 3 RETRO NOTE BOOKS,3393.3499999999995,2099,240
21244,BLUE POLKADOT PLATE ,3359.47,2131,147
22131,FOOD CONTAINER SET 3 LOVE HEART ,3358.72,1884,180
22148,EASTER CRAFT 4 CHICKS ,3355.35,1813,159
22466,FAIRY TALE COTTAGE NIGHTLIGHT,3352.7999999999997,2016,69
23032,DRAWER KNOB CRACKLE GLAZE IVORY,3348.5999999999995,2076,177
23294,SET OF 6 SNACK LOAF BAKING CASES,3336.94,4264,291
23552,BICYCLE PUNCTURE REPAIR KIT ,3336.7200000000003,1730,103
22896,PEG BAG APPLES DESIGN,3336.37,1390,220
22383,LUNCH BAG SUKI  DESIGN ,3334.7,2118,144
22694,WICKER STAR ,3328.8,1608,303
22908,PACK OF 20 NAPKINS RED APPLES,3326.39,4229,313
23189,SET OF 12 FORK CANDLES,3319.35,1215,113
23210,WHITE ROCKING HORSE HAND PAINTED,3311.5,2750,154
23571,TRADITIONAL NAUGHTS & CROSSES,3300.8999999999996,2018,216
23156,SET OF 5 MINI GROCERY MAGNETS,3297.2200000000003,1631,184
22926,IVORY GIANT GARDEN THERMOMETER,3295.7000000000003,566,182
23091,ZINC HERB GARDEN CONTAINER,3279.82,535,187
23009,I LOVE LONDON BABY GIFT SET,3262.5499999999997,209,61
23332,IVORY WICKER HEART LARGE,3255.7499999999995,1979,267
47567B,TEA TIME KITCHEN APRON,3248.07,585,120
21890,S/6 WOODEN SKITTLES IN COTTON BAG,3247.16,1070,173
22435,SET OF 9 HEART SHAPED BALLOONS,3245.79,2671,213
22563,HAPPY STENCIL CRAFT,3244.6000000000004,2777,252
22967,SET 3 SONG BIRD PAPER EGGS ASSORTED,3224.65,1159,131
22348,TEA BAG PLATE RED RETROSPOT,3221.79,3861,254
21906,PHARMACIE FIRST AID TIN,3220.81,483,94
22801,ANTIQUE GLASS PEDESTAL BOWL,3212.1,887,159
23013,GLASS APOTHECARY BOTTLE TONIC,3211.09,865,180
23230,WRAP ALPHABET DESIGN,3196.5,7925,232
22738,RIBBON REEL SNOWY VILLAGE,3193.03,1991,176
23426,METAL SIGN DROP YOUR PANTS,3186.78,1230,171
20675,BLUE POLKADOT BOWL,3178.65,2728,223
23127,FELTCRAFT GIRL NICOLE KIT,3169.79,645,170
22578,WOODEN STAR CHRISTMAS SCANDINAVIAN,3164.0799999999995,9628,433
23350,ROLL WRAP VINTAGE SPOT ,3154.4,2584,246
23239,SET OF 4 KNICK KNACK TINS POPPIES,3142.4,812,155
23388,WOODLAND MINI BACKPACK,3133.6000000000004,784,133
22491,PACK OF 12 COLOURED PENCILS,3120.64,3898,200
22029,SPACEBOY BIRTHDAY CARD,3120.14,7834,394
22432,WATERING CAN PINK BUNNY,3092.7799999999997,1644,234
23308,SET OF 60 VINTAGE LEAF CAKE CASES ,3091.61,5955,305
22760,"TRAY, BREAKFAST IN BED",3089.85,259,66
85053,FRENCH ENAMEL CANDLEHOLDER,3087.5200000000004,1541,233
23353,6 GIFT TAGS VINTAGE CHRISTMAS ,3068.8199999999997,3726,253
23168,CLASSIC CAFE SUGAR DISPENSER,3037.1,2633,208
23342,MINT DINER WALL CLOCK,3034.5,363,154
22468,BABUSHKA LIGHTS STRING OF 10,3032.39,467,116
84997A,GREEN 3 PIECE POLKADOT CUTLERY SET,3019.23,837,68
23253,16 PIECE CUTLERY SET PANTRY DESIGN,3018.2999999999997,210,46
22567,20 DOLLY PEGS RETROSPOT,3017.5,2346,182
22775,PURPLE DRAWERKNOB ACRYLIC EDWARDIAN,3017.37,2492,145
82580,BATHROOM METAL SIGN,3016.9500000000003,5503,383
22504,CABIN BAG VINTAGE RETROSPOT,3012.4,160,39
22300,COFFEE MUG DOG + BALL DESIGN,3011.64,1436,143
21243,PINK  POLKADOT PLATE ,3010.71,1911,130
22892,SET OF SALT AND PEPPER TOADSTOOLS,3000.35,2455,196
22564,ALPHABET STENCIL CRAFT,2999.19,2668,165
22687,DOORMAT CHRISTMAS VILLAGE,2991.7,568,35
22855,FINE WICKER HEART ,2982.02,2506,179
16161P,WRAP ENGLISH ROSE ,2980.42,7201,248
23065,LARGE DECO JEWELLERY STAND,2977.8,246,88
21135,VICTORIAN  METAL POSTCARD SPRING,2973.55,2707,162
23237,SET OF 4 KNICK KNACK TINS LEAF,2970.8500000000004,739,116
23346,SPACEBOY BEAKER,2970.75,2567,138
22669,RED BABY BUNTING ,2969.65,1027,167
23323,WHITE WICKER STAR ,2954.7000000000003,1422,270
21385,IVORY HANGING DECORATION  HEART,2952.54,3558,205
23014,GLASS APOTHECARY BOTTLE ELIXIR,2951.78,798,160
22962,JAM JAR WITH PINK LID,2947.47,3675,246
21974,SET OF 36 PAISLEY FLOWER DOILIES,2942.5099999999998,2036,229
23236,DOILEY STORAGE TIN,2934.98,1082,112
21868,POTTING SHED TEA MUG,2924.48,2344,232
22180,RETROSPOT LAMP,2922.85,299,131
21429,RED GINGHAM ROSE JEWELLERY BOX,2917.2,1612,217
22244,3 HOOK HANGER MAGIC GARDEN,2911.6499999999996,1615,94
22311,OFFICE MUG WARMER BLACK+SILVER ,2910.75,1049,93
23461,SWEETHEART BIRD HOUSE,2908.55,829,83
22212,FOUR HOOK  WHITE LOVEBIRDS,2904.8700000000003,1416,253
23188,VINTAGE  2 METER FOLDING RULER,2902.47,1775,155
23242,TREASURE TIN BUFFALO BILL ,2886.0800000000004,1430,187
22065,CHRISTMAS PUDDING TRINKET POT ,2883.44,6430,165
21716,BOYS VINTAGE TIN SEASIDE BUCKET,2880.92,1190,137
21561,DINOSAUR LUNCH BOX WITH CUTLERY,2868.7799999999997,1227,167
22812,PACK 3 BOXES CHRISTMAS PANNETONE,2867.1499999999996,1531,110
23035,DRAWER KNOB CERAMIC IVORY,2863.39,2035,165
21658,GLASS  BEURRE DISH,2862.2200000000003,770,126
23393,HOME SWEET HOME CUSHION COVER ,2861.25,763,201
22460,EMBOSSED GLASS TEALIGHT HOLDER,2855.59,2368,162
23390,DOLLY GIRL MINI BACKPACK,2838.9500000000003,713,144
22195,LARGE HEART MEASURING SPOONS,2836.9199999999996,1696,220
23283,DOORMAT VINTAGE LEAVES DESIGN ,2833.7000000000003,426,88
37370,RETRO COFFEE MUGS ASSORTED,2829.28,2504,113
22465,HANGING METAL STAR LANTERN,2828.0799999999995,1958,159
21935,SUKI  SHOULDER BAG,2824.37,1763,204
21238,RED RETROSPOT CUP,2822.41,3519,277
22894,TABLECLOTH RED APPLES DESIGN ,2821.95,291,109
85132C,CHARLIE AND LOLA FIGURES TINS,2817.7999999999997,1404,126
22219,LOVEBIRD HANGING DECORATION WHITE ,2814.37,3367,311
21918,SET 12 KIDS COLOUR  CHALK STICKS,2814.2799999999997,7012,282
22800,ANTIQUE TALL SWIRLGLASS TRINKET POT,2813.38,764,138
22079,RIBBON REEL HEARTS DESIGN ,2808.89,1701,225
84692,BOX OF 24 COCKTAIL PARASOLS,2808.57,6803,364
23182,TOILET SIGN OCCUPIED OR VACANT,2807.6899999999996,3378,254
21499,BLUE POLKADOT WRAP,2798.0,6900,215
23329,DECORATIVE WICKER HEART LARGE,2794.6499999999996,1701,215
23056,FLOWERS CHANDELIER T-LIGHT HOLDER,2770.91,863,36
22810,SET OF 6 T-LIGHTS SNOWMEN,2768.48,900,137
23290,SPACEBOY CHILDRENS BOWL,2757.15,2367,174
23345, DOLLY GIRL BEAKER,2754.5,2394,133
22331,WOODLAND PARTY BAG + STICKER SET,2750.96,1768,143
23354,6 GIFT TAGS 50'S CHRISTMAS ,2750.93,3343,261
22972,CHILDREN'S SPACEBOY MUG,2746.1599999999994,1688,178
22823,CHEST NATURAL WOOD 20 DRAWERS,2745.0,24,13
23051,RECYCLED ACAPULCO MAT BLUE,2741.35,335,133
79000,MOROCCAN TEA GLASS,2741.2,3784,95
21715,GIRLS VINTAGE TIN SEASIDE BUCKET,2736.75,1141,138
47599B,BLUE PARTY BAGS ,2728.94,1451,108
72807C,SET/3 VANILLA SCENTED CANDLE IN BOX,2727.97,669,112
22778,GLASS CLOCHE SMALL,2727.95,755,107
21381,MINI WOODEN HAPPY BIRTHDAY GARLAND,2726.31,1695,138
22746,POPPY'S PLAYHOUSE LIVINGROOM ,2724.6200000000003,1315,252
23190,BUNDLE OF 3 SCHOOL EXERCISE BOOKS  ,2691.14,1678,179
22843,BISCUIT TIN VINTAGE GREEN,2685.13,433,114
22739,RIBBON REEL CHRISTMAS SOCK BAUBLE,2676.39,1571,204
21201,TROPICAL  HONEYCOMB PAPER GARLAND ,2672.25,1175,72
22990,COTTON APRON PANTRY DESIGN,2670.54,602,140
23147,SINGLE ANTIQUE ROSE HOOK IVORY,2669.95,1843,250
20754,RETROSPOT RED WASHING UP GLOVES,2668.38,1355,239
22702,BLACK AND WHITE CAT BOWL,2661.8999999999996,1357,43
22045,SPACEBOY GIFT WRAP,2652.34,6477,206
22604,SET OF 4 NAPKIN CHARMS CUTLERY,2642.86,1171,108
85178,VICTORIAN SEWING KIT,2640.94,2370,98
23427,STOOL HOME SWEET HOME ,2635.9,227,106
23211,RED ROCKING HORSE HAND PAINTED,2631.5,2206,116
22430,ENAMEL WATERING CAN CREAM,2621.85,539,161
22830,UTILTY CABINET WITH HOOKS,2610.29,131,6
22222,CAKE PLATE LOVEBIRD WHITE,2599.2,824,149
22179,SET 10 LIGHTS NIGHT OWL,2593.65,407,77
21500,PINK POLKADOT WRAP ,2593.0,6350,213
21563,RED HEART SHAPE LOVE BUCKET ,2591.02,1358,134
23053,RECYCLED ACAPULCO MAT PINK,2589.9,318,129
22078,RIBBON REEL LACE DESIGN ,2584.8,1288,143
22777,GLASS CLOCHE LARGE,2581.4500000000003,329,41
23164,REGENCY CAKE SLICE,2579.21,564,80
22700,BLACK AND WHITE DOG BOWL,2578.78,1192,48
22906,12 MESSAGE CARDS WITH ENVELOPES,2578.6499999999996,1621,187
23534,STOP FOR TEA WALL ART,2572.7,518,41
21115,ROSE CARAVAN DOORSTOP,2567.61,519,129
23212,HEART WREATH DECORATION WITH BELL,2562.63,2163,144
22187,GREEN CHRISTMAS TREE CARD HOLDER,2562.27,1183,145
23100,SILVER BELLS TABLE DECORATION,2562.1,2090,213
23395,BELLE JARDINIERE CUSHION COVER,2555.73,683,175
21735,TWO DOOR CURIO CABINET,2551.95,210,82
20973,12 PENCIL SMALL TUBE WOODLAND,2545.3,3998,276
21985,PACK OF 12 HEARTS DESIGN TISSUES ,2542.17,8541,354
72802C,VANILLA SCENT CANDLE JEWELLED BOX,2541.12,1374,88
23266,SET OF 3 WOODEN STOCKING DECORATION,2529.64,1964,274
20829,GLITTER HANGING BUTTERFLY STRING,2528.3900000000003,1264,163
23146,TRIPLE HOOK ANTIQUE IVORY ROSE,2526.02,778,211
82600,N0 SINGING METAL SIGN,2523.78,1197,35
22072,RED RETROSPOT TEA CUP AND SAUCER ,2519.19,807,139
22930,BAKING MOULD HEART MILK CHOCOLATE,2513.12,1040,145
22925,BLUE GIANT GARDEN THERMOMETER,2511.7200000000003,426,162
22179,SET 10 NIGHT OWL LIGHTS,2510.34,388,101
22833,HALL CABINET WITH 3 DRAWERS,2503.5299999999997,75,4
22354,RETROSPOT PADDED SEAT CUSHION,2502.82,700,65
23333,IVORY WICKER HEART MEDIUM,2498.65,2009,216
22582,PACK OF 6 SWEETIE GIFT BOXES,2496.7599999999998,1029,77
21976,PACK OF 60 MUSHROOM CAKE CASES,2496.08,4936,276
20828,GLITTER BUTTERFLY CLIPS,2489.1,1010,177
22433,WATERING CAN GREEN DINOSAUR,2487.5299999999997,1341,189
21240,BLUE POLKADOT CUP,2484.53,3153,215
22797,CHEST OF DRAWERS GINGHAM HEART ,2459.04,146,79
20717,STRAWBERRY SHOPPER BAG,2453.38,2034,231
22974,CHILDRENS DOLLY GIRL MUG,2443.14,1514,157
22360,GLASS JAR ENGLISH CONFECTIONERY,2438.2000000000003,880,143
22963,JAM JAR WITH GREEN LID,2433.88,3046,209
23681,LUNCH BAG RED VINTAGE DOILY,2432.55,1547,118
23407,SET OF 2 TRAYS HOME SWEET HOME,2426.72,250,118
22965,3 TRADITIONAl BISCUIT CUTTERS  SET,2418.0200000000004,1154,202
47559B,TEA TIME OVEN GLOVE,2412.92,2001,241
21810,CHRISTMAS HANGING STAR WITH BELL,2402.12,5200,173
23542,WALL ART 70'S ALPHABET ,2399.58,334,55
22822,CREAM WALL PLANTER HEART SHAPED,2396.71,416,144
23264,SET OF 3 WOODEN SLEIGH DECORATIONS,2396.7,1842,249
22945,CHRISTMAS METAL TAGS ASSORTED ,2395.93,2857,136
72351A,SET/6 TURQUOISE BUTTERFLY T-LIGHTS,2384.76,1234,133
22175,PINK OWL SOFT TOY,2379.05,839,139
22794,SWEETHEART WIRE MAGAZINE RACK,2373.0,300,157
23535,BICYCLE SAFTEY WALL ART,2371.94,458,39
21411,GINGHAM HEART  DOORSTOP RED,2371.2599999999998,714,185
22937,BAKING MOULD CHOCOLATE CUPCAKES,2358.89,915,133
21903,MAN FLU METAL SIGN,2356.38,1127,153
21495,SKULLS AND CROSSBONES WRAP,2356.0,5800,165
23292,SPACEBOY CHILDRENS CUP,2343.07,1951,159
21116,OWL DOORSTOP,2339.19,489,117
23131,MISTLETOE HEART WREATH CREAM,2332.13,575,103
16156S,WRAP PINK FAIRY CAKES ,2331.0,5800,167
22327,ROUND SNACK BOXES SET OF 4 SKULLS,2325.9500000000003,821,162
21730,GLASS STAR FROSTED T-LIGHT HOLDER,2319.19,497,119
23341,PINK DINER WALL CLOCK,2317.1,281,98
22644,CERAMIC CHERRY CAKE MONEY BANK,2315.73,2043,188
22610,PENS ASSORTED FUNNY FACE,2313.74,9110,171
23570,TRADITIONAL PICK UP STICKS GAME ,2295.0,1836,231
22774,RED DRAWER KNOB ACRYLIC EDWARDIAN,2292.27,1983,97
22902,TOTE BAG I LOVE LONDON,2289.78,1204,94
21110,LARGE CAKE TOWEL PINK SPOTS,2288.3,774,78
22927,GREEN GIANT GARDEN THERMOMETER,2278.25,395,129
23437, 50'S CHRISTMAS GIFT BAG LARGE,2272.25,1885,109
22933,BAKING MOULD EASTER EGG MILK CHOC,2272.2000000000003,876,91
23412,HEART MIRROR ANTIQUE WHITE,2269.14,351,71
22380,TOY TIDY SPACEBOY  ,2266.35,1152,195
23526,WALL ART DOG LICENCE ,2265.18,474,62
22437,SET OF 9 BLACK SKULL BALLOONS,2261.65,2745,174
22691,DOORMAT WELCOME SUNRISE,2260.69,343,95
22215,CAKE STAND WHITE TWO TIER LACE,2254.5,330,89
35004B,SET OF 3 BLACK FLYING DUCKS,2251.15,475,47
21875,KINGS CHOICE MUG,2249.56,2000,111
46000S,POLYESTER FILLER PAD 40x40cm,2248.95,1551,182
23048,SET OF 10 LANTERNS FAIRY LIGHT STAR,2248.1400000000003,560,85
23400,SHELF WITH 4 HOOKS HOME SWEET HOME,2247.36,448,95
23489,VINTAGE BELLS GARLAND,2246.56,784,127
22440,BALLOON WATER BOMB PACK OF 35,2244.06,5873,138
22645,CERAMIC HEART FAIRY CAKE MONEY BANK,2243.94,1748,233
23196,VINTAGE LEAF MAGNETIC NOTEPAD,2242.65,1593,211
20983,12 PENCILS TALL TUBE RED RETROSPOT,2240.31,2643,234
22426,ENAMEL WASH BOWL CREAM,2228.05,659,144
22672,FRENCH BATHROOM SIGN BLUE METAL,2227.62,1382,158
22773,GREEN DRAWER KNOB ACRYLIC EDWARDIAN,2227.52,1840,145
85062,PEARL CRYSTAL PUMPKIN T-LIGHT HLDR,2214.87,1368,132
23316,RED REFECTORY CLOCK ,2212.25,235,95
21107,CREAM SLICE FLANNEL PINK SPOT ,2209.95,837,62
23498,CLASSIC BICYCLE CLIPS ,2200.15,1587,86
23188,VINTAGE  2 METRE FOLDING RULER,2197.6899999999996,1321,127
84509A,SET OF 4 ENGLISH ROSE PLACEMATS,2194.64,612,139
22670,FRENCH WC SIGN BLUE METAL,2192.74,1753,208
23054,RECYCLED ACAPULCO MAT LAVENDER,2189.7,266,109
22329,ROUND CONTAINER SET OF 5 RETROSPOT,2181.2999999999997,1386,151
23330,DECORATIVE WICKER HEART MEDIUM,2181.19,1751,195
23079,TOADSTOOL BEDSIDE LIGHT ,2180.7,246,103
84832,ZINC WILLIE WINKIE  CANDLE STICK,2176.1,2606,188
22776,SWEETHEART 3 TIER CAKE STAND ,2174.1,222,122
22660,DOORMAT I LOVE LONDON,2157.33,327,69
22704,WRAP RED APPLES ,2157.0,5250,173
23401,RUSTIC MIRROR WITH LACE HEART,2155.51,443,70
23265,SET OF 3 WOODEN TREE DECORATIONS,2153.71,1665,246
21896,POTTING SHED TWINE,2152.2000000000003,946,89
23406,HOME SWEET HOME KEY HOLDER,2148.54,434,94
22241,GARLAND WOODEN HAPPY EASTER,2147.78,1762,165
22476,EMPIRE UNION JACK TV DINNER TRAY,2145.8199999999997,810,78
22851,SET 20 NAPKINS FAIRY CAKES DESIGN ,2141.43,2601,286
21452,TOADSTOOL MONEY BOX,2140.15,745,133
21592,RETROSPOT CIGAR BOX MATCHES ,2135.32,2138,210
22064,PINK DOUGHNUT TRINKET POT ,2132.7,1602,164
23445,ICE CREAM BUBBLES,2131.0099999999998,2647,94
35961,FOLKART ZINC HEART CHRISTMAS DEC,2127.39,2679,153
23252,VINTAGE RED ENAMEL TRIM JUG ,2123.34,578,123
23093,SMALL PARISIENNE HEART PHOTO FRAME ,2122.67,915,123
22030,SWALLOWS GREETING CARD,2120.55,5337,242
21625,VINTAGE UNION JACK APRON,2112.3900000000003,303,113
23232,WRAP VINTAGE LEAF DESIGN,2109.42,5251,134
23233,WRAP POPPIES  DESIGN,2105.5,5175,158
23501,KEY RING BASEBALL BOOT UNION JACK,2103.3,1770,85
21313,GLASS HEART T-LIGHT HOLDER ,2097.71,2828,129
22548,HEADS AND TAILS SPORTING FUN,2095.46,1871,179
23046,PAPER LANTERN 9 POINT DELUXE STAR,2091.55,347,34
84568,GIRLS ALPHABET IRON ON PATCHES ,2088.0,11040,23
22425,ENAMEL COLANDER CREAM,2086.11,434,141
21109,LARGE CAKE TOWEL CHOCOLATE SPOTS,2082.15,829,64
22378,WALL TIDY RETROSPOT ,2082.06,1680,103
23526,DOG LICENCE WALL ART,2081.64,408,29
21934,SKULL SHOULDER BAG,2081.2,1288,143
22737,RIBBON REEL CHRISTMAS PRESENT ,2073.74,1226,187
23504,PLAYING CARDS JUBILEE UNION JACK,2073.73,1661,190
23536,VILLAGE SHOW WALL ART,2072.42,386,18
22762,CUPBOARD 3 DRAWER MA CAMPAGNE,2070.95,145,87
21609,SET 12 LAVENDER  BOTANICAL T-LIGHTS,2069.2,760,73
22983,CARD BILLBOARD FONT,2067.75,5026,332
23436,VINTAGE CHRISTMAS GIFT BAG LARGE ,2066.65,1781,83
85175,CACTI T-LIGHT CANDLES,2065.22,5185,130
21794,CLASSIC FRENCH STYLE BASKET NATURAL,2064.4700000000003,501,93
22441,GROW YOUR OWN BASIL IN ENAMEL MUG,2061.0,990,167
23029,DRAWER KNOB CRACKLE GLAZE GREEN,2060.3999999999996,1272,136
21239,PINK  POLKADOT CUP,2049.7,2572,201
21069,VINTAGE BILLBOARD TEA MUG,2047.8000000000002,1867,51
22829,SWEETHEART WIRE WALL TIDY,2046.85,213,97
22283,6 EGG HOUSE PAINTED WOOD,2043.04,256,117
22128,PARTY CONES CANDY ASSORTED,2042.69,1729,72
84596B,SMALL DOLLY MIX DESIGN ORANGE BOWL,2040.19,4436,361
22573,STAR WOODEN CHRISTMAS DECORATION,2036.56,2440,154
37448,CERAMIC CAKE DESIGN SPOTTED MUG,2035.55,1399,154
22070,SMALL RED RETROSPOT MUG IN BOX ,2030.68,873,84
22483,RED GINGHAM TEDDY BEAR ,2029.9800000000002,722,130
85184C,S/4 VALENTINE DECOUPAGE HEART BOX,2025.1000000000001,1368,92
23438, RED SPOT GIFT BAG LARGE,2023.5,1686,92
22653,BUTTON BOX ,2020.71,1071,118
22743,MAKE YOUR OWN FLOWERPOWER CARD KIT,2018.8100000000002,863,148
23543,KEEP CALM WALL ART ,2015.97,269,20
20978,36 PENCILS TUBE SKULLS,2009.43,1627,179
22196,SMALL HEART MEASURING SPOONS,2008.6299999999999,2379,247
22075,6 RIBBONS ELEGANT CHRISTMAS ,2004.9199999999998,1538,120
22959,WRAP CHRISTMAS VILLAGE,2003.92,4876,140
21980,PACK OF 12 RED RETROSPOT TISSUES ,2002.7299999999998,6521,250
23326,HANGING MINI COLOURED BOTTLES,1999.5900000000001,3369,55
23152,IVORY SWEETHEART WIRE LETTER RACK ,1998.51,541,149
22920,HERB MARKER BASIL,1997.7500000000002,3325,188
21781,MA CAMPAGNE CUTLERY BOX,1997.55,137,81
82581,TOILET METAL SIGN,1997.13,3749,302
21982,PACK OF 12 SUKI TISSUES ,1995.05,6907,259
22811,SET OF 6 T-LIGHTS CACTI ,1987.9299999999998,775,55
85038,6 CHOCOLATE LOVE HEART T-LIGHTS,1985.8600000000001,1014,110
84950,ASSORTED COLOUR T-LIGHT HOLDER,1983.17,3349,87
23302,KNEELING MAT HOUSEWORK  DESIGN,1980.7099999999998,1473,187
23403,LETTER HOLDER HOME SWEET HOME,1980.31,595,110
23268,SET OF 2 CERAMIC CHRISTMAS REINDEER,1980.1799999999998,1626,79
22914,BLUE COAT RACK PARIS FASHION,1974.69,427,134
22185,SLATE TILE NATURAL HANGING,1974.1999999999998,1390,126
21878,PACK OF 6 SANDCASTLE FLAGS ASSORTED,1972.8999999999999,2396,152
21078,SET/20 STRAWBERRY PAPER NAPKINS ,1972.73,2483,201
37500,TEA TIME TEAPOT IN GIFT BOX,1972.46,338,80
22224,WHITE LOVEBIRD LANTERN,1970.65,687,115
20977,36 PENCILS TUBE WOODLAND,1969.43,1595,142
23031,DRAWER KNOB CRACKLE GLAZE PINK,1967.9999999999998,1216,136
23424,GINGHAM RECIPE BOOK BOX,1966.95,409,103
85174,S/4 CACTI CANDLES,1965.8700000000001,493,80
23490,T-LIGHT HOLDER HANGING LOVE BIRD,1965.63,533,95
23020,GLASS  SONGBIRD STORAGE JAR,1965.3,165,69
22935,BAKING MOULD ROSE MILK CHOCOLATE,1964.25,673,52
23352,ROLL WRAP 50'S RED CHRISTMAS ,1961.01,1593,162
22059,CERAMIC STRAWBERRY DESIGN MUG,1960.47,1739,142
22831,WHITE BROCANTE SOAP DISH,1960.2000000000003,684,104
21900,"KEY FOB , SHED",1959.13,3081,265
11001,ASSTD DESIGN RACING CAR PEN,1953.0,1252,62
23396,LE JARDIN BOTANIQUE CUSHION COVER,1948.23,521,139
23227,FILIGREE HEART BUTTERFLY WHITE ,1947.06,1592,87
23374,RED SPOT PAPER GIFT BAG,1944.08,2444,122
22863,SOAP DISH BROCANTE,1942.45,691,93
23251,VINTAGE RED ENAMEL TRIM MUG ,1940.45,1633,101
22824,3 TIER SWEETHEART GARDEN SHELF,1938.2500000000002,55,43
22932,BAKING MOULD TOFFEE CUP CHOCOLATE,1935.6000000000001,866,63
21033,JUMBO BAG CHARLIE AND LOLA TOYS,1932.67,921,108
23360,SET 8 CANDLES VINTAGE DOILY,1932.0,1024,100
22732,3D VINTAGE CHRISTMAS STICKERS ,1930.38,1522,126
22478,BIRDHOUSE GARDEN MARKER ,1929.35,1411,76
23500,KEY RING BASEBALL BOOT ASSORTED ,1928.8,1580,84
21993,FLORAL FOLK STATIONERY SET,1927.3500000000001,1360,205
22121,NOEL WOODEN BLOCK LETTERS ,1924.94,332,114
22509,SEWING BOX RETROSPOT DESIGN ,1923.85,203,80
23213,STAR WREATH DECORATION WITH BELL,1921.94,1594,121
85049G,CHOCOLATE BOX RIBBONS ,1917.58,1573,227
20751,FUNKY WASHING UP GLOVES ASSORTED,1917.0600000000002,941,171
23231,WRAP DOILEY DESIGN,1915.5,4675,162
22973,CHILDREN'S CIRCUS PARADE MUG,1914.5799999999997,1186,110
22955,36 FOIL STAR CAKE CASES ,1912.3400000000001,1141,107
22805,BLUE DRAWER KNOB ACRYLIC EDWARDIAN,1906.68,1560,122
21811,HANGING HEART WITH BELL,1906.58,4112,138
23197,SKETCHBOOK MAGNETIC SHOPPING LIST,1900.9399999999998,1318,180
23161,REGENCY CAKE FORK,1896.6000000000001,1608,68
23145,ZINC T-LIGHT HOLDER STAR LARGE,1896.5399999999997,2030,148
21506,"FANCY FONT BIRTHDAY CARD, ",1895.76,4704,250
23315,IVORY REFECTORY CLOCK,1894.7,202,76
16169E,WRAP 50'S  CHRISTMAS,1892.46,4563,149
22744,MAKE YOUR OWN MONSOON CARD KIT,1892.14,830,146
22592,CARDHOLDER HOLLY WREATH METAL,1886.08,506,91
35004C,SET OF 3 COLOURED  FLYING DUCKS,1882.65,393,38
22733,3D TRADITIONAL CHRISTMAS STICKERS,1882.31,1471,141
84880,WHITE WIRE EGG HOLDER,1881.15,301,65
23291,DOLLY GIRL CHILDRENS CUP,1880.14,1548,144
22080,RIBBON REEL POLKADOTS ,1877.55,1167,126
22996,TRAVEL CARD WALLET VINTAGE TICKET,1875.12,4540,292
21249,WOODLAND  HEIGHT CHART STICKERS ,1874.4,672,79
22931,BAKING MOULD HEART WHITE CHOCOLATE,1873.51,792,110
40016,CHINESE DRAGON PAPER LANTERNS,1870.7,5524,75
23274,STAR T-LIGHT HOLDER WILLIE WINKIE,1870.1099999999997,1139,98
22374,AIRLINE BAG VINTAGE JET SET RED,1870.0900000000001,445,156
22792,FLUTED ANTIQUE CANDLE HOLDER,1867.9099999999999,2289,128
71459,HANGING JAM JAR T-LIGHT HOLDERS,1867.33,2413,69
23491,VINTAGE JINGLE BELLS HEART,1864.5,226,76
21556,CERAMIC STRAWBERRY MONEY BOX,1859.3999999999999,804,47
22763,KEY CABINET MA CAMPAGNE,1855.6999999999998,190,93
23289,DOLLY GIRL CHILDRENS BOWL,1854.8500000000001,1553,141
23068,ALUMINIUM STAMPED HEART,1852.5500000000002,771,124
22574,HEART WOODEN CHRISTMAS DECORATION,1851.99,2121,157
22897,OVEN MITT APPLES DESIGN,1847.76,1296,172
20992,JAZZ HEARTS PURSE NOTEBOOK,1845.87,4339,244
23094,LE GRAND TRAY CHIC SET,1837.5,147,74
37450,CERAMIC CAKE BOWL + HANGING CAKES,1832.15,665,98
23357,HOT WATER BOTTLE SEX BOMB,1832.0,432,88
23066,SMALL DECO JEWELLERY STAND,1831.65,229,70
23235,STORAGE TIN VINTAGE LEAF,1831.1000000000001,702,93
47504K,ENGLISH ROSE GARDEN SECATEURS,1825.99,1957,174
22601,CHRISTMAS RETROSPOT ANGEL WOOD,1824.87,2235,150
22859,EASTER TIN BUNNY BOUQUET,1822.7999999999997,1144,127
23075,PARLOUR CERAMIC WALL HOOK,1819.2500000000002,443,72
22571,ROCKING HORSE RED CHRISTMAS ,1807.6,2200,176
22736,RIBBON REEL MAKING SNOWMEN ,1807.31,1091,152
23367,SET 12 COLOUR PENCILS SPACEBOY ,1803.3000000000002,2778,231
21042,RED RETROSPOT APRON ,1796.9,302,105
22747,POPPY'S PLAYHOUSE BATHROOM,1794.6000000000001,876,169
84968A,SET OF 16 VINTAGE ROSE CUTLERY,1787.85,147,48
22807,SET OF 6 T-LIGHTS TOADSTOOLS,1786.1900000000003,669,107
10135,COLOURING PENCILS BROWN TUBE,1784.19,1936,117
21112,SWISS ROLL TOWEL PINK  SPOTS,1782.1799999999998,666,27
22536,MAGIC DRAWING SLATE PURDEY,1780.92,4718,144
22412,METAL SIGN NEIGHBOURHOOD WITCH ,1778.4,874,113
23371,SET 36 COLOUR PENCILS SPACEBOY ,1775.22,1498,133
21916,SET 12 RETRO WHITE CHALK STICKS,1771.12,4362,248
23005,TRAVEL CARD WALLET I LOVE LONDON,1767.72,4346,175
22477,WATERING CAN GARDEN MARKER,1765.6,1280,70
37446,MINI CAKE STAND WITH HANGING CAKES,1764.8999999999999,1290,148
22291,HANGING CHICK CREAM DECORATION,1761.7499999999998,1215,90
51014A,"FEATHER PEN,HOT PINK",1758.8899999999999,3573,157
21622,VINTAGE UNION JACK CUSHION COVER,1755.3000000000002,358,92
23028,DRAWER KNOB CRACKLE GLAZE BLUE,1751.7899999999997,1079,111
72802B,OCEAN SCENT CANDLE IN JEWELLED BOX,1749.94,968,75
21873,IF YOU CAN'T STAND THE HEAT MUG,1748.59,1583,88
21584,RETROSPOT SMALL TUBE MATCHES,1743.35,1059,146
22710,WRAP I LOVE LONDON ,1742.5,4425,100
21034,REX CASH+CARRY JUMBO SHOPPER,1740.3999999999999,1832,859
22534,MAGIC DRAWING SLATE SPACEBOY ,1735.5,4331,202
22593,CHRISTMAS GINGHAM STAR,1735.27,2047,138
21990,MODERN FLORAL STATIONERY SET,1734.6,1212,177
22788,BROCANTE COAT RACK,1734.05,205,46
15044D,RED PAPER PARASOL,1732.79,629,73
22639,SET OF 4 NAPKIN CHARMS HEARTS,1730.82,762,127
23228,FILIGREE HEART BIRD WHITE ,1726.3,1397,78
22588,CARD HOLDER GINGHAM HEART,1724.42,602,135
22186,RED STAR CARD HOLDER,1723.79,801,118
23090,VINTAGE GLASS T-LIGHT HOLDER,1722.79,2129,122
21845,DAIRY MAID STRIPE MUG,1720.3000000000002,1906,82
22466,FAIRY TALE COTTAGE NIGHT LIGHT,1717.1999999999998,912,81
22803,IVORY EMBROIDERED QUILT ,1715.9,46,25
23359,SET OF 12 T-LIGHTS VINTAGE DOILY,1715.85,915,70
22858,EASTER TIN KEEPSAKE,1713.8999999999999,1078,110
23148,MINIATURE ANTIQUE ROSE HOOK IVORY,1711.55,2065,230
23128,FELTCRAFT BOY JEAN-PAUL KIT,1711.23,349,117
22562,MONSTERS STENCIL CRAFT,1710.42,1390,190
22115,METAL SIGN EMPIRE TEA,1706.8100000000002,1495,183
20982,12 PENCILS TALL TUBE SKULLS,1705.6599999999999,2014,215
22712,CARD DOLLY GIRL ,1701.21,4271,213
22119,PEACE WOODEN BLOCK LETTERS,1699.66,342,103
21471,STRAWBERRY RAFFIA FOOD COVER,1695.15,493,92
22027,TEA PARTY BIRTHDAY CARD,1692.71,4141,262
21586,KINGS CHOICE GIANT TUBE MATCHES,1691.25,731,66
16161U,WRAP SUKI AND FRIENDS,1687.5,4075,134
21564,PINK  HEART SHAPE LOVE BUCKET ,1686.5200000000002,1016,103
23358,HOT STUFF HOT WATER BOTTLE,1686.15,527,67
23073,GEORGIAN TRINKET BOX,1681.5,141,59
21041,RED RETROSPOT OVEN GLOVE DOUBLE,1678.5500000000002,569,138
23109,LED TEA LIGHTS,1676.3500000000001,595,54
21114,LAVENDER SCENTED FABRIC HEART,1674.03,1327,128
21989,PACK OF 20 SKULL PAPER NAPKINS,1672.6899999999998,2065,205
23155,KNICKERBOCKERGLORY MAGNET ASSORTED ,1669.3799999999999,2094,111
22579,WOODEN TREE CHRISTMAS SCANDINAVIAN,1664.2899999999997,4805,276
21988,PACK OF 6 SKULL PAPER PLATES,1663.3,2194,147
51008,AFGHAN SLIPPER SOCK PAIR,1662.95,511,19
22055,MINI CAKE STAND  HANGING STRAWBERY,1661.78,1251,142
21870,I CAN ONLY PLEASE ONE PERSON MUG,1658.89,1349,137
70006,LOVE HEART POCKET WARMER,1656.05,2619,78
23160,REGENCY TEA SPOON,1651.8,1392,60
21917,SET 12 KIDS  WHITE CHALK STICKS,1651.14,4090,186
22414,DOORMAT NEIGHBOURHOOD WITCH ,1645.67,253,70
22832,BROCANTE SHELF WITH HOOKS,1645.45,155,69
47570B,TEA TIME TABLE CLOTH,1642.68,180,26
21992,VINTAGE PAISLEY STATIONERY SET,1640.29,1151,199
21056,DOCTOR'S BAG SOFT TOY,1640.1799999999998,174,66
21068,VINTAGE BILLBOARD LOVE/HATE MUG,1637.71,1535,125
20674,GREEN POLKADOT BOWL,1632.81,1360,149
22544,MINI JIGSAW SPACEBOY,1627.04,4411,124
23434,3 RAFFIA RIBBONS 50'S CHRISTMAS ,1624.5,1782,134
21245,GREEN POLKADOT PLATE ,1618.03,1011,100
21494,ROTATING LEAVES T-LIGHT HOLDER,1617.23,1222,126
23270,SET OF 2 CERAMIC PAINTED HEARTS ,1612.85,1253,119
21718,RED METAL BEACH SPADE ,1612.42,1288,143
23096,PETIT TRAY CHIC,1606.7299999999998,993,117
22651,GENTLEMAN SHIRT REPAIR KIT ,1602.7199999999998,1992,94
23214,JINGLE BELL HEART ANTIQUE GOLD,1599.8700000000001,760,91
85061W,WHITE JEWELLED HEART DECORATION,1594.5,1968,108
85035C,ROSE 3 WICK MORRIS BOX CANDLE,1592.7,1090,107
85015,SET OF 12  VINTAGE POSTCARD SET,1590.1200000000001,2128,113
22156,HEART DECORATION WITH PEARLS ,1586.4599999999998,1873,152
21439,BASKET OF TOADSTOOLS,1574.98,1322,77
22789,T-LIGHT HOLDER SWEETHEART HANGING,1574.6399999999999,822,126
20981,12 PENCILS TALL TUBE WOODLAND,1571.6499999999999,1849,208
84356,POMPOM CURTAIN,1570.15,337,46
23101,SILVER STARS TABLE DECORATION,1569.62,1942,190
23217,LAUREL HEART ANTIQUE SILVER,1567.0,1290,84
21534,DAIRY MAID LARGE MILK JUG,1563.75,321,124
23370,SET 36 COLOURING PENCILS DOILY,1562.6100000000001,1289,102
46000M,POLYESTER FILLER PAD 45x45cm,1562.4,1008,133
22110,BIRD HOUSE HOT WATER BOTTLE,1562.06,617,154
22332,SKULLS PARTY BAG + STICKER SET,1561.05,981,129
22305,COFFEE MUG PINK PAISLEY DESIGN,1559.44,684,44
85034C,3 ROSE MORRIS BOXED CANDLES,1555.64,1068,131
84596F,SMALL MARSHMALLOWS PINK BOWL,1553.25,3285,288
22037,ROBOT BIRTHDAY CARD,1552.96,3747,257
23122,PARTY CHARMS 50 PIECES,1552.6499999999999,2091,94
23244,ROUND STORAGE TIN VINTAGE LEAF,1552.5099999999998,853,96
22602,RETROSPOT WOODEN HEART DECORATION,1552.2199999999998,1850,164
23317,BLUE REFECTORY CLOCK ,1547.95,161,70
37495,FAIRY CAKE BIRTHDAY CANDLE SET,1547.4,428,84
23399,HOME SWEET HOME HANGING HEART,1539.6299999999999,1815,176
21394,RED POLKADOT BEAKER ,1538.62,3822,114
22928,YELLOW GIANT GARDEN THERMOMETER,1535.5700000000002,251,88
23273,HEART T-LIGHT HOLDER WILLIE WINKIE,1533.84,928,97
21207,SKULL AND CROSSBONES  GARLAND ,1532.2499999999998,981,84
22674,FRENCH TOILET SIGN BLUE METAL,1531.71,1270,144
22828,REGENCY MIRROR WITH SHUTTERS,1530.0,10,7
22428,ENAMEL FIRE BUCKET CREAM,1528.73,221,92
22398,MAGNETS PACK OF 4 SWALLOWS,1528.29,2544,228
22934,BAKING MOULD EASTER EGG WHITE CHOC,1527.2,560,69
23483,HANGING  BUTTERFLY T-LIGHT HOLDER,1526.62,1310,66
23372,SET 36 COLOUR PENCILS DOLLY GIRL,1520.22,1294,99
21544,SKULLS  WATER TRANSFER TATTOOS ,1519.85,1869,113
22292,HANGING CHICK  YELLOW DECORATION,1515.6499999999999,1085,88
22479,DAISY GARDEN MARKER,1513.1,1078,54
22434,BALLOON PUMP WITH 10 BALLOONS,1511.48,774,112
22377,BOTTLE BAG RETROSPOT ,1510.89,1038,105
21981,PACK OF 12 WOODLAND TISSUES ,1508.87,5281,190
22852,DOG BOWL VINTAGE CREAM,1507.92,354,108
22361,GLASS JAR DAISY FRESH COTTON WOOL,1507.3500000000001,537,123
21967,PACK OF 12 SKULL TISSUES,1504.9799999999998,5162,173
22891,TEA FOR ONE POLKADOT,1502.01,341,104
22165,"DIAMANTE HEART SHAPED WALL MIRROR, ",1490.65,267,38
22220,CAKE STAND LOVEBIRD 2 TIER WHITE,1489.55,213,74
22799,SWEETHEART WIRE FRUIT BOWL,1489.3,197,79
23181,BULL DOG BOTTLE TOP WALL CLOCK,1484.25,185,69
22313,OFFICE MUG WARMER PINK,1482.89,553,54
15060B,FAIRY CAKE DESIGN UMBRELLA,1482.87,411,95
22594,CHRISTMAS GINGHAM TREE,1480.06,1744,125
22913,RED COAT RACK PARIS FASHION,1479.69,327,95
23226,FILIGREE HEART DAISY WHITE,1478.59,1199,71
22804,PINK HANGING HEART T-LIGHT HOLDER,1476.13,823,66
23394,POSTE FRANCE CUSHION COVER,1470.0,392,119
85049C,ROMANTIC PINKS RIBBONS ,1468.85,1196,205
22671,FRENCH LAUNDRY SIGN BLUE METAL,1463.6599999999999,918,103
18097C,WHITE TALL PORCELAIN T-LIGHT HOLDER,1461.15,669,52
84818,DANISH ROSE PHOTO FRAME,1460.81,1423,99
22154,ANGEL DECORATION 3 BUTTONS ,1455.84,3528,111
21591,COSY HOUR CIGAR BOX MATCHES ,1451.39,1183,143
23391, I LOVE LONDON MINI BACKPACK,1449.8500000000001,359,68
85206A,CREAM FELT EASTER EGG BASKET,1446.8999999999999,914,103
21206,STRAWBERRY HONEYCOMB  GARLAND ,1446.6,1220,75
23287,RED VINTAGE SPOT BEAKER,1445.5,1774,146
21626,VINTAGE UNION JACK PENNANT,1444.95,741,74
21509,COWBOYS AND INDIANS BIRTHDAY CARD ,1444.75,3581,203
22312,OFFICE MUG WARMER POLKADOT,1443.1900000000003,499,93
23462,ROCOCO WALL MIRROR WHITE,1442.25,75,43
22284,HEN HOUSE DECORATION,1442.1,874,99
72807B,SET/3 OCEAN SCENT CANDLE JEWEL BOX,1435.0,348,78
22314,OFFICE MUG WARMER CHOC+BLUE,1431.14,516,93
22530,MAGIC DRAWING SLATE DOLLY GIRL ,1430.7,3511,181
21713,CITRONELLA CANDLE FLOWERPOT,1429.2,692,125
22095,LADS ONLY TISSUE BOX,1427.59,1571,102
23267,SET OF 4 SANTA PLACE SETTINGS,1427.34,1158,91
23280,FOLDING BUTTERFLY MIRROR HOT PINK ,1427.16,1838,128
22282,12 EGG HOUSE PAINTED WOOD,1425.27,111,64
21898,POTTING SHED ROSE CANDLE,1423.03,445,7
22364,GLASS JAR DIGESTIVE BISCUITS,1421.1200000000001,516,95
22176,BLUE OWL SOFT TOY,1420.4,488,98
22675,FRENCH KITCHEN SIGN BLUE METAL,1420.14,1173,123
22085,PAPER CHAIN KIT SKULLS ,1415.65,507,73
22526,WHEELBARROW FOR CHILDREN ,1406.4,112,67
22975,SPACEBOY CHILDRENS EGG CUP,1405.97,1118,142
22816,CARD MOTORBIKE SANTA,1405.08,3402,176
72807A,SET/3 ROSE CANDLE IN JEWELLED BOX,1402.03,339,66
20963,APPLE BATH SPONGE,1397.99,1100,122
20668,DISCO BALL CHRISTMAS DECORATION,1397.04,12618,181
22853,CAT BOWL VINTAGE CREAM,1396.95,431,101
23368,SET 12 COLOUR PENCILS DOLLY GIRL ,1396.4,2152,178
21192,WHITE BELL HONEYCOMB PAPER ,1390.1999999999998,924,39
21792,CLASSIC FRENCH STYLE BASKET GREEN ,1388.65,331,70
22458,CAST IRON HOOK GARDEN FORK,1371.4299999999998,513,14
22198,LARGE POPCORN HOLDER ,1370.4499999999998,873,53
21872,GLAMOROUS  MUG,1365.73,1265,119
84971S,SMALL HEART FLOWERS HOOK ,1365.5,1654,114
23546,WRAP PAISLEY PARK ,1365.0,3250,120
23348,CHILDRENS TOY COOKING UTENSIL SET,1363.16,676,122
22047,EMPIRE GIFT WRAP,1363.0,3350,105
22731,3D CHRISTMAS STAMPS STICKERS ,1361.95,1075,105
22436,12 COLOURED PARTY BALLOONS,1359.65,2089,139
22445,PENCIL CASE LIFE IS BEAUTIFUL,1359.3500000000001,469,93
23086,ZINC  STAR T-LIGHT HOLDER ,1357.79,1183,35
85034B,3 WHITE CHOC MORRIS BOXED CANDLES,1357.44,880,90
22498,WOODEN REGATTA BUNTING,1356.6000000000001,228,96
21055,TOOL BOX SOFT TOY ,1350.24,144,82
21714,CITRONELLA CANDLE GARDEN POT,1348.75,1079,126
23414,ZINC BOX SIGN HOME,1348.01,139,62
22531,MAGIC DRAWING SLATE CIRCUS PARADE  ,1347.66,3291,163
22583,PACK OF 6 HANDBAG GIFT BOXES,1346.3999999999999,528,77
23334,IVORY WICKER HEART SMALL,1345.5,2154,95
85040A,S/4 PINK FLOWER CANDLES IN BOWL,1344.8899999999999,805,125
21537,RED RETROSPOT PUDDING BOWL,1337.5,326,57
22358,KINGS CHOICE TEA CADDY ,1335.38,454,110
84032B,CHARLIE + LOLA RED HOT WATER BOTTLE,1333.15,651,130
22357,KINGS CHOICE BISCUIT TIN,1332.6,324,87
23104,IVORY CAFE HANGING LAMP ,1330.5,114,43
23250,VINTAGE RED TRIM ENAMEL BOWL ,1328.59,1079,87
23232,WRAP VINTAGE PETALS  DESIGN,1327.5,3275,104
22714,CARD BIRTHDAY COWBOY,1324.8899999999999,3367,155
23470,CARD HOLDER LOVE BIRD LARGE ,1323.4,220,75
22199,FRYING PAN RED RETROSPOT,1323.0,382,97
85232B,SET OF 3 BABUSHKA STACKING TINS,1321.6499999999999,267,9
21519,GIN & TONIC DIET GREETING CARD ,1320.9,3217,191
23034,DRAWER KNOB CERAMIC BLACK,1314.95,935,78
72349B,SET/6 PURPLE BUTTERFLY T-LIGHTS,1314.78,687,91
21232,STRAWBERRY CERAMIC TRINKET POT,1312.04,1036,75
21578,WOODLAND DESIGN  COTTON TOTE BAG,1311.75,583,82
90057,DIAMANTE RING ASSORTED IN BOX.,1311.3600000000001,1008,22
21829,DINOSAUR KEYRINGS ASSORTED,1310.25,6354,131
22285,HANGING HEN ON NEST DECORATION,1310.1,794,87
22399,MAGNETS PACK OF 4 CHILDHOOD MEMORY,1309.9,1130,87
22818,CARD CHRISTMAS VILLAGE,1309.32,3138,162
22982,PANTRY PASTRY BRUSH,1307.05,1044,146
22696,WICKER WREATH LARGE,1303.4599999999998,692,123
22076,6 RIBBONS EMPIRE  ,1302.7199999999998,1034,113
20961,STRAWBERRY BATH SPONGE ,1301.86,1026,127
22600,CHRISTMAS RETROSPOT STAR WOOD,1301.84,1538,143
22676,FRENCH BLUE METAL DOOR SIGN 1,1301.14,1038,138
23271,CHRISTMAS TABLE SILVER CANDLE SPIKE,1301.05,1603,74
21705,BAG 500g SWIRLY MARBLES,1299.2099999999998,1377,110
23057,BEADED CHANDELIER T-LIGHT HOLDER,1298.44,596,34
21832,CHOCOLATE CALCULATOR,1296.83,779,115
22071,SMALL WHITE RETROSPOT MUG IN BOX ,1295.04,710,72
22949,36 DOILIES DOLLY GIRL,1294.85,893,74
22306,SILVER MUG BONE CHINA TREE OF LIFE,1290.5700000000002,1126,99
21111,"SWISS ROLL TOWEL, CHOCOLATE  SPOTS",1290.3,788,50
84510A,SET OF 4 ENGLISH ROSE COASTERS,1289.34,1058,144
22713,CARD I LOVE LONDON ,1286.92,3249,149
23055,IVORY CHANDELIER T-LIGHT HOLDER,1286.72,560,36
22939,APRON APPLE DELIGHT,1286.65,267,62
22948,METAL DECORATION NAUGHTY CHILDREN ,1284.86,1454,98
21039,RED RETROSPOT SHOPPING BAG,1284.6599999999999,510,77
22976,CIRCUS PARADE CHILDRENS EGG CUP ,1282.34,1022,112
35953,FOLKART STAR CHRISTMAS DECORATIONS,1281.1599999999999,3016,85
22503,CABIN BAG VINTAGE PAISLEY,1279.2,64,16
22227,HANGING HEART MIRROR DECORATION ,1276.8500000000001,1969,170
23119,PACK OF 6 LARGE FRUIT STRAWS ,1275.71,2155,116
23000,TRAVEL CARD WALLET TRANSPORT,1274.76,3042,205
23538,WALL ART VINTAGE HEART,1273.92,326,27
21200,MULTICOLOUR HONEYCOMB PAPER GARLAND,1272.8999999999999,1010,39
72802A,ROSE SCENT CANDLE IN JEWELLED BOX,1271.67,315,55
21470,FLOWER VINE RAFFIA FOOD COVER,1271.13,336,114
23378,PACK OF 12 50'S CHRISTMAS TISSUES,1270.59,3413,144
21686,MEDINA STAMPED METAL STOOL,1268.3500000000001,33,18
84969,BOX OF 6 ASSORTED COLOUR TEASPOONS,1267.99,295,73
22716,CARD CIRCUS PARADE,1267.23,3076,214
35924,HANGING FAIRY CAKE DECORATION,1262.1,724,31
22130,PARTY CONE CHRISTMAS DECORATION ,1260.53,1505,88
84580,MOUSE TOY WITH PINK T-SHIRT,1256.3,334,120
23469,CARD HOLDER LOVE BIRD SMALL,1255.7600000000002,320,63
23249,VINTAGE RED ENAMEL TRIM PLATE,1254.8999999999999,778,67
21987,PACK OF 6 SKULL PAPER CUPS,1254.74,2050,147
21328,BALLOONS  WRITING SET ,1253.9499999999998,755,187
22304,COFFEE MUG BLUE PAISLEY DESIGN,1252.76,738,47
47503A,ASS FLORAL PRINT MULTI SCREWDRIVER,1251.61,2730,161
22461,SAVOY ART DECO CLOCK,1251.25,231,45
22591,CARDHOLDER GINGHAM CHRISTMAS TREE,1250.84,374,63
21897,POTTING SHED CANDLE CITRONELLA,1250.82,402,2
84795B,SUNSET CHECK HAMMOCK,1249.65,167,40
23040,PAPER LANTERN 9 POINT SNOW STAR ,1249.5,234,32
21619,4 VANILLA BOTANICAL CANDLES,1247.5,896,121
22335,HEART DECORATION PAINTED ZINC ,1246.3000000000002,2018,123
22911,PAPER CHAIN KIT LONDON,1243.99,437,81
84279P,CHERRY BLOSSOM  DECORATIVE FLASK,1242.72,336,94
23373,VINTAGE CHRISTMAS PAPER GIFT BAG,1241.6599999999999,1563,88
23221,REINDEER HEART DECORATION SILVER,1241.59,1461,110
21793,CLASSIC FRENCH STYLE BASKET BROWN,1240.44,296,66
71038,WHITE HANGING BEADS CANDLE HOLDER,1239.5,238,47
22473,TV DINNER TRAY VINTAGE PAISLEY,1239.39,437,79
23505,PLAYING CARDS I LOVE LONDON ,1238.5,1058,104
23237,SET OF 4 KNICK KNACK TINS LEAVES ,1237.2,304,53
22742,MAKE YOUR OWN PLAYTIME CARD KIT,1236.24,624,88
21577,SAVE THE PLANET COTTON TOTE BAG,1235.25,549,116
22419,LIPSTICK PEN RED,1232.34,2803,157
22299,PIG KEYRING WITH LIGHT & SOUND ,1231.34,1316,42
15044A,PINK PAPER PARASOL ,1230.5800000000002,422,78
22208,WOOD STAMP SET THANK YOU,1229.12,1283,199
85183B,CHARLIE & LOLA WASTEPAPER BIN FLORA,1228.25,977,106
85054,FRENCH ENAMEL POT W LID,1227.41,549,87
22922,FRIDGE MAGNETS US DINER ASSORTED,1226.3999999999999,1482,88
22472,TV DINNER TRAY DOLLY GIRL,1224.17,291,80
22363,GLASS JAR MARMALADE ,1223.99,453,57
22770,MIRROR CORNICE,1223.25,83,55
22912,YELLOW COAT RACK PARIS FASHION,1222.74,270,90
22905,CALENDAR IN SEASON DESIGN,1222.54,477,67
21422,PORCELAIN ROSE SMALL,1218.36,1560,46
22576,SWALLOW WOODEN CHRISTMAS DECORATION,1217.78,1418,125
22449,SILK PURSE BABUSHKA PINK,1214.3300000000002,364,87
21123,SET/10 IVORY POLKADOT PARTY CANDLES,1213.31,973,97
22475,SKULL DESIGN TV DINNER TRAY,1211.1000000000001,278,109
22200,FRYING PAN PINK POLKADOT,1209.54,326,76
21528,DAIRY MAID TRADITIONAL TEAPOT ,1209.2,176,86
22443,GROW YOUR OWN HERBS SET OF 3,1208.4,152,80
22609,PENS ASSORTED SPACEBALL,1206.2,5564,118
22278,OVERNIGHT BAG VINTAGE ROSE PAISLEY,1202.8500000000001,243,82
23138,SINGLE WIRE HOOK IVORY HEART,1201.8999999999999,870,75
23536,WALL ART VILLAGE SHOW ,1201.6100000000001,227,56
23444,Next Day Carriage,1200.0,79,79
22929,SCHOOL DESK AND CHAIR ,1199.75,19,13
84968C,SET OF 16 VINTAGE PISTACHIO CUTLERY,1198.5,94,48
22028,PENNY FARTHING BIRTHDAY CARD,1198.45,2903,185
21615,4 LAVENDER BOTANICAL DINNER CANDLES,1193.75,839,100
22917,HERB MARKER ROSEMARY,1191.15,1851,190
21864,UNION JACK FLAG PASSPORT COVER ,1190.3400000000001,609,96
84012,MAGIC SHEEP WOOL GROWING FROM PAPER,1190.0,1212,94
21620,SET OF 4 ROSE BOTANICAL CANDLES,1188.75,795,124
21813,GARLAND WITH STARS AND BELLS,1187.1000000000001,250,40
21624,VINTAGE UNION JACK DOORSTOP,1184.8500000000001,203,82
22293,HANGING CHICK GREEN DECORATION,1184.6499999999999,817,82
22664,TOY TIDY DOLLY GIRL DESIGN,1178.18,642,102
22442,GROW YOUR OWN FLOWERS SET OF 3,1177.8,292,74
23366,SET 12 COLOURING PENCILS DOILY,1177.1000000000001,1870,137
23598,PAPER BUNTING VINTAGE PARTY,1175.0,420,42
22439,6 ROCKET BALLOONS ,1172.9,1762,156
22711,WRAP CIRCUS PARADE,1171.34,2827,100
22168,ORGANISER WOOD ANTIQUE WHITE ,1171.3,140,76
51014C,"FEATHER PEN,COAL BLACK",1170.8999999999999,2438,110
22916,HERB MARKER THYME,1168.4,1816,186
21902,"KEY FOB , FRONT  DOOR ",1168.2800000000002,1902,161
23071,MARIE ANTOINETTE TRINKET BOX GOLD,1167.6,312,16
23392,SPACEBOY ROCKET LOLLY MAKERS,1165.28,587,78
20984,12 PENCILS TALL TUBE POSY,1161.1799999999998,3782,167
22318,FIVE HEART HANGING DECORATION,1161.0000000000002,396,89
20985,HEART CALCULATOR,1155.88,1013,87
22575,METAL MERRY CHRISTMAS WREATH,1154.25,619,76
21382,SET/4 SPRING FLOWER DECORATION,1151.8,1040,93
22613,PACK OF 20 SPACEBOY NAPKINS,1150.3799999999999,1488,114
22708,WRAP DOLLY GIRL,1149.5,2775,99
84536A,ENGLISH ROSE NOTEBOOK A7 SIZE,1147.0,2729,221
84813,SET OF 4 DIAMOND NAPKIN RINGS,1146.97,145,22
21211,SET OF 72 SKULL PAPER  DOILIES,1143.35,815,66
21913,VINTAGE SEASIDE JIGSAW PUZZLES,1142.53,305,89
21742,LARGE ROUND WICKER PLATTER ,1142.4,192,89
37342,POLKADOT COFFEE CUP & SAUCER PINK,1142.29,1435,63
21899,"KEY FOB , GARAGE DESIGN",1140.6200000000001,1870,103
21901,"KEY FOB , BACK DOOR ",1140.26,1742,234
10133,COLOURING PENCILS BROWN TUBE,1138.99,2373,122
23142,IVORY WIRE KITCHEN ORGANISER,1137.65,116,36
23067,HANGING ENGRAVED METAL HEART,1137.1000000000001,274,71
85159B,"WHITE TEA,COFFEE,SUGAR JARS",1134.5,622,59
15039,SANDALWOOD FAN,1132.3,1558,70
22977,DOLLY GIRL CHILDRENS EGG CUP,1131.21,904,111
21986,PACK OF 12 PINK POLKADOT TISSUES,1129.79,3985,155
21706,FOLDING UMBRELLA RED/WHITE POLKADOT,1129.63,228,68
23559,WOODLAND BUNNIES LOLLY MAKERS,1129.28,563,75
21012,ANTIQUE ALL GLASS CANDLESTICK,1129.1000000000001,565,80
23507,MINI PLAYING CARDS BUFFALO BILL ,1128.18,2839,101
23405,HOME SWEET HOME 2 DRAWER CABINET,1128.05,235,57
21361,LOVE LARGE WOOD LETTERS ,1127.85,91,54
22944,CHRISTMAS METAL POSTCARD WITH BELLS,1125.94,2704,57
22650,CERAMIC PIRATE CHEST MONEY BANK,1122.95,791,106
21744,SNOWFLAKE PORTABLE TABLE LIGHT ,1122.19,365,80
22918,HERB MARKER PARSLEY,1119.15,1771,187
21352,EUCALYPTUS & PINECONE  WREATH,1118.65,311,37
21175,GIN AND TONIC DIET METAL SIGN,1118.46,474,37
23431,NATURAL HANGING QUILTED HEARTS ,1113.1299999999999,1427,67
22060,LARGE CAKE STAND HANGING HEARTS,1111.05,231,34
84032A,CHARLIE+LOLA PINK HOT WATER BOTTLE,1107.0100000000002,447,105
22063,CERAMIC BOWL WITH STRAWBERRY DESIGN,1106.5500000000002,537,81
23506,MINI PLAYING CARDS SPACEBOY ,1106.28,2694,127
37447,CERAMIC CAKE DESIGN SPOTTED PLATE,1104.8899999999999,757,76
22754,SMALL RED BABUSHKA NOTEBOOK ,1104.74,1800,194
15058A,BLUE POLKADOT GARDEN PARASOL,1104.6,148,51
22915,ASSORTED BOTTLE TOP  MAGNETS ,1104.36,2928,133
22494,EMERGENCY FIRST AID TIN ,1102.64,890,119
23061,VINTAGE EMBOSSED HEART,1102.46,886,84
22416,SET OF 36 DOILIES SPACEBOY DESIGN ,1102.3999999999999,800,56
22334,DINOSAUR PARTY BAG + STICKER SET,1101.44,684,91
22320,BIRDS MOBILE VINTAGE DESIGN,1100.21,183,69
23072,MARIE ANTOINETTE TRINKET BOX SILVER,1099.0,326,22
22735,RIBBON REEL SOCKS AND MITTENS,1097.88,668,86
85227,SET OF 6 3D KIT CARDS FOR KIDS,1097.73,1311,147
22452,MEASURING TAPE BABUSHKA PINK,1094.8000000000002,388,66
21395,BLUE POLKADOT BEAKER ,1094.34,2806,78
21616,4 PEAR BOTANICAL DINNER CANDLES,1093.75,755,104
22471,TV DINNER TRAY AIR HOSTESS ,1092.73,359,64
22677,FRENCH BLUE METAL DOOR SIGN 2,1092.51,874,113
23225,CHERUB HEART DECORATION SILVER ,1089.6,1296,69
47480,HANGING PHOTO CLIP ROPE LADDER,1089.58,690,52
22603,CHRISTMAS RETROSPOT TREE WOOD,1088.1299999999999,1293,125
82578,KITCHEN METAL SIGN,1087.46,1954,220
23539,WALL ART LOVES' SECRET ,1082.1100000000001,229,33
84884A,ANT WHITE WIRE HEART SPIRAL,1076.66,286,64
21700,BIG DOUGHNUT FRIDGE MAGNETS,1076.1,1266,85
23515,EMBROIDERED RIBBON REEL DAISY ,1075.3799999999999,558,59
21830,ASSORTED CREEPY CRAWLIES,1073.47,2551,88
23513,EMBROIDERED RIBBON REEL SUSIE ,1072.96,556,62
22919,HERB MARKER MINT,1070.25,1665,191
21820,GLITTER HEART GARLAND WITH BELLS ,1068.59,288,58
22073,RED RETROSPOT STORAGE JAR,1067.1,298,45
23418,LAVENDER TOILETTE BOTTLE,1066.88,533,60
23269,SET OF 2 CERAMIC CHRISTMAS TREES,1065.3999999999999,748,76
22984,CARD GINGHAM ROSE ,1063.66,2654,140
23375,50'S CHRISTMAS PAPER GIFT BAG,1059.9399999999998,1317,88
21070,VINTAGE BILLBOARD MUG ,1058.54,1032,77
21818,GLITTER HEART DECORATION,1056.3400000000001,2434,129
22921,HERB MARKER CHIVES ,1055.95,1643,166
23529,DOLLY GIRL WALL ART,1055.94,318,11
21819,GLITTER CHRISTMAS STAR ,1053.46,2462,118
16016,LARGE CHINESE STYLE SCISSOR,1053.45,1273,65
23369,SET 36 COLOUR PENCILS LOVE LONDON,1053.29,901,95
22167, OVAL WALL MIRROR DIAMANTE ,1050.0,121,59
22539,MINI JIGSAW DOLLY GIRL,1049.1499999999999,2821,85
85132B,CHARLIE AND LOLA TABLE TINS,1048.35,513,60
23511,EMBROIDERED RIBBON REEL EMILY ,1046.42,524,85
23432,PRETTY HANGING QUILTED HEARTS,1045.1999999999998,1272,70
22375,AIRLINE BAG VINTAGE JET SET BROWN,1043.3,250,96
23542,70'S ALPHABET WALL ART,1043.1,150,15
22572,ROCKING HORSE GREEN CHRISTMAS ,1039.24,1252,126
22997,TRAVEL CARD WALLET UNION JACK,1038.9,2477,181
84828,JUNGLE POPSICLES ICE LOLLY MOULDS,1038.66,831,96
22802,FAUX FUR CHOCOLATE THROW,1035.75,65,34
84968E,SET OF 16 VINTAGE BLACK CUTLERY,1035.06,87,22
21464,DISCO BALL ROTATOR BATTERY OPERATED,1034.0,244,102
21812,GARLAND WITH HEARTS AND BELLS,1032.15,217,42
22923,FRIDGE MAGNETS LES ENFANTS ASSORTED,1031.85,1269,75
22066,LOVE HEART TRINKET POT,1029.1399999999999,2232,131
23231,WRAP  VINTAGE DOILY ,1029.0,2450,93
23516,EMBROIDERED RIBBON REEL SOPHIE  ,1025.01,291,40
21363,HOME SMALL WOOD LETTERS,1024.65,207,90
21071,VINTAGE BILLBOARD DRINK ME MUG,1020.98,845,107
21693,SMALL HAMMERED SILVER CANDLEPOT ,1020.7000000000002,346,43
21179,NO JUNK MAIL METAL SIGN,1019.59,1783,166
23026,DRAWER KNOB VINTAGE GLASS STAR,1016.97,503,53
22611,VINTAGE UNION JACK SHOPPING BAG,1016.85,219,40
23411, TRELLIS COAT RACK,1016.5500000000001,217,46
23544,WALL ART MID CENTURY MODERN ,1015.78,164,20
84944,SET OF 6 KASHMIR FOLKART BAUBLES,1014.7499999999999,563,71
85036C,ROSE 1 WICK MORRIS BOXED CANDLE,1013.52,726,76
23508,MINI PLAYING CARDS DOLLY GIRL ,1013.0400000000001,2472,106
23327,HANGING CLEAR MINI BOTTLE,1012.0200000000001,1710,34
22755,SMALL PURPLE BABUSHKA NOTEBOOK ,1010.2299999999999,1574,193
22474,SPACEBOY TV DINNER TRAY,1009.0400000000001,244,83
82567,"AIRLINE LOUNGE,METAL SIGN",1007.21,495,149
23460,SWEETHEART WALL TIDY ,1007.0799999999999,108,43
22402,MAGNETS PACK OF 4 VINTAGE COLLAGE,1005.72,1701,144
23433,HANGING QUILTED PATCHWORK APPLES,1003.17,1215,82
23347,I LOVE LONDON BEAKER,999.75,827,70
21984,PACK OF 12 PINK PAISLEY TISSUES ,999.5999999999999,3294,157
20665,RED RETROSPOT PURSE ,998.2000000000002,340,73
22686,FRENCH BLUE METAL DOOR SIGN No,997.2,859,73
23087,ZINC  HEART T-LIGHT HOLDER,997.1800000000001,830,49
22203,MILK PAN RED RETROSPOT,996.13,310,91
23131,MISELTOE HEART WREATH CREAM,996.0000000000001,240,1
23376,PACK OF 12 VINTAGE CHRISTMAS TISSUE,995.4599999999999,2630,113
23102,SILVER HEARTS TABLE DECORATION,995.3299999999999,1231,139
21809,CHRISTMAS HANGING TREE WITH BELL,993.66,1857,85
23365,SET 12 COLOUR PENCILS LOVE LONDON,991.45,1529,128
23452,HEART MINI PORTRAIT FRAME,990.9,510,81
22153,ANGEL DECORATION STARS ON DRESS,987.42,2399,86
22362,GLASS JAR PEACOCK BATH SALTS,987.23,349,81
21466,RED FLOWER CROCHET FOOD COVER,982.49,267,91
22081,RIBBON REEL FLORA + FAUNA ,978.37,585,89
22608,PENS ASSORTED FUNKY JEWELED ,977.89,4897,84
21329,DINOSAURS  WRITING SET ,975.0999999999999,586,168
23041,PAPER LANTERN 9 POINT SNOW STAR,971.1,234,42
22152,PLACE SETTING WHITE STAR,967.13,2350,93
21508,VINTAGE KID DOLLY CARD ,966.07,2381,145
22245,"HOOK, 1 HANGER ,MAGIC GARDEN",965.26,1198,56
21407,BROWN CHECK CAT DOORSTOP ,965.0,233,94
22221,CAKE STAND LOVEBIRD 2 TIER PINK,964.4,124,44
22242,5 HOOK HANGER MAGIC TOADSTOOL,964.3499999999999,631,27
85132A,CHARLIE + LOLA BISCUITS TINS,963.3499999999999,453,51
22924,FRIDGE MAGNETS LA VIE EN ROSE,963.3,1170,74
22459,CAST IRON HOOK GARDEN TROWEL,962.73,375,15
22107,PIZZA PLATE IN BOX,962.48,291,69
72817,SET OF 2 CHRISTMAS DECOUPAGE CANDLE,961.4,1048,94
23281,FOLDING BUTTERFLY MIRROR RED  ,961.28,1252,89
22614,PACK OF 12 SPACEBOY TISSUES,960.6099999999999,2955,170
20967,GREY FLORAL FELTCRAFT SHOULDER BAG,960.0,256,75
23121,PACK OF 6 COCKTAIL PARASOL STRAWS,958.3199999999999,2460,87
22673,FRENCH GARDEN SIGN BLUE METAL,956.83,769,110
82001S,SILVER RECORD COVER FRAME,955.86,272,19
21355,TOAST ITS - I LOVE YOU ,955.4,772,107
23518,EMBROIDERED RIBBON REEL RACHEL ,954.9300000000001,357,41
84819,DANISH ROSE ROUND SEWING BOX,951.79,811,62
84968F,SET OF 16 VINTAGE SKY BLUE CUTLERY,951.3,78,30
79302M,"ART LIGHTS,FUNK MONKEY",950.45,355,47
22757,LARGE RED BABUSHKA NOTEBOOK ,949.21,1008,113
22453,MEASURING TAPE BABUSHKA BLUE,948.7500000000001,333,46
23088,ZINC HEART FLOWER T-LIGHT HOLDER,947.18,760,57
22986,WRAP GINGHAM ROSE ,943.92,2276,82
23033,DRAWER KNOB CERAMIC RED,943.75,679,59
22597,MUSICAL ZINC HEART DECORATION ,943.64,2498,113
85199S,SMALL HANGING IVORY/RED WOOD BIRD,943.13,2227,157
51014L,"FEATHER PEN,LIGHT PINK",941.3399999999999,1924,105
21469,POLKA DOT RAFFIA FOOD COVER,941.21,250,71
22589,CARDHOLDER GINGHAM STAR,940.49,323,57
22678,FRENCH BLUE METAL DOOR SIGN 3,939.93,750,102
22758,LARGE PURPLE BABUSHKA NOTEBOOK  ,939.52,1120,127
84459B,YELLOW METAL CHICKEN HEART ,938.12,676,60
23533,WALL ART GARDEN HAVEN ,936.34,210,31
21447,12 IVORY ROSE PEG PLACE SETTINGS,936.25,749,91
22372,AIRLINE BAG VINTAGE WORLD CHAMPION ,935.33,221,101
22444,GROW YOUR OWN PLANT IN A CAN ,934.26,762,33
23402,HOME SWEET HOME 3 PEG HANGER ,934.1700000000001,255,51
21788,KIDS RAIN MAC BLUE,933.53,1199,66
22857,ASSORTED EASTER GIFT TAGS,933.26,1142,58
22995,TRAVEL CARD WALLET SUKI,932.88,2228,183
23525,WALL ART BUFFALO BILL ,932.6700000000001,321,29
23331,DECORATIVE WICKER HEART SMALL,932.2800000000001,1492,81
21688,SILVER PLATE CANDLE BOWL SMALL,932.2000000000002,316,39
21717,EASTER TIN BUCKET,931.95,405,38
22094,RED RETROSPOT TISSUE BOX,930.0400000000001,2081,145
22680,FRENCH BLUE METAL DOOR SIGN 5,929.97,743,100
21198,WHITE HEART CONFETTI IN TUBE,929.9099999999999,963,50
10125,MINI FUNKY DESIGN TAPES,929.45,1225,61
22046,TEA PARTY  WRAPPING PAPER ,929.0,2250,75
21043,APRON MODERN VINTAGE COTTON,927.9499999999999,441,57
22338,STAR DECORATION PAINTED ZINC ,924.95,4175,116
22155,STAR DECORATION RUSTIC,924.42,2201,85
22860,EASTER TIN CHICKS PINK DAISY,923.9999999999999,560,85
23527,ANIMALS AND NATURE WALL ART,923.97,267,17
23153,ZINC SWEETHEART WIRE LETTER RACK,923.63,248,78
23512,EMBROIDERED RIBBON REEL ROSIE,921.46,484,49
22091,EMPIRE TISSUE BOX,919.6700000000001,1937,130
23566,EGG CUP MILKMAID HEIDI,919.52,784,46
22024,RAINY LADIES BIRTHDAY CARD,918.91,2280,129
22540,MINI JIGSAW CIRCUS PARADE ,915.78,2451,65
72800E,4 IVORY DINNER CANDLES SILVER FLOCK,913.74,450,96
21224,SET/4 SKULL BADGES,913.7,734,81
20956,PORCELAIN T-LIGHT HOLDERS ASSORTED,913.63,728,59
85106,CUT GLASS HEXAGON T-LIGHT HOLDER,912.9599999999999,528,9
22315,200 RED + WHITE BENDY STRAWS,912.27,759,119
22098,BOUDOIR SQUARE TISSUE BOX,910.08,1955,143
23514,EMBROIDERED RIBBON REEL SALLY ,909.14,458,62
84313C,ORANGE TV TRAY TABLE ,908.15,461,24
84459A,PINK METAL CHICKEN HEART ,906.14,670,53
22223,CAKE PLATE LOVEBIRD PINK,902.85,315,42
23510,MINI PLAYING CARDS GYMKHANA,901.74,2297,95
22808,SET OF 6 T-LIGHTS EASTER CHICKS,899.8000000000002,320,54
23529,WALL ART DOLLY GIRL ,896.3700000000001,311,19
23419,HOME SWEET HOME BOTTLE ,895.0400000000001,437,61
15058C,ICE CREAM DESIGN GARDEN PARASOL,894.35,193,30
85114A,BLACK ENCHANTED FOREST PLACEMAT,893.25,585,42
22939,ADULT APRON APPLE DELIGHT,891.9300000000001,179,40
21679,SKULLS  STICKERS,891.2199999999999,1054,87
84823,DANISH ROSE FOLDING CHAIR,890.4000000000001,112,25
21327,SKULLS WRITING SET ,887.6999999999999,538,145
21354,TOAST ITS - BEST MUM,885.95,751,68
23528,SPACEBOY WALL ART,885.9000000000001,306,13
16237,SLEEPING CAT ERASERS,885.45,4595,162
22994,TRAVEL CARD WALLET RETROSPOT,882.24,2104,160
21682,LARGE MEDINA STAMPED METAL BOWL ,881.1600000000001,177,50
82599,FANNY'S REST STOPMETAL SIGN,879.1800000000001,421,85
23540,WALL ART THE MAGIC FOREST ,876.64,144,9
17091J,VANILLA INCENSE IN TIN,876.34,2066,87
21683,MEDIUM MEDINA STAMPED METAL BOWL ,876.1500000000001,297,48
23107,WHITE HEARTS WIRE PLANT POT HOLDER,873.5600000000001,324,59
15058B,PINK POLKADOT GARDEN PARASOL,866.25,115,41
85064,CREAM SWEETHEART LETTER RACK,866.05,205,23
23545,WRAP RED VINTAGE DOILY,866.0,2100,68
15044B,BLUE PAPER PARASOL ,865.6500000000001,307,48
84843,WHITE SOAP RACK WITH 2 BOTTLES,864.35,161,41
21389,IVORY HANGING DECORATION  BIRD,862.75,1015,94
23517,EMBROIDERED RIBBON REEL REBECCA ,860.88,312,51
47504H,ENGLISH ROSE SPIRIT LEVEL ,860.88,948,92
23002,TRAVEL CARD WALLET SKULLS,860.4,2052,140
21462,"NURSERY A,B,C PAINTED LETTERS",859.2,192,67
21507,"ELEPHANT, BIRTHDAY CARD, ",859.08,2114,126
23099,FRENCH CARRIAGE LANTERN,858.9000000000001,132,54
84509G,SET OF 4 FAIRY CAKE PLACEMATS ,856.25,491,46
22161,HEART DECORATION RUSTIC HANGING ,855.9200000000001,4138,153
84558A,3D DOG PICTURE PLAYING CARDS,855.5000000000001,290,60
21557,SET OF 6 FUNKY BEAKERS,854.0400000000001,300,51
23532,WALL ART WORK REST AND PLAY  ,853.47,205,26
21058,PARTY INVITES WOODLAND,853.2199999999999,1046,87
20886,BOX OF 9 PEBBLE CANDLES,851.4,452,77
22695,WICKER WREATH SMALL,850.87,695,96
21246,RED RETROSPOT BIG BOWL,849.45,175,39
21617,4 LILY  BOTANICAL DINNER CANDLES,848.0,470,76
21391,FRENCH LAVENDER SCENT HEART,846.6,965,75
23525,BUFFALO BILL WALL ART ,845.22,246,15
22706,WRAP COWBOYS  ,845.0,2050,69
85180A,RED HEARTS LIGHT CHAIN ,844.34,434,37
22310,IVORY KNITTED MUG COSY ,841.79,531,51
72816,SET/3 CHRISTMAS DECOUPAGE CANDLES,841.56,826,31
85034A,3 GARDENIA MORRIS BOXED CANDLES,840.29,489,67
21188,3D HEARTS  HONEYCOMB PAPER GARLAND,838.5000000000001,294,33
23178,JAM CLOCK MAGNET,838.47,309,55
23179,CLOCK MAGNET MUM'S KITCHEN,837.88,304,40
22307,GOLD MUG BONE CHINA TREE OF LIFE,835.61,729,61
23523,TREASURE AHOY WALL ART,833.46,270,16
85232D,SET/3 DECOUPAGE STACKING TINS,827.7,174,53
21065,BOOM BOX SPEAKER GIRLS,827.15,485,40
22500,SET OF 2 TINS JARDIN DE PROVENCE,826.5500000000001,235,85
21399,BLUE POLKADOT COFFEE MUG,826.14,2035,62
21821,GLITTER STAR GARLAND WITH BELLS ,825.45,223,40
23502,PLAYING CARDS VINTAGE DOILY ,822.73,677,85
20686,DOLLY MIXTURE CHILDREN'S UMBRELLA,822.38,252,64
22761,CHEST 7 DRAWER MA CAMPAGNE,821.3,34,24
22231,JIGSAW TREE WITH BIRDHOUSE,821.13,867,106
22210,WOOD STAMP SET BEST WISHES,820.91,912,142
23338,EGG FRYING PAN RED ,820.32,405,91
23479,WIRE EGG BASKET ,819.65,109,40
23186,FRENCH STYLE STORAGE JAR CAFE ,819.4599999999999,1982,70
21695,SMALL SILVER FLOWER CANDLE POT,817.1500000000001,277,35
21694,SMALL REGAL  SILVER CANDLEPOT ,817.0500000000001,303,20
85035B,CHOCOLATE 3 WICK MORRIS BOX CANDLE,816.25,557,43
84968D,SET OF 16 VINTAGE RED CUTLERY,814.92,62,31
21467,CHERRY CROCHET FOOD COVER,813.67,215,78
47580,TEA TIME DES TEA COSY,813.6099999999999,328,76
79191C,RETRO PLASTIC ELEPHANT TRAY,812.53,1105,65
22376,AIRLINE BAG VINTAGE JET SET WHITE,812.19,191,82
84849D,HOT BATHS SOAP HOLDER,809.51,479,102
22679,FRENCH BLUE METAL DOOR SIGN 4,809.32,646,91
22211,WOOD STAMP SET FLOWERS,806.7299999999999,782,126
85183A,CHARLIE & LOLA WASTEPAPER BIN BLUE,805.75,657,81
22093,MOTORING TISSUE BOX,804.8100000000001,1823,153
37340,MULTICOLOUR SPRING FLOWER MUG,803.74,2042,63
22438,BALLOON ART MAKE YOUR OWN FLOWERS,801.45,887,68
21642,ASSORTED TUTTI FRUTTI PEN,800.9499999999999,2451,90
22209,WOOD STAMP SET HAPPY BIRTHDAY,798.67,820,121
23524,HORSE & PONY WALL ART,797.3100000000001,256,17
23022,SMALL BONNE JAM JAR  T-LIGHT HOLDER,795.6800000000001,416,21
22421,LIPSTICK PEN FUSCHIA,794.78,1924,120
20931,BLUE POT PLANT CANDLE ,794.45,263,37
22123,PING MICROWAVE APRON,793.5999999999999,442,72
84796B,BLUE SAVANNAH PICNIC HAMPER FOR 2,793.3499999999999,69,17
79160,HEART SHAPE WIRELESS DOORBELL,792.54,443,48
21191,LARGE WHITE HONEYCOMB PAPER BELL  ,788.0400000000001,394,44
22705,WRAP GREEN PEARS ,787.5,1875,74
22681,FRENCH BLUE METAL DOOR SIGN 6,785.57,627,81
22190,LOCAL CAFE MUG,785.13,566,52
22262,FELT EGG COSY CHICKEN,785.12,920,90
20846,ZINC HEART LATTICE T-LIGHT HOLDER,784.22,646,62
23380,PACK OF 12 VINTAGE DOILY TISSUES,783.6899999999999,2087,92
72818,CHRISTMAS DECOUPAGE CANDLE,782.77,1821,63
21291,SMALL POLKADOT CHOCOLATE GIFT BAG ,782.0,920,40
21262,WHITE GOOSE FEATHER CHRISTMAS TREE ,781.7500000000001,265,50
21648,ASSORTED TUTTI FRUTTI SMALL PURSE,780.14,646,31
23004,TRAVEL CARD WALLET PANTRY,779.9,1853,123
15044C,PURPLE PAPER PARASOL,779.45,271,60
85159A,"BLACK TEA,COFFEE,SUGAR JARS",779.4499999999999,451,45
23472, NINE DRAWER OFFICE TIDY,777.9,54,30
35648,VINTAGE BEAD PINK PURSE ,774.76,812,60
23220,REINDEER HEART DECORATION GOLD,774.43,929,77
84596G,SMALL CHOCOLATES PINK BOWL,774.18,1660,158
22682,FRENCH BLUE METAL DOOR SIGN 7,773.11,618,79
22074,6 RIBBONS SHIMMERING PINKS ,772.9399999999999,1000,75
22132,RED LOVE HEART SHAPE CUP,772.91,935,83
23409,PHOTO FRAME LINEN AND LACE LARGE,771.72,208,41
85059,FRENCH ENAMEL WATER BASIN,771.21,290,79
22270,HAPPY EASTER HANGING DECORATION,770.22,210,42
21927,BLUE/CREAM STRIPE CUSHION COVER ,769.9,622,98
22342,HOME GARLAND PAINTED ZINC ,769.65,833,52
21112,"SWISS ROLL TOWEL, PINK  SPOTS",769.65,579,19
22546,MINI JIGSAW PURDEY,767.41,2064,59
22936,BAKING MOULD ROSE WHITE CHOCOLATE,766.88,258,33
21199,PINK  HEART CONFETTI IN TUBE,766.56,864,48
22986,GINGHAM ROSE WRAP,766.5,1825,72
22817,CARD SUKI BIRTHDAY,763.08,1858,126
84535B,FAIRY CAKES NOTEBOOK A6 SIZE,762.99,1288,109
22537,MAGIC DRAWING SLATE DINOSAUR,762.72,1816,135
23458,DOLLY CABINET 3 DRAWERS ,762.4499999999999,51,30
84660A,WHITE STITCHED WALL CLOCK,761.9,837,36
21631,HIPPY CHIC DECORATIVE PARASOL,761.85,155,16
22252,BIRDCAGE DECORATION TEALIGHT HOLDER,761.57,643,67
23550,WRAP ALPHABET POSTER  ,761.0,1850,63
17084R,ASSORTED INCENSE PACK,760.3199999999999,4032,27
22819,"BIRTHDAY CARD, RETRO SPOT",758.88,1848,126
22522,CHILDS GARDEN FORK BLUE ,757.89,921,120
23423,PANTRY 3 HOOK ROLLING PIN HANGER,757.5,202,51
20752,BLUE POLKADOT WASHING UP GLOVES,756.0000000000001,360,115
22985,WRAP BILLBOARD FONTS DESIGN,756.0,1800,62
21287,SCENTED VELVET LOUNGE CANDLE ,755.13,1788,54
23519,EMBROIDERED RIBBON REEL CLAIRE,755.01,219,19
23487,SWEET HEART CAKE CARRIER,753.9999999999999,78,42
21504,SKULLS GREETING CARD,753.12,1860,96
21408,SPOTTY PINK DUCK DOORSTOP,752.51,221,65
22497,SET OF 2 TINS VINTAGE BATHROOM ,752.25,177,59
23017,APOTHECARY MEASURING JAR,751.4000000000001,64,21
21743,STAR PORTABLE TABLE LIGHT ,750.7,274,31
22325,MOBILE VINTAGE HEARTS ,750.3000000000001,152,58
85194L,HANGING SPRING FLOWER EGG LARGE,746.28,900,56
23106,ZINC HEARTS PLANT POT HOLDER,746.15,275,49
22343,PARTY PIZZA DISH RED RETROSPOT,744.3399999999999,1702,63
21125,SET 6 FOOTBALL CELEBRATION CANDLES,743.75,595,67
21359,RELAX LARGE WOOD LETTERS,743.7,126,26
22118,JOY WOODEN BLOCK LETTERS,742.63,217,78
22815,CARD PSYCHEDELIC APPLES,742.2,1798,113
21947,SET OF 6 HEART CHOPSTICKS,741.48,594,82
22519,CHILDS GARDEN BRUSH PINK,741.0000000000001,370,65
21064,BOOM BOX SPEAKER BOYS,740.15,171,54
84519A,TOMATO CHARLIE+LOLA COASTER SET,739.1899999999999,477,61
20914,SET/5 RED SPOTTY LID GLASS BOWLS,734.4,288,1
22985,"WRAP, BILLBOARD FONTS DESIGN",731.0,1950,34
20802,SMALL GLASS SUNDAE DISH CLEAR,730.4399999999999,648,44
85114C,RED ENCHANTED FOREST PLACEMAT,730.05,457,60
22277,COSMETIC BAG VINTAGE ROSE PAISLEY,728.62,355,63
22480,RED TEA TOWEL CLASSIC DESIGN,728.52,612,67
21465,PINK FLOWER CROCHET FOOD COVER,727.46,193,63
21949,SET OF 6 STRAWBERRY CHOPSTICKS,725.49,613,59
72799E,IVORY PILLAR CANDLE SILVER FLOCK,725.19,393,48
21294,ETCHED GLASS COASTER,722.88,1536,58
23335,EGG FRYING PAN IVORY ,722.5600000000001,358,81
22524,CHILDRENS GARDEN GLOVES BLUE,721.0,592,65
22683,FRENCH BLUE METAL DOOR SIGN 8,720.57,575,80
84609,TALL ROCOCO CANDLE HOLDER,720.0,90,17
22523,CHILDS GARDEN FORK PINK,716.55,843,118
22566,FELTCRAFT HAIRBAND PINK AND PURPLE,716.28,828,118
22587,FELTCRAFT HAIRBAND RED AND BLUE,715.6999999999999,842,120
22102,MIRROR MOSAIC T-LIGHT HOLDER ,715.05,1533,18
72803A,ROSE SCENT CANDLE JEWELLED DRAWER,714.0,528,40
22182,CAKE STAND VICTORIAN FILIGREE SMALL,713.8000000000001,204,36
21983,PACK OF 12 BLUE PAISLEY TISSUES ,712.7299999999999,2223,124
22400,MAGNETS PACK OF 4 HOME SWEET HOME,711.87,1386,143
22565,FELTCRAFT HAIRBANDS PINK AND WHITE ,711.6099999999999,817,108
84817,DANISH ROSE DECORATIVE PLATE,710.64,951,55
23006,TRAVEL CARD WALLET FLOWER MEADOW,709.62,1693,130
37501,TEA TIME TEA SET IN GIFT BOX,708.9000000000001,102,29
20801,LARGE PINK GLASS SUNDAE DISH,708.16,848,54
21288,STRIPEY CHOCOLATE NESTING BOXES,707.95,253,40
85130B,BEADED CRYSTAL HEART GREEN LARGE,707.7,816,50
22309,TEA COSY RED  STRIPE,706.8299999999999,292,64
84006,MAGIC TREE -PAPER FLOWERS,706.3499999999999,831,77
22254,FELT TOADSTOOL LARGE,706.02,594,41
21905,MORE BUTTER METAL SIGN ,705.3100000000001,684,110
23123,COCKTAIL SWORDS 50 PIECES,705.25,899,68
22316,200 BENDY SKULL STRAWS,705.0500000000001,637,41
21090,SET/6 COLLAGE PAPER PLATES,704.26,1664,116
22581,WOOD STOCKING CHRISTMAS SCANDISPOT,704.02,1088,98
22099,CARAVAN SQUARE TISSUE BOX,703.57,1399,122
23564,EGG CUP MILKMAID INGRID,703.51,587,42
85116,BLACK CANDELABRA T-LIGHT HOLDER,702.8000000000001,694,37
85212,MINI PAINTED GARDEN DECORATION ,702.4699999999999,2427,70
22025,RING OF ROSES BIRTHDAY CARD,702.0,1764,87
10002,INFLATABLE POLITICAL GLOBE ,699.55,823,49
21636,MADRAS NOTEBOOK MEDIUM,699.45,911,71
20966,SANDWICH BATH SPONGE,698.25,589,41
79164,BLACK WINE GLASS,697.62,1666,19
21824,PAINTED METAL STAR WITH HOLLY BELLS,697.61,1449,73
15034,PAPER POCKET TRAVELING FAN ,697.0600000000001,6419,91
21162,TOXIC AREA  DOOR HANGER ,695.23,1413,137
23187,FRENCH STYLE STORAGE JAR BONBONS,695.06,2338,74
22103,MIRROR MOSAIC T-LIGHT HOLDER ROUND,694.29,1153,15
21773,DECORATIVE ROSE BATHROOM BOTTLE,693.52,920,59
21204,DAISIES  HONEYCOMB GARLAND ,691.3499999999999,419,51
23183,MOTHER'S KITCHEN SPOON REST ,690.71,178,58
23222,CHRISTMAS TREE HANGING GOLD,690.64,776,64
21530,DAIRY MAID TOASTRACK,690.12,756,83
35471D,SET OF 3 BIRD LIGHT PINK FEATHER ,690.0,1654,137
85185B,PINK HORSE SOCK PUPPET,688.8000000000001,240,45
21823,PAINTED METAL HEART WITH HOLLY BELL,687.5899999999999,1195,69
20733,GOLD MINI TAPE MEASURE ,687.2,916,46
22097,SWALLOW SQUARE TISSUE BOX,685.5500000000001,1577,132
21158,MOODY GIRL DOOR HANGER ,684.9599999999999,1422,146
84660B,BLACK STITCHED WALL CLOCK,684.65,695,29
23114,VINTAGE LEAF CHOPPING BOARD  ,684.0000000000001,144,41
23115,RED APPLES CHOPPING BOARD   ,684.0,144,38
21680,WOODLAND  STICKERS,683.4,804,53
85032A,ROMANTIC IMAGES GIFT WRAP SET,679.1500000000001,737,96
84763,ZINC FINISH 15CM PLANTER POTS,679.01,573,49
23562,SET OF 6 RIBBONS PERFECTLY PRETTY  ,678.27,243,37
22685,FRENCH BLUE METAL DOOR SIGN 0,678.15,543,70
21708,FOLDING UMBRELLA CREAM POLKADOT,677.5,138,32
85035A,GARDENIA 3 WICK MORRIS BOXED CANDLE,677.04,260,71
22586,FELTCRAFT HAIRBAND PINK AND BLUE,676.5999999999999,796,117
47593B,SCOTTIE DOGS BABY BIB,676.39,1663,94
20748,KENSINGTON COFFEE SET,675.75,53,30
21991,BOHEMIAN COLLAGE STATIONERY SET,675.53,471,102
22341,LOVE GARLAND PAINTED ZINC ,672.6499999999999,405,41
21789,KIDS RAIN MAC PINK,672.5799999999999,796,67
85231B,CINAMMON SET OF 9 T-LIGHTS,672.06,798,108
85049D,BRIGHT BLUES RIBBONS ,671.25,537,102
23223,CHRISTMAS TREE HANGING SILVER ,670.1099999999999,745,67
85039B,S/4 IVORY MINI ROSE CANDLE IN BOWL,669.91,491,51
23025,DRAWER KNOB VINTAGE GLASS BALL,669.61,317,46
21209,MULTICOLOUR HONEYCOMB FAN,669.12,1142,57
21880,RED RETROSPOT TAPE,668.94,1458,99
35646,VINTAGE BEAD PINK EVENING BAG,668.88,513,44
22336,DOVE DECORATION PAINTED ZINC ,667.71,2281,49
84279B,CHERRY BLOSSOM DECORATIVE FLASK,666.93,179,57
21866,UNION JACK FLAG LUGGAGE TAG,666.71,534,106
23568,EGG CUP HENRIETTA HEN CREAM ,664.52,580,28
22518,CHILDS GARDEN BRUSH BLUE,663.3000000000001,333,57
23024,LARGE BONNE JAM JAR  T-LIGHT HOLDER,662.0600000000001,254,10
23597,PAPER BUNTING PAISLEY PARK,661.7,246,28
23547,WRAP FLOWER SHOP  ,661.5,1575,62
23140,TRIPLE WIRE HOOK IVORY HEART,658.5400000000001,160,35
23042,PAPER LANTERN 7 POINT SNOW STAR,658.35,99,25
21804,WHITE CHRISTMAS GARLAND STARS TREES,656.7,178,40
21066,VINTAGE RED MUG,656.37,687,41
85032B,BLOSSOM IMAGES GIFT WRAP SET,655.8000000000001,739,93
84536B,FAIRY CAKES NOTEBOOK A7 SIZE,655.34,1684,99
21677,HEARTS  STICKERS,655.0,766,80
22267,EASTER DECORATION EGG BUNNY ,654.7,828,75
21351,CINAMMON & ORANGE WREATH,654.55,101,31
22451,SILK PURSE BABUSHKA RED,654.1500000000001,201,38
21272,SALLE DE BAIN HOOK,653.8199999999999,498,60
23482,PEARLISED IVORY HEART LARGE ,651.15,415,36
22856,ASSORTED EASTER DECORATIONS  BELLS,650.28,564,22
21696,SMALL SILVER TRELLIS CANDLEPOT,649.0000000000001,220,29
22057,CERAMIC PLATE STRAWBERRY DESIGN,648.18,578,56
20996,JAZZ HEARTS ADDRESS BOOK,648.12,3054,184
21774,DECORATIVE CATS BATHROOM BOTTLE,647.03,835,52
22217,T-LIGHT HOLDER HANGING LACE,646.26,764,64
22276,WASH BAG VINTAGE ROSE PAISLEY,645.15,253,62
23408,PHOTO FRAME LINEN AND LACE SMALL,644.8000000000001,310,59
23524,WALL ART HORSE & PONY ,644.6700000000001,209,34
23120,PACK OF 6 SMALL FRUIT STRAWS,644.58,1617,79
22251,BIRDHOUSE DECORATION MAGIC GARDEN,642.94,518,72
21398,RED POLKADOT COFFEE  MUG,642.75,1499,49
22281,EASTER TREE YELLOW BIRDS,642.6,108,43
22026,BANQUET BIRTHDAY  CARD  ,642.24,1560,100
23325,RUSTIC STRAWBERRY JAM POT SMALL,641.9999999999999,408,27
85019B,BLOSSOM  IMAGES NOTEBOOK SET,640.5,498,25
84800L,LARGE WHITE/PINK ROSE ART FLOWER,639.36,360,22
22454,MEASURING TAPE BABUSHKA RED,639.0,228,37
22718,CARD CAT AND TREE ,636.48,1536,104
23298,"BUNTING , SPOTTY ",634.7,146,7
70007,HI TEC ALPINE HAND WARMER,632.76,728,53
21613,S/12 VANILLA  BOTANICAL T-LIGHTS,632.7500000000001,221,38
17021,NAMASTE SWAGAT INCENSE,632.34,2391,47
35923,CANDY HEART HANGING DECORATION,631.71,1265,41
22101,MIRROR MOSAIC VOTIVE HOLDER,631.62,837,24
85036A,GARDENIA 1 WICK MORRIS BOXED CANDLE,631.03,199,52
72232,FENG SHUI PILLAR CANDLE,630.23,3317,65
22535,MAGIC DRAWING SLATE BUNNIES ,630.1800000000001,1713,110
21786,POLKADOT RAIN HAT ,629.89,1730,89
23551,PACK OF 12 PAISLEY PARK TISSUES ,629.4599999999999,1614,95
23019,SMALL APOTHECARY MEASURING JAR ,629.0500000000001,81,28
22814,CARD PARTY GAMES ,628.74,1569,95
85173,SET/6 FROG PRINCE T-LIGHT CANDLES,628.4699999999999,434,49
20704,MR ROBOT SOFT TOY,626.45,211,39
22321,BIRD DECORATION RED RETROSPOT,625.5999999999999,736,57
84665,SQUARE CHERRY BLOSSOM CABINET,624.75,105,17
85114B,IVORY ENCHANTED FOREST PLACEMAT,624.4499999999999,393,51
22999,TRAVEL CARD WALLET RETRO PETALS,623.94,1489,88
79163,BLACK CHAMPAGNE GLASS,621.87,1517,33
22618,COOKING SET RETROSPOT,621.66,66,25
23224,CHERUB HEART DECORATION GOLD,620.4499999999999,719,59
85135C,RED DRAGONFLY HELICOPTER,620.1,78,49
85071B,RED CHARLIE+LOLA PERSONAL DOORSIGN,618.35,1245,103
79066K,RETRO MOD TRAY,618.13,739,110
22615,PACK OF 12 CIRCUS PARADE TISSUES ,617.8399999999999,2022,69
84581,DOG TOY WITH PINK CROCHET SKIRT,615.76,164,70
22715,CARD WEDDING DAY,615.24,1506,98
22753,SMALL YELLOW BABUSHKA NOTEBOOK ,613.78,917,166
23216,LAUREL HEART ANTIQUE GOLD,613.51,518,40
22701,PINK DOG BOWL,613.24,436,52
22393,PAPERWEIGHT VINTAGE COLLAGE,612.28,485,49
21424,WOODLAND STORAGE BOX LARGE ,612.05,227,22
23453,OVAL  MINI PORTRAIT FRAME,611.85,315,46
85141,JARDIN ETCHED GLASS FRUITBOWL,611.65,119,38
22450,SILK PURSE BABUSHKA BLUE,610.6500000000001,183,52
23492,VINTAGE JINGLE BELLS WREATH,610.5,74,26
23070,EDWARDIAN HEART PHOTO FRAME,610.0500000000001,147,33
21054,NURSE'S BAG SOFT TOY,608.5999999999999,68,27
21195,PINK  HONEYCOMB PAPER BALL ,607.86,417,24
22481,BLACK TEA TOWEL CLASSIC DESIGN,607.74,692,84
21769,VINTAGE POST OFFICE CABINET,607.6500000000001,11,2
23435,3 RAFFIA RIBBONS VINTAGE CHRISTMAS,606.28,676,44
22533,MAGIC DRAWING SLATE BAKE A CAKE ,605.52,1740,78
21628,TRIANGULAR POUFFE VINTAGE ,605.4499999999999,43,16
21894,POTTING SHED SEED ENVELOPES,604.48,471,71
21126,SET OF 6 GIRLS CELEBRATION CANDLES,604.19,487,67
22981,PANTRY APPLE CORER,601.9499999999999,435,72
21707,FOLDING UMBRELLA BLACKBLUE POLKADOT,601.22,120,47
21163,DO NOT TOUCH MY STUFF DOOR HANGER ,599.79,1171,110
85177,BASKET OF FLOWERS SEWING KIT,599.76,774,42
22062,CERAMIC BOWL WITH LOVE HEART DESIGN,599.74,590,53
22520,CHILDS GARDEN TROWEL BLUE ,599.25,705,105
85199L,LARGE HANGING IVORY & RED WOOD BIRD,598.37,925,65
23282,FOLDING BUTTERFLY MIRROR IVORY ,597.78,735,100
22228,BUNNY WOODEN PAINTED WITH BIRD ,597.31,851,93
23027,DRAWER KNOB VINTAGE GLASS HEXAGON,596.96,287,27
22389,PAPERWEIGHT SAVE THE PLANET,596.91,329,36
16225,RATTLE SNAKE EGGS,596.84,760,75
23471,SIX DRAWER OFFICE TIDY,596.0,64,26
84789,ENCHANTED BIRD PLANT CAGE,595.8000000000001,180,43
22806,SET OF 6 T-LIGHTS WEDDING CAKE ,595.6500000000001,243,28
23124,18PC WOODEN CUTLERY SET DISPOSABLE,595.15,503,24
21643,ASSORTED TUTTI FRUTTI MIRROR,594.26,490,31
22893,MINI CAKE STAND T-LIGHT HOLDER,591.84,1464,65
21292,SMALL STRIPES CHOCOLATE GIFT BAG ,591.25,865,26
22862,LOVE HEART NAPKIN BOX ,590.75,139,45
84660C,PINK STITCHED WALL CLOCK,590.57,639,27
23018,LARGE APOTHECARY MEASURING JAR ,587.2,50,20
84754,S/15 SILVER GLASS BAUBLES IN BAG,586.46,502,36
22133,PINK LOVE HEART SHAPE CUP,585.78,702,60
23520,EMBROIDERED RIBBON REEL RUBY ,585.63,165,30
84509B,SET OF 4 FAIRY CAKE PLACEMATS,585.0,156,48
22106,MIRROR MOSAIC HURRICANE LAMP ,584.9,286,12
85039A,SET/4 RED MINI ROSE CANDLE IN BOWL,583.2499999999999,443,40
21883,STARS GIFT TAPE ,581.0600000000001,1368,93
22163,HEART STRING MEMO HOLDER HANGING,580.94,626,49
22021,BLUE FELT EASTER EGG BASKET,577.4999999999999,350,64
22684,FRENCH BLUE METAL DOOR SIGN 9,576.9,462,60
22786,CUSHION COVER PINK UNION JACK,576.64,108,37
22448,PIN CUSHION BABUSHKA RED,576.3100000000001,187,34
85144,JARDIN ETCHED GLASS CHEESE DISH,575.45,219,40
21143,ANTIQUE GLASS HEART DECORATION ,575.25,295,26
85125,SMALL ROUND CUT GLASS CANDLESTICK,574.75,127,18
22279,POCKET BAG BLUE PAISLEY RED SPOT,574.66,477,46
40001,WHITE BAMBOO RIBS LAMPSHADE,573.7099999999999,755,35
22319,HAIRCLIPS FORTIES FABRIC ASSORTED,572.26,1322,61
22403,MAGNETS PACK OF 4 VINTAGE LABELS ,569.36,1222,85
22339,CHRISTMAS TREE PAINTED ZINC ,569.2900000000001,2283,51
22035,VINTAGE CARAVAN GREETING CARD ,569.02,1394,87
22396,MAGNETS PACK OF 4 RETRO PHOTO,568.76,1176,107
21627,ELEPHANT CARNIVAL POUFFE,568.0999999999999,38,24
21171,BATHROOM METAL SIGN ,566.8,424,60
20893,HANGING BAUBLE T-LIGHT HOLDER SMALL,566.55,258,19
22105,MIRROR MOSAIC GOBLET CANDLE HOLDER,566.5,506,10
21684,SMALL MEDINA STAMPED METAL BOWL ,565.21,752,36
85032C,CURIOUS IMAGES GIFT WRAP SET,565.1,595,84
22288,HANGING METAL RABBIT DECORATION,565.0,452,39
22266,EASTER DECORATION HANGING BUNNY,562.7,1860,78
22067,CHOC TRUFFLE GOLD TRINKET POT ,562.53,385,48
22096,PINK PAISLEY SQUARE TISSUE BOX ,561.75,1357,109
23428,IVORY RETRO KITCHEN WALL CLOCK,559.5,70,26
35651,VINTAGE BEAD PINK SCARF ,557.0999999999999,330,33
84912B,GREEN ROSE WASHBAG,555.0,148,46
22999,TRAVEL CARD WALLET VINTAGE LEAF,554.4,1320,97
21289,LARGE STRIPES CHOCOLATE GIFT BAG,553.75,443,19
85036B,CHOCOLATE 1 WICK MORRIS BOX CANDLE,553.58,352,42
22525,CHILDRENS GARDEN GLOVES PINK,553.5,458,52
22272,FELTCRAFT DOLL MARIA,553.1,194,46
22129,PARTY CONES CANDY TREE DECORATION,552.18,690,28
23456,MEDIUM PARLOUR PICTURE FRAME ,550.0,136,34
22953,BIRTHDAY PARTY CORDON BARRIER TAPE,548.63,436,81
37327,ASSTD MULTICOLOUR CIRCLES MUG,547.98,1374,45
85019A,ROMANTIC IMAGES NOTEBOOK SET,547.25,409,28
22756,LARGE YELLOW BABUSHKA NOTEBOOK ,546.88,554,93
23549,WRAP BIRD GARDEN ,546.0,1300,51
84519B,CARROT CHARLIE+LOLA COASTER SET,545.99,425,91
85103,SILVER T-LIGHT SETTING,545.45,91,6
35810A,ENAMEL PINK COFFEE CONTAINER,545.38,602,52
84929,ASSTD FRUIT+FLOWERS FRIDGE MAGNETS,545.1600000000001,2244,62
23381,PACK OF 12 VINTAGE LEAF TISSUES ,544.62,1474,64
22825,DECORATIVE PLANT POT WITH FRIEZE,544.5,70,25
85172,HYACINTH BULB T-LIGHT CANDLES,544.3199999999999,1296,40
22258,FELT FARM ANIMAL RABBIT,543.9399999999999,722,36
23069,EDWARDIAN PHOTO FRAME,543.75,87,31
84352,SILVER CHRISTMAS TREE BAUBLE STAND ,543.35,33,22
20986,BLUE CALCULATOR RULER,543.01,459,58
21159,MOODY BOY  DOOR HANGER ,542.36,1108,108
85176,SEWING SUSAN 21 NEEDLE SET,542.24,626,75
21948,SET OF 6 CAKE CHOPSTICKS,541.82,417,54
18098C,PORCELAIN BUTTERFLY OIL BURNER,540.5500000000001,193,36
20702,PINK PADDED MOBILE,539.75,127,40
22514,CHILDS GARDEN SPADE BLUE,537.0,260,75
23454,THREE MINI HANGING FRAMES,535.35,129,44
22821,GIFT BAG PSYCHEDELIC APPLES,534.6600000000001,822,66
20772,GARDEN PATH JOURNAL,534.46,218,46
20767,BLUE PAISLEY JOURNAL ,534.3199999999999,214,58
21205,MULTICOLOUR 3D BALLS GARLAND,532.9499999999999,209,48
23324,RUSTIC STRAWBERRY JAM POT LARGE ,531.84,261,33
22246,MAGIC GARDEN FELT GARLAND ,531.78,266,35
21208,PASTEL COLOUR HONEYCOMB FAN,531.6899999999999,878,57
21448,12 DAISY PEGS IN WOOD BOX,531.3,322,62
21106,CREAM SLICE FLANNEL CHOCOLATE SPOT ,530.95,193,34
23473,WOODLAND SMALL RED FELT HEART,530.8299999999999,665,43
22249,DECORATION WHITE CHICK MAGIC GARDEN,530.49,629,75
22136,LOVE HEART SOCK HANGER,530.25,333,50
22709,WRAP WEDDING DAY,528.5,1325,39
21633,SUNFLOWER DECORATIVE PARASOL,528.45,87,14
22599,CHRISTMAS MUSICAL ZINC STAR,528.2099999999999,1489,70
22275,WEEKEND BAG VINTAGE ROSE PAISLEY,527.85,69,1
21822,GLITTER CHRISTMAS TREE WITH BELLS,527.65,573,58
21747,SMALL SKULL WINDMILL,527.53,437,42
85130D,BEADED CRYSTAL HEART PINK LARGE,526.38,552,51
22707,WRAP MONSTER FUN ,525.0,1250,47
22482,BLUE TEA TOWEL CLASSIC DESIGN,523.52,448,48
20785,FUSCHIA RETRO BAR STOOL,523.3000000000001,14,5
23272,TREE T-LIGHT HOLDER WILLIE WINKIE,522.7399999999999,352,35
75131,METAL TUBE CHIME ON BAMBOO,522.5600000000001,488,13
23499,SET 12 VINTAGE DOILY CHALK ,522.48,1244,93
37475,SET/4 COLOURFUL MIXING BOWLS,522.16,56,29
21187,WHITE BELL HONEYCOMB PAPER GARLAND ,522.0,328,33
21261,GREEN GOOSE FEATHER CHRISTMAS TREE ,520.6500000000001,167,27
22269,EGG CUP NATURAL CHICKEN,520.48,840,87
84816,DANISH ROSE BEDSIDE CABINET,519.35,13,10
85049H,URBAN BLACK RIBBONS ,519.22,447,73
23451,SQUARE MINI PORTRAIT FRAME,519.0,268,44
16235,RECYCLED PENCIL WITH RABBIT ERASER,518.1899999999999,2629,80
20832,RED FLOCK LOVE HEART PHOTO FRAME,517.68,1010,55
22264,FELT FARM ANIMAL WHITE BUNNY ,517.07,1391,40
22642,SET OF 4 NAPKIN CHARMS STARS   ,516.8,253,43
20932,PINK POT PLANT CANDLE,516.25,189,22
22543,MINI JIGSAW BAKE A CAKE ,515.77,1434,39
85187,S/12 MINI RABBIT EASTER,515.4,324,58
22233,JIGSAW RABBIT AND BIRDHOUSE,514.6999999999999,540,77
22584,PACK OF 6 PANETTONE GIFT BOXES,513.91,226,14
23016,GLASS TWIST BON BON JAR,512.85,69,19
85071A,BLUE CHARLIE+LOLA PERSONAL DOORSIGN,512.8000000000001,976,90
22495,SET OF 2 ROUND TINS CAMEMBERT ,512.23,241,65
85107,CUT GLASS T-LIGHT HOLDER OCTAGON,511.35,241,25
21317,GLASS SPHERE CANDLE STAND MEDIUM,510.75,95,26
21926,RED/CREAM STRIPE CUSHION COVER ,509.9,414,60
22521,CHILDS GARDEN TROWEL PINK,508.29999999999995,598,94
22719,GUMBALL MONOCHROME COAT RACK,508.07000000000005,463,34
23060,HEART BEADED TRELLIS DECORATION,507.52000000000004,244,39
21784,SHOE SHINE BOX ,507.44999999999993,51,38
35001G,HAND OPEN SHAPE GOLD,506.58,156,24
22232,JIGSAW TOADSTOOLS 3 PIECE,506.42999999999995,623,61
35971,ROSE FOLKART HEART DECORATIONS,504.64,423,53
23219,LAUREL STAR ANTIQUE SILVER ,504.6,404,49
35599B,BLACK CHRISTMAS TREE 120CM,503.85,209,23
21925,UNION STRIPE CUSHION COVER ,503.75,403,65
22317,FIVE CATS HANGING DECORATION,503.37000000000006,171,39
85104,SILVER GLASS T-LIGHT SET,502.47999999999996,196,14
23139,SINGLE WIRE HOOK PINK HEART,502.38,406,22
22068,BLACK PIRATE TREASURE CHEST,502.37999999999994,432,81
22420,LIPSTICK PEN BABY PINK,499.90999999999997,1198,84
84031A,CHARLIE+LOLA RED HOT WATER BOTTLE ,498.53000000000003,173,49
22050,PINK PAISLEY ROSE GIFT WRAP,498.5,1225,40
21383,PACK OF 12 STICKY BUNNIES,497.25000000000006,765,77
85170D,SET/6 PINK BIRD T-LIGHT CANDLES,497.21000000000004,355,51
85169A,IVORY LOVE BIRD CANDLE,496.72,502,48
79067,CORONA MEXICAN TRAY,496.25,143,18
23398,HANGING HEART BONHEUR,495.83,587,57
23528,WALL ART SPACEBOY,495.48,156,21
21264,WHITE GOOSE FEATHER TREE 60CM ,495.29999999999995,254,42
22820,GIFT BAG BIRTHDAY,494.83000000000004,761,45
22116,METAL SIGN HIS DINNER IS SERVED,493.39000000000004,505,90
85017B,ENVELOPE 50 BLOSSOM IMAGES,491.55,947,74
21446,12 RED ROSE PEG PLACE SETTINGS,490.0,392,75
22166,WALL MIRROR RECTANGLE DIAMANTE PINK,489.9000000000001,122,16
21638,ASSORTED TUTTI FRUTTI NOTEBOOK,489.30000000000007,233,31
21899,GARAGE KEY FOB,489.20000000000005,730,115
22515,CHILDS GARDEN SPADE PINK,488.70000000000005,237,63
20866,BLUE ROSE FABRIC MIRROR,487.34,408,37
22717,CARD DOG AND BALL ,487.08,1170,87
21059,PARTY INVITES DINOSAURS,487.04999999999995,573,77
21251,DINOSAUR HEIGHT CHART STICKER SET,486.75000000000006,165,35
21277,FRENCH STYLE EMBOSSED HEART CABINET,485.9,23,20
23413,VINTAGE COFFEE GRINDER BOX,485.70000000000005,102,23
20764,ABSTRACT CIRCLES SKETCHBOOK ,483.63,126,60
23660,HENRIETTA HEN MUG ,483.44999999999993,293,31
84820,DANISH ROSE TRINKET TRAYS,483.05,259,31
22861,EASTER TIN CHICKS IN GARDEN,481.79999999999995,292,38
22127,PARTY CONES CARNIVAL ASSORTED,479.7,402,20
23169,CLASSIC GLASS SWEET JAR,479.45000000000005,119,14
21096,SET/6 FRUIT SALAD  PAPER PLATES,479.25,1143,70
84625C,BLUE NEW BAROQUE CANDLESTICK CANDLE,478.15,439,28
22181,SNOWSTORM PHOTO FRAME FRIDGE MAGNET,477.96999999999997,577,46
22359,GLASS JAR KINGS CHOICE,477.7900000000001,161,62
85025C,PINK HEART SHAPE PHOTO FRAME,476.34999999999997,307,28
22023,EMPIRE BIRTHDAY CARD,476.25,1131,84
23021,GLASS BONNE JAM JAR,475.95000000000005,117,25
79030G,TUMBLER NEW ENGLAND,475.8,1220,41
21587,COSY HOUR GIANT TUBE MATCHES,475.65,195,26
22496,SET OF 2 ROUND TINS DUTCH CHEESE,474.14000000000004,242,69
22559,SEASIDE FLYING DISC,472.77,387,39
23180,MUM'S KITCHEN CLOCK,471.90000000000003,104,36
85231G,ORANGE SCENTED SET/9 T-LIGHTS,471.45,573,66
21618,4 WILDFLOWER BOTANICAL CANDLES,471.25,301,51
85025B,EAU DE NILE HEART SHAPE PHOTO FRAME,471.15,303,21
23527,WALL ART ANIMALS AND NATURE ,471.0,148,26
84625A,PINK NEW BAROQUECANDLESTICK CANDLE,470.75,455,31
21468,BUTTERFLY CROCHET FOOD COVER,468.67,123,50
23377,PACK OF 12 DOLLY GIRL TISSUES,468.0,1200,80
85032D,YULETIDE IMAGES GIFT WRAP SET,467.50000000000006,630,58
85049F,BABY BOOM RIBBONS ,467.5,374,85
23136,IVORY WIRE SWEETHEART LETTER TRAY,467.05,127,44
22183,CAKE STAND VICTORIAN FILIGREE MED,466.95000000000005,74,17
23218,LAUREL STAR ANTIQUE GOLD,465.81,372,33
35599D,PINK AND WHITE CHRISTMAS TREE 120CM,465.38,186,19
21084,SET/6 COLLAGE PAPER CUPS,463.85,2199,103
21476,STEEL SWEETHEART ROUND TABLE CREAM,463.45,31,18
21634,ASSORTED MINI MADRAS NOTEBOOK,462.6,948,23
21803,CHRISTMAS TREE STAR DECORATION,462.41999999999996,1101,49
85131A,BEADED PEARL HEART WHITE ON STICK,462.17,469,25
21630,FLOOR CUSHION ELEPHANT CARNIVAL,461.3,54,22
21215,IVORY PAPER CUP CAKE CASES ,460.70000000000005,866,63
22255,FELT TOADSTOOL  SMALL,460.7,542,44
23691,WRAP KEEP CALM BIRTHDAY,460.5,1125,36
23455,SMALL PARLOUR PICTURE FRAME,459.56,164,32
85016,SET OF 6 VINTAGE NOTELETS KIT,459.0,522,25
23561,SET OF 6 RIBBONS PARTY,458.63,167,13
21865,PINK UNION JACK  PASSPORT COVER ,457.08000000000004,220,68
22324,BLUE POLKADOT KIDS BAG,456.35999999999996,228,29
22511,RETROSPOT BABUSHKA DOORSTOP,455.87,245,48
21014,SWISS CHALET TREE DECORATION ,455.56999999999994,1233,66
23548,WRAP MAGIC FOREST ,451.5,1075,43
22194,BLACK DINER WALL CLOCK,450.5,53,33
22595,CHRISTMAS GINGHAM HEART,450.47999999999996,552,30
21507,ELEPHANT BIRTHDAY CARD ,449.88,1080,72
22286,"DECORATION , WOBBLY RABBIT , METAL ",448.79999999999995,272,34
35004G,SET OF 3 GOLD FLYING DUCKS,448.3,126,20
85194S,HANGING SPRING FLOWER EGG SMALL,447.75000000000006,1163,55
71279,PINK GLASS CANDLEHOLDER,447.65000000000003,155,27
23560,SET OF 6 RIBBONS COUNTRY STYLE,447.07,163,20
21472,LADYBIRD + BEE RAFFIA FOOD COVER,446.25,119,33
21397,BLUE POLKADOT EGG CUP ,445.26,1016,44
23074,EMBOSSED HEART TRINKET BOX,444.02000000000004,221,35
17096,ASSORTED LAQUERED INCENSE HOLDERS,443.76000000000005,2516,13
23125,6PC WOOD PLATE SET DISPOSABLE,443.25,405,16
21675,BUTTERFLIES STICKERS,442.71,519,51
22261,FELT EGG COSY WHITE RABBIT ,442.35999999999996,514,70
85184C,SET 4 VALENTINE DECOUPAGE HEART BOX,441.53000000000003,151,44
84596L,BISCUITS SMALL BOWL LIGHT BLUE,440.94,1038,79
21650,ASSORTED TUTTI FRUTTI BRACELET,440.89000000000004,2197,61
84707A,SILVER JEWELLED MIRROR TRINKET TRAY,440.73999999999995,66,25
23045,PAPER LANTERN 5 POINT STAR MOON ,439.90000000000003,106,18
21473,SWEETHEART CREAM STEEL TABLE RECT,438.9,22,18
21640,ASSORTED TUTTI FRUTTI  FOB NOTEBOOK,437.16999999999996,529,46
72819,CUPID DESIGN SCENTED CANDLES,436.4,208,30
23425,STORAGE TIN HOME SWEET HOME,435.43,237,35
23565,EGG CUP MILKMAID HELGA ,435.0,348,31
35598B,BLACK CHRISTMAS TREE 60CM,433.70000000000005,554,22
35598D,PINK/WHITE CHRISTMAS TREE 60CM,433.22,660,24
23509,MINI PLAYING CARDS FUN FAIR ,433.2,1040,54
22446,PIN CUSHION BABUSHKA PINK,432.99,161,38
23043,PAPER LANTERN 9 POINT HOLLY STAR L,431.25,69,16
21709,FOLDING UMBRELLA CHOCOLATE POLKADOT,430.06,87,31
22647,CERAMIC LOVE HEART MONEY BANK,429.84999999999997,721,36
20705,MRS ROBOT SOFT TOY,428.85,143,28
23379,PACK OF 12 RED APPLE TISSUES,428.01,1175,50
21654,RIDGED GLASS FINGER BOWL,427.86,934,47
22903,CALENDAR FAMILY FAVOURITES,427.43,153,32
84674,FLYING PIG WATERING CAN,426.3,186,40
23522,DOG AND BALL WALL ART,425.87999999999994,252,4
22340,NOEL GARLAND PAINTED ZINC ,425.15999999999997,980,61
21062,PARTY INVITES SPACEMAN,425.0,500,61
85130C,BEADED CRYSTAL HEART BLUE  LARGE,424.06,478,43
21972,SET OF 36 DINOSAUR PAPER DOILIES,423.4,292,39
17012B,ORIGAMI JASMINE INCENSE/CANDLE SET,422.54999999999995,455,36
77101A,UNION FLAG WINDSOCK,421.97,385,20
90154,LAZER CUT NECKLACE W PASTEL BEADS,421.75,57,5
23058,CHRISTMAS HANGING SNOWFLAKE,421.02000000000004,486,44
21417,COCKLE SHELL DISH,420.88,289,32
23117,POPPY FIELDS CHOPPING BOARD,420.75,85,39
84976,RECTANGULAR SHAPED MIRROR,420.68,502,29
21711,FOLDING UMBRELLA WHITE/RED POLKADOT,420.1,86,23
21802,CHRISTMAS TREE HEART DECORATION,418.74,997,46
21662,VINTAGE GLASS COFFEE CADDY,416.3,74,16
85111,SILVER GLITTER FLOWER VOTIVE HOLDER,416.07,1395,51
23336,EGG FRYING PAN PINK ,415.97,199,63
22785,SQUARECUSHION COVER PINK UNION FLAG,415.3,62,25
20766,GARDEN PATH SKETCHBOOK,414.58,111,47
35241,ENAMEL BLUE RIM BISCUIT BIN,413.95000000000005,89,30
82616B,FRAPPUCINO SCARF KNITTING KIT,413.83,307,47
90209C,PINK ENAMEL+GLASS HAIR COMB,413.7,231,12
23459,DOLLY CABINET 2 DRAWERS ,412.5,33,19
21710,FOLDING UMBRELLA PINKWHITE POLKADOT,412.41,84,31
21063,PARTY INVITES JAZZ HEARTS,412.10999999999996,483,81
20839,FRENCH PAISLEY CUSHION COVER ,411.84,452,49
21739,COSY SLIPPER SHOES SMALL GREEN,411.54,141,48
23023,RIDGED BONNE JAM JAR T-LIGHT HOLDER,411.43999999999994,260,23
21426,WOODLAND STORAGE BOX SMALL,411.30000000000007,213,17
22051,BLUE SCANDINAVIAN PAISLEY WRAP,409.5,975,39
20658,RED RETROSPOT LUGGAGE TAG,408.75,327,59
21358,TOAST ITS - HAPPY BIRTHDAY,408.75,327,59
20761,BLUE PAISLEY SKETCHBOOK,408.67,107,52
21219,SET/4 BADGES BALLOON GIRL,408.59,323,42
23422,PANTRY HOOK BALLOON WHISK ,407.68,196,31
84916,HAND TOWEL PALE BLUE W FLOWERS,407.4,212,18
84821,DANISH ROSE DELUXE COASTER,407.15,935,40
22268,EASTER DECORATION SITTING BUNNY,407.13,501,54
46775D,SUNSET COLOUR CHUNKY KNITTED THROW,406.79999999999995,24,13
22247,BUNNY DECORATION MAGIC GARDEN,406.39,483,56
20681,PINK POLKADOT CHILDRENS UMBRELLA,406.25,125,33
22390,PAPERWEIGHT CHILDHOOD MEMORIES,405.62,259,30
23415,HOME SWEET HOME HOOK,405.59999999999997,326,45
21817,GLITTER CHRISTMAS TREE,405.14000000000004,902,54
22513,DOORSTOP FOOTBALL DESIGN,404.98,134,51
90200D,PINK SWEETHEART BRACELET,404.5,98,24
21576,LETS GO SHOPPING COTTON TOTE BAG,403.67,177,46
21202,DOLLY HONEYCOMB GARLAND,403.2,448,20
84086C,PINK/PURPLE RETRO RADIO,401.20000000000005,136,19
22510,GINGHAM BABUSHKA DOORSTOP,400.87,209,41
84917,WHITE HAND TOWEL WITH BUTTERFLY,400.5,170,14
21374,MIRRORED WALL ART SKULLS,400.0,294,40
20840,FRENCH FLORAL CUSHION COVER ,399.28,464,43
85136A,YELLOW SHARK HELICOPTER,397.5,50,37
22422,TOOTHPASTE TUBE PEN,396.6,970,73
85127,SMALL SQUARE CUT GLASS CANDLESTICK,396.0,80,19
21629,SQUARE FLOOR CUSHION VINTAGE RED,395.45000000000005,51,25
22638,SET OF 4 NAPKIN CHARMS CROWNS ,394.41999999999996,255,38
84806B,WHITE CANDYSTUFT ARTIFICIAL FLOWER,394.15999999999997,296,19
22048,BIRTHDAY BANQUET GIFT WRAP,393.5,975,32
84849B,FAIRY SOAP SOAP HOLDER,392.08,232,57
22545,MINI JIGSAW BUNNIES,390.69,1088,47
21828,EIGHT PIECE SNAKE  SET,388.75,311,68
84520B,PACK 20 ENGLISH ROSE PAPER NAPKINS,388.69,481,54
84360,TABLE LAMP WHITE SHADE WOOD BASE,388.3,74,17
84974,S/2 ZINC HEART DESIGN PLANTERS,388.04999999999995,39,28
23537,WALL ART I LOVE LONDON ,387.3,86,19
23103,BELL HEART DECORATION,387.0,252,9
84826,ASSTD DESIGN 3D PAPER STICKERS,386.83,13699,31
21741,COSY SLIPPER SHOES LARGE GREEN,386.45000000000005,131,28
84912A,PINK ROSE WASHBAG,386.25,103,38
82616C,MIDNIGHT GLAMOUR SCARF KNITTING KIT,385.52,277,52
85088,CANDY SPOT HAND BAG,385.27000000000004,188,20
22337,ANGEL DECORATION PAINTED ZINC ,383.95000000000005,635,26
20803,SMALL PINK GLASS SUNDAE DISH,383.91,911,31
18007,ESSENTIAL BALM 3.5g TIN IN ENVELOPE,383.76,5856,17
47421,ASSORTED COLOUR LIZARD SUCTION HOOK,382.92,970,54
47585A,PINK FAIRY CAKE CUSHION COVER,382.5,102,27
20762,GREEN FERN SKETCHBOOK ,382.46,101,51
22785,SQUARECUSHION COVER PINK UNION JACK,382.14,150,29
85180B,PINK HEARTS LIGHT CHAIN ,381.0,196,21
21373,MIRRORED WALL ART SNOWFLAKES,380.25,507,45
16045,POPART WOODEN PENCILS ASST,380.0,8900,68
21015,DARK BIRD HOUSE TREE DECORATION,377.3299999999999,1249,66
85078,SCANDINAVIAN 3 HEARTS NAPKIN RING,376.50000000000006,1746,65
84687,BEACH HUT SHELF W 3 DRAWERS,376.5,70,20
22250,DECORATION  BUTTERFLY  MAGIC GARDEN,375.78999999999996,447,57
23457,LARGE PARLOUR PICTURE FRAME,375.75,77,27
21415,CLAM SHELL SMALL ,375.73,202,30
22286,DECORATION WOBBLY RABBIT METAL ,375.57,753,45
22287,"DECORATION , WOBBLY CHICKEN, METAL ",374.54999999999995,227,28
35809A,ENAMEL PINK TEA CONTAINER,374.10999999999996,388,40
23128,DOLLCRAFT BOY JEAN-PAUL ,373.9,82,12
85135B,BLUE DRAGONFLY HELICOPTER,373.65000000000003,47,34
20716,PARTY FOOD SHOPPER BAG,373.5,314,34
22344,PARTY PIZZA DISH PINK POLKADOT,372.74,1046,46
21581,SKULLS  DESIGN  COTTON TOTE BAG,371.25,165,40
23039,T-LIGHT HOLDER SILVER HEART HANDLE,370.79999999999995,192,22
21318,GLASS CHALICE BLUE SMALL ,369.0,678,40
21562,HAWAIIAN GRASS SKIRT ,368.35,319,25
21641,ASSORTED TUTTI FRUTTI KEYRING BALL,367.97999999999996,1102,23
84600,NEW BAROQUE JEWELLERY BOX ,367.6,48,20
21635,MADRAS NOTEBOOK LARGE ,367.5,270,15
20765,CHRYSANTHEMUM SKETCHBOOK ,367.34,94,51
16011,ANIMAL STICKERS,367.29,1749,46
22517,CHILDS GARDEN RAKE PINK,366.90000000000003,179,54
21808,"CHRISTMAS GARLAND STARS,TREES",366.25,99,21
85170C,SET/6 EAU DE NIL BIRD T-LIGHTS,366.23,252,29
22201,FRYING PAN BLUE POLKADOT,366.0,108,40
21846,PINK DIAMANTE PEN IN GIFT BOX,365.62,72,24
47574A,ENGLISH ROSE SCENTED HANGING FLOWER,365.5,422,50
72799F,IVORY PILLAR CANDLE GOLD FLOCK,365.05,127,21
72598,SET/12 TAPER CANDLES,364.95,459,41
21194,PINK  HONEYCOMB PAPER FAN,364.6,436,41
35637A,IVORY STRING CURTAIN WITH POLE ,363.7,166,24
17012D,ORIGAMI ROSE INCENSE/CANDLE SET ,362.95,385,44
21356,TOAST ITS - FAIRY FLOWER,361.9,303,53
16008,SMALL FOLDING SCISSOR(POINTED EDGE),360.71,2892,70
22532,MAGIC DRAWING SLATE LEAP FROG ,360.06,1063,66
21365,MIRRORED WALL ART STARS,360.0,348,42
84632,DECORATIVE HANGING SHELVING UNIT,359.70000000000005,6,5
23429,RED RETRO KITCHEN WALL CLOCK,358.6,44,20
21285,RETROSPOT CANDLE  MEDIUM,357.62,350,33
22308,TEA COSY BLUE STRIPE,356.89,145,36
22230,JIGSAW TREE WITH WATERING CAN,356.16999999999996,925,63
21348,PINK SPOTS CHOCOLATE NESTING BOXES ,355.65,139,5
85169C,EAU DE NIL LOVE BIRD CANDLE,353.72,336,21
22260,FELT EGG COSY BLUE RABBIT ,351.62,410,47
23337,EGG FRYING PAN MINT ,351.52000000000004,169,60
21061,PARTY INVITES FOOTBALL,350.2,412,52
85163A,WHITE BAROQUE WALL CLOCK ,349.95,45,18
85232A,SET/3 POLKADOT STACKING TINS,349.5,74,25
22405,MONEY BOX POCKET MONEY DESIGN,348.69,345,54
20998,ROSE DU SUD OVEN GLOVE,348.25000000000006,119,28
22516,CHILDS GARDEN RAKE BLUE,348.00000000000006,170,41
23057,GEMSTONE CHANDELIER T-LIGHT HOLDER,347.70000000000005,78,7
23576,SNACK TRAY RED VINTAGE DOILY,346.34999999999997,185,29
23150,IVORY SWEETHEART SOAP DISH,346.11,139,40
21088,SET/6 FRUIT SALAD PAPER CUPS,345.42,1576,74
21421,PORCELAIN ROSE LARGE ,345.14,298,13
21689,SILVER VANILLA  FLOWER CANDLE POT,345.0,92,23
21664,RIDGED GLASS STORAGE JAR CREAM LID,342.72,96,17
21579,LOLITA  DESIGN  COTTON TOTE BAG,342.0,152,32
17012C,ORIGAMI LAVENDER INCENSE/CANDL SET ,341.79999999999995,362,43
22640,SET OF 4 NAPKIN CHARMS 3 KEYS ,341.66999999999996,185,41
84766,SILVER ROCOCO CANDLE STICK,340.7,146,14
22813,PACK 3 BOXES BIRD PANETTONE ,340.33,177,14
23044,PAPER LANTERN 9 POINT HOLLY STAR S,340.3,82,19
84031B,CHARLIE LOLA BLUE HOT WATER BOTTLE ,338.09000000000003,93,37
84569D,PACK 6 HEART/ICE-CREAM PATCHES,337.42,268,34
22406,MONEY BOX KINGS CHOICE DESIGN,336.89,319,64
23127,DOLLCRAFT GIRL NICOLE,336.6,68,12
23661,MILK MAIDS MUG ,336.59999999999997,204,23
90149,SILVER FLOWR PINK SHELL NECKLACE,335.28000000000003,52,3
22229,BUNNY WOODEN PAINTED WITH FLOWER ,334.27,495,62
84931B,BLUE SCOTTIE DOG W FLOWER PATTERN,334.04999999999995,131,25
85163B,BLACK BAROQUE WALL CLOCK ,333.6,44,14
21129,SILVER FISHING GNOME ,332.3,45,20
22265,EASTER DECORATION NATURAL CHICK,331.50000000000006,510,48
22322,BIRD DECORATION GREEN POLKADOT,331.5,390,37
23484,HEART TRELLIS TRIPLE T-LIGHT HOLDER,331.42,118,20
22643,SET OF 4 NAPKIN CHARMS LEAVES   ,331.28999999999996,183,30
23420,PANTRY HOOK TEA STRAINER ,330.72,159,28
21867,PINK UNION JACK  LUGGAGE TAG,330.02,261,75
84616,SILVER ROCCOCO CHANDELIER,329.45,11,6
17012F,ORIGAMI SANDLEWOOD INCENSE/CAND SET,329.05,365,42
22529,MAGIC DRAWING SLATE GO TO THE FAIR ,328.92,814,61
23236,DOILEY BISCUIT TIN,327.6,120,13
16259,PIECE OF CAMO STATIONERY SET,326.56,3380,31
85230B,CINNAMON SCENTED VOTIVE CANDLE,326.23999999999995,1264,38
84913B,MINT GREEN ROSE TOWEL,325.5,70,20
23521,WALL ART CAT AND BIRD ,324.98,118,18
84663A,GRASS HOPPER WOODEN WALL CLOCK ,324.04,260,25
23521,CAT AND BIRD WALL ART,323.64,270,4
84926E,FLOWERS TILE COASTER,322.88,966,37
21197,MULTICOLOUR  CONFETTI IN TUBE,322.71,243,13
22256,FELT FARM ANIMAL CHICKEN,321.25,257,33
22248,DECORATION  PINK CHICK MAGIC GARDEN,320.53999999999996,382,44
23205,CHARLOTTE BAG ALPHABET  DESIGN,320.5,400,22
21884,CAKES AND BOWS GIFT  TAPE,318.81,1017,44
84951B,SET OF 4 BLACK LOVEBIRD COASTERS,318.44,334,31
21243,PINK POLKADOT PLATE ,318.34,202,18
23523,WALL ART TREASURE AHOY ,317.97,87,22
22345,PARTY PIZZA DISH BLUE POLKADOT,317.90999999999997,969,41
20768,GREEN FERN JOURNAL ,317.71,130,36
23116,VEGETABLE GARDEN CHOPPING BOARD,317.70000000000005,70,17
21724,PANDA AND BUNNIES STICKER SHEET,316.2,372,57
23421,PANTRY HOOK SPATULA,316.16,152,26
21881,CUTE CATS TAPE,315.55,975,45
23037,CANDLE HOLDER SILVER MADELINE,315.28999999999996,193,18
84659A,WHITE TRAVEL ALARM CLOCK,314.31,134,22
84951A,SET OF 4 PISTACHIO LOVEBIRD COASTER,314.27,362,33
21263,GREEN GOOSE FEATHER TREE 60CM,313.95,161,36
21775,DECORATIVE FLORE BATHROOM BOTTLE,313.91,283,41
85071C,"CHARLIE+LOLA""EXTREMELY BUSY"" SIGN",313.78,607,72
23130,MISELTOE HEART WREATH ,312.8,80,5
22162,HEART GARLAND RUSTIC PADDED,312.7,108,27
23339,EGG FRYING PAN BLUE ,312.0,150,58
21723,ALPHABET HEARTS STICKER SHEET,311.95,367,38
21284,RETROSPOT CANDLE  SMALL,311.84000000000003,384,25
22092,BLUE PAISLEY TISSUE BOX,311.56,666,88
90200E,GREEN SWEETHEART BRACELET,311.0,76,18
16219,HOUSE SHAPE PENCIL SHARPENER,309.9,2915,47
21320,GLASS CHALICE GREEN  LARGE ,309.66,186,11
22346,PARTY PIZZA DISH GREEN POLKADOT,309.12,882,32
84658,WHITE STITCHED CUSHION COVER,308.48,44,16
23478,WOODLAND LARGE PINK FELT HEART,307.18,278,10
21841,BABY MOUSE RED GINGHAM DRESS,306.0,72,20
23575,SNACK TRAY PAISLEY PARK,305.4,164,22
22040,BOTANICAL ROSE GIFT WRAP,304.5,725,28
23131,MISELTOE HEART WREATH WHITE,304.5,78,4
22965,3 TRADITIONAL COOKIE CUTTERS  SET,304.20000000000005,162,4
22100,SKULLS SQUARE TISSUE BOX,304.17,727,38
21060,PARTY INVITES BALLOON GIRL,302.59999999999997,356,53
22204,MILK PAN BLUE POLKADOT,302.5,96,30
21879,HEARTS GIFT TAPE,301.93,1025,57
23396,LA JARDIN BOTANIQUE CUSHION COVER,300.0,80,23
21220,SET/4 BADGES DOGS,299.56,229,41
21761,WOOD AND GLASS MEDICINE CABINET,299.5,10,10
23440,PAINT YOUR OWN EGGS IN CRATE,299.36,164,5
23466,TUSCAN VILLA DOVECOTE BIRD FEEDER,299.25,37,17
85213,MINI  ZINC GARDEN DECORATIONS ,297.89,809,24
85208,SET/12 FUNKY FELT FLOWER PEG IN BAG,296.64000000000004,160,24
85205B,PINK FELT EASTER RABBIT GARLAND,295.8,116,24
23126,DOLLCRAFT GIRL AMELIE KIT,294.7,66,8
20934,SET/3 POT PLANT CANDLES,294.3,54,20
35095A,BLUE VICTORIAN FABRIC OVAL BOX,293.82,811,34
17129F,BLUE GLASS GEMS IN BAG,291.25,427,19
21131,GOLD STANDING GNOME,290.25,93,17
22598,CHRISTMAS MUSICAL ZINC TREE,290.16999999999996,811,51
23410,CURIO CABINET LINEN AND LACE ,290.1,36,18
20725,LUNCH BAG RED SPOTTY,290.0,200,1
16015,MEDIUM CHINESE STYLE SCISSOR,289.98,662,24
85024B,EAU DE NILE JEWELLED PHOTOFRAME,289.65,193,12
22486,PLASMATRONIC LAMP,288.94,52,10
21503,TOYBOX  WRAP ,288.92,726,23
84358,FLOOR LAMP SHADE WOOD BASE,287.74,32,12
23047,PAPER LANTERN 5 POINT SEQUIN STAR,287.5,50,21
23695,DOILY THANK YOU CARD,286.62,703,44
23430,BLUE RETRO KITCHEN WALL CLOCK,285.25,35,17
90160C,TURQ+RED BOUDICCA LARGE BRACELET,284.95000000000005,41,16
90200B,BLACK SWEETHEART BRACELET,284.75,67,24
21128,GOLD FISHING GNOME,284.16,47,16
35912B,WHITE/PINK CHICK DECORATION,283.89,249,18
37413,ICON MUG REVOLUTIONARY,283.71,701,79
22043,CHRISTMAS CARD SCREEN PRINT ,283.32,1188,43
20838,FRENCH LATTICE CUSHION COVER ,282.94,330,33
84915,HAND TOWEL PINK FLOWER AND DAISY,281.95,199,11
84924A,WAKE UP COCKEREL CALENDAR SIGN ,281.13,72,24
22547,MINI JIGSAW DINOSAUR ,279.51,738,50
21286,RETROSPOT CANDLE  LARGE,279.37,255,18
71101E,STANDING FAIRY POLE SUPPORT ,278.5,346,22
85136C,RED SHARK HELICOPTER,278.25,35,25
35095B,RED VICTORIAN FABRIC OVAL BOX,277.44,772,41
16169M,WRAP DAISY CARPET ,277.2,660,25
72122,COFFEE SCENT PILLAR CANDLE,276.45,291,44
23579,SNACK TRAY I LOVE LONDON,276.15,149,24
21371,MIRRORED WALL ART POPPIES,274.65,275,32
20936,FORKED CACTUS CANDLE,272.98,92,26
20831,GOLD PHOTO FRAME,272.34000000000003,169,24
21189,WHITE HONEYCOMB PAPER GARLAND ,272.25,165,29
21850,BLUE  DIAMANTE PEN IN GIFT BOX,271.8,60,21
21248,DOOR HANGER  MUM + DADS ROOM,271.15,187,52
82613D,METAL SIGN CUPCAKE SINGLE HOOK,270.85,469,50
22049,WRAP CHRISTMAS SCREEN PRINT,270.5,1000,31
35001W,HAND OPEN SHAPE DECO.WHITE,270.02000000000004,92,5
21811,CHRISTMAS HANGING HEART WITH BELL,270.0,216,17
22409,MONEY BOX BISCUITS DESIGN,270.0,216,45
84509C,SET OF 4 POLKADOT PLACEMATS ,269.55,77,23
21454,PAINTED PINK RABBIT ,269.45,317,43
21644,ASSORTED TUTTI FRUTTI HEART BOX,268.75,215,32
23203,JUMBO BAG VINTAGE DOILEY ,268.44,143,6
17107D,"FLOWER FAIRY,5 SUMMER B'DRAW LINERS",267.75,105,25
82613B,"METAL SIGN,CUPCAKE SINGLE HOOK",267.6,400,45
21445,12 PINK ROSE PEG PLACE SETTINGS,267.5,214,21
85230E,STRAWBRY SCENTED VOTIVE CANDLE,267.45,1101,24
21785,RAIN PONCHO ,267.1,410,4
84926D,LA PALMIERA TILE COASTER,266.64,705,31
16236,KITTY PENCIL ERASERS,266.56,1296,73
84920,PINK FLOWER FABRIC PONY,266.25,71,26
23481,PEARLISED IVORY HEART SMALL ,266.21,217,27
23489,"GARLAND, VINTAGE BELLS",265.88,92,10
72800B, 4 PURPLE FLOCK DINNER CANDLES,265.65999999999997,138,36
16238,PARTY TIME PENCIL ERASERS,265.09,1259,78
21167,WHITE SAGE INCENSE,264.6,1260,25
85019C,CURIOUS  IMAGES NOTEBOOK SET,262.25,181,10
21221,SET/4 BADGES CUTE CREATURES,262.14,201,24
72586,SET OF 6 HALLOWEEN GHOST T-LIGHTS,262.08,624,37
84598,BOYS ALPHABET IRON ON PATCHES,262.08,1248,5
84849A,HELLO SAILOR BLUE SOAP HOLDER,261.95,155,31
23194,GYMKHANNA TREASURE BOOK BOX,261.84000000000003,120,14
79337,BLUE FLOCK GLASS CANDLEHOLDER,259.96,644,10
21403,BLUE EGG  SPOON,258.71999999999997,1718,71
23032,DOORKNOB CRACKED GLAZE IVORY,258.29999999999995,174,5
17013D,ORIGAMI ROSE INCENSE IN TUBE,257.88,532,11
22268,DECORATION SITTING BUNNY,257.61,1335,41
22765,NEWSPAPER STAND,257.37,25,3
85230G,ORANGE VOTIVE CANDLE,257.03999999999996,1032,25
21250,SET OF SKULL WALL STICKERS,257.0,92,17
84708B,PINK JEWELLED PHOTO FRAME ,256.75,53,14
85188A,GREEN METAL SWINGING BUNNY,256.7,302,34
20770,ABSTRACT CIRCLE JOURNAL ,256.65,107,28
71270,PHOTO CLIP LINE,256.21,204,31
16012,FOOD/DRINK SPONGE STICKERS,256.2,1220,35
22287,DECORATION WOBBLY CHICKEN,256.11,521,29
21719,LOVELY BONBON STICKER SHEET,255.85,301,34
90062,CARNIVAL BRACELET,255.0,20,6
23137,ZINC WIRE SWEETHEART LETTER TRAY,253.24,80,20
16218,CARTOON  PENCIL SHARPENERS,253.2,3760,50
21386,IVORY HANGING DECORATION  EGG,253.01,689,46
20854,BLUE PATCH PURSE PINK HEART,252.79999999999998,164,17
84596E,SMALL LICORICE DES PINK BOWL,252.63,391,35
22134,MINI LADLE LOVE HEART RED ,252.24,630,54
84341B,SMALL PINK MAGIC CHRISTMAS TREE,252.23,618,33
21222,SET/4 BADGES BEETLES,252.18,194,35
84876B,GREEN HEART COMPACT MIRROR,251.25,201,20
21849,SILVER DIAMANTE PEN IN GIFT BOX,250.84000000000003,50,22
20684,STRAWBERRY DREAM CHILDS UMBRELLA,250.25,77,32
84858C,PINK RIVIERA HANDBAG,250.05,185,5
47563A,RETRO LONGBOARD IRONING BOARD COVER,250.0,198,45
21666,RIDGED GLASS T-LIGHT HOLDER,249.60000000000002,384,33
21265,PINK GOOSE FEATHER TREE 60CM,249.59999999999997,128,16
22703,PINK CAT BOWL,249.42000000000002,168,40
85204,HANGING WOOD AND FELT FLOWER,248.88,1871,42
84859A,SILVER DISCO HANDBAG,248.20999999999998,123,30
23476,WOODLAND LARGE RED FELT HEART,247.5,198,18
23015,CORDIAL GLASS JUG,247.5,30,13
84952B,BLACK LOVE BIRD T-LIGHT HOLDER,247.46,145,13
20755,BLUE PAISLEY POCKET BOOK,247.35,291,50
23168,CLASSIC SUGAR DISPENSER,247.32,216,12
21067,VINTAGE RED TEATIME MUG,246.88,201,41
22214,CANDLE PLATE LACE WHITE,246.7,114,21
22108,PING! MICROWAVE PLATE,246.53,101,28
23474,WOODLAND SMALL BLUE FELT HEART,246.51,297,27
78124,MAGAZINE RACK GEBRA ASSORTED ,246.5,190,17
35964,FOLKART CLIP ON STARS,245.61,621,37
21190,PINK HEARTS PAPER GARLAND,245.20000000000002,168,7
79190B,RETRO PLASTIC POLKA TRAY,245.1,655,35
17012A,ORIGAMI VANILLA INCENSE/CANDLE SET ,244.89999999999998,270,24
35954,SMALL FOLKART STAR CHRISTMAS DEC,244.23000000000002,1076,32
20669,RED HEART LUGGAGE TAG,243.75,195,42
23149,ANTIQUE IVORY WIRE BOWL SMALL,241.53000000000003,97,19
22259,FELT FARM ANIMAL HEN,240.96,384,16
85129D,BEADED CRYSTAL HEART PINK SMALL,240.13,165,34
23495,SET OF 3 PANTRY WOODEN SPOONS,240.0,192,24
84569A,PACK 3 IRON ON DOG PATCHES,239.96,191,26
22052,VINTAGE CARAVAN GIFT WRAP,239.82,571,23
23324,RUSTIC STRAWBERRY JAMPOT LARGE ,238.56,120,6
23028,DOORKNOB CRACKED GLAZE BLUE,238.49999999999997,162,3
21269,ANTIQUE CREAM CUTLERY SHELF ,238.0,28,18
85203,HANGING WOOD AND FELT BUTTERFLY ,237.54,569,49
22069,BROWN  PIRATE TREASURE CHEST ,237.47999999999996,218,37
21632,VINTAGE PINK DECORATIVE PARASOL,237.00000000000003,60,5
85169D,PINK LOVE BIRD CANDLE,236.48000000000002,232,22
72131,COLUMBIAN CANDLE RECTANGLE,236.39999999999998,136,18
47351B,BLUE  VOILE LAMPSHADE,234.5,86,9
82613C,"METAL SIGN,CUPCAKE SINGLE HOOK",234.2,360,37
23567,EGG CUP HENRIETTA HEN PINK,233.75,187,18
20615,BLUE POLKADOT PASSPORT COVER,233.34,231,35
22129,PARTY CONES CANDY DECORATION,233.27999999999997,296,8
21725,SWEETIES  STICKERS,232.89999999999998,274,32
85023B,EAU DE NILE JEWELLED PHOTOFRAME,232.8,104,12
90058B,CRYSTAL STUD EARRINGS ASSORTED COL ,232.56,612,15
23475,WOODLAND SMALL PINK FELT HEART,232.39999999999998,280,26
22512,DOORSTOP RACING CAR DESIGN,232.25,117,32
84559A,3D SHEET OF DOG STICKERS,231.98,272,42
23447,PINK BUNNY EASTER EGG BASKET,231.89999999999998,158,4
20867,PINK ROSE FABRIC MIRROR,231.47,187,25
20856,DENIM PATCH PURSE PINK BUTTERFLY,231.0,140,27
21973,SET OF 36 MUSHROOM PAPER DOILIES,230.54999999999998,159,30
47021G,SET/6 BEAD COASTERS GAUZE BAG GOLD,230.39999999999998,518,15
20897,VINTAGE NOTEBOOK PARIS DAYS,230.35,85,8
21455,PAINTED YELLOW WOODEN DAISY,230.35,271,32
23446,BLUE BUNNY EASTER EGG BASKET,230.24999999999997,157,3
72800C,4 PINK DINNER CANDLE SILVER FLOCK,229.95999999999998,124,30
21442,GREEN BIRDHOUSE DECORATION,229.45999999999998,386,36
21051,RIBBONS PURSE ,228.83,108,24
85200,BUNNY EGG BOX,228.75,183,26
23036,T-LIGHT HOLDER SILVER PETIT FOUR ,227.5,182,15
85093,CANDY SPOT EGG WARMER HARE,227.49,451,20
16216,LETTER SHAPE PENCIL SHARPENER,227.14,3316,41
84678,CLASSICAL ROSE SMALL VASE,227.1,138,10
23522,WALL ART DOG AND BALL ,226.29000000000002,89,17
22641,SET OF 4 NAPKIN CHARMS INSTRUMENT,225.92,112,24
23003,TRAVEL CARD WALLET VINTAGE ROSE ,225.78,541,52
84661B,BLACK SQUARE TABLE CLOCK,225.48999999999998,95,12
22632,HAND WARMER RED POLKA DOT,225.00000000000003,120,18
84952C,MIRROR LOVE BIRD T-LIGHT HOLDER,225.0,140,9
22447,PIN CUSHION BABUSHKA BLUE,223.95000000000002,75,16
22280,POCKET BAG PINK PAISELY BROWN SPOT,223.63,176,30
21441,BLUE BIRDHOUSE DECORATION,223.3,376,38
90161C,ANT COPPER LIME BOUDICCA BRACELET,222.75,45,15
90161B,ANT COPPER TURQ BOUDICCA BRACELET,222.75,45,12
85040B,SET/4 BLUE FLOWER CANDLES IN BOWL,222.74999999999997,135,34
21818,GLITTER CHRISTMAS HEART ,222.7,262,18
21647,ASSORTED TUTTI FRUTTI LARGE PURSE,222.60000000000002,106,24
90160D,PINK BOUDICCA LARGE BRACELET,222.4,32,9
84218,BOX/12 CHICK & EGG IN BASKET,222.29999999999998,122,40
85161,ACRYLIC GEOMETRIC LAMP,221.39999999999998,12,9
84422,PINK/BLUE DISC/MIRROR STRING,220.41,551,8
72800D,4 BLUE DINNER CANDLES SILVER FLOCK,216.74999999999997,85,29
23360,SET 8 CANDLES VINTAGE DOILEY,216.29999999999998,122,7
37482P,CUBIC MUG PINK POLKADOT,216.26999999999998,477,34
20782,CAMOUFLAGE EAR MUFF HEADPHONES,215.87,39,17
90160A,PURPLE BOUDICCA LARGE BRACELET,215.45000000000002,31,11
23141,TRIPLE WIRE HOOK PINK HEART,215.00000000000003,68,18
23580,SNACK TRAY HAPPY FOREST  ,214.5,110,21
85124C,GREEN JUICY FRUIT PHOTO FRAME,214.2,84,31
21293,MIRRORED DOVE WALL DECORATION,214.13000000000002,101,18
20794,BLUE  TILE HOOK,213.14999999999998,85,15
22410,MONEY BOX HOUSEKEEPING DESIGN,212.88,223,46
17084N,FAIRY DREAMS INCENSE ,212.75,1025,32
21547,CERAMIC BIRDHOUSE CRESTED TIT SMALL,212.40000000000003,72,16
84051,ASS COLOUR GLOWING TIARAS,211.95,279,24
84584,PINK GINGHAM CAT WITH SCARF,211.64999999999998,83,18
47310M,SMALL POP BOX FUNKY MONKEY,210.48,172,34
75178,ASSTD COL BUTTERFLY/CRYSTAL W/CHIME,210.19,455,9
22896,PEG BAG APPLE DESIGN,210.0,100,1
84563B,BLUE & WHITE BREAKFAST TRAY,209.55,69,21
22164,STRING OF STARS CARD HOLDER,209.45000000000005,71,12
84931A,PINK SCOTTIE DOG W FLOWER PATTERN,209.1,82,22
85124B,BLUE JUICY FRUIT PHOTO FRAME,209.1,82,29
90147,CHUNKY SILVER NECKLACE PASTEL FLOWE,208.95,21,12
23413,DECORATIVE VINTAGE COFFEE  BOX,208.20000000000002,44,16
72127,COLUMBIAN CANDLE ROUND ,208.1,168,29
84592,CROCHET ROSE PURSE WITH SUEDE BACK,206.50000000000003,70,17
20619,TROPICAL PASSPORT COVER ,206.23000000000002,142,22
85071D,CHARLIE+LOLA MY ROOM DOOR SIGN,205.98,362,64
84596J,MIXED NUTS LIGHT GREEN BOWL,205.28,469,27
47422,ASSORTED MONKEY SUCTION CUP HOOK,205.02,519,42
79051A,SMOKEY GREY COLOUR D.O.F. GLASS,204.79,587,26
21324,HANGING MEDINA LANTERN SMALL,203.55,69,20
85230A,OPIUM SCENTED VOTIVE CANDLE,203.27999999999997,840,18
21580,RABBIT  DESIGN  COTTON TOTE BAG,202.5,90,24
21758,VINTAGE SHELLS PRINT,202.4,32,14
84919,BLUE CUSHION COVER WITH FLOWER,201.55,29,9
21456,2 PICTURE BOOK EGGS EASTER CHICKS,201.25,161,19
21147,JINGLE BELLS TREE DECORATION,200.94,89,21
85186A,EASTER BUNNY GARLAND OF FLOWERS,200.34,477,37
22954,HEN PARTY CORDON BARRIER TAPE,200.0,160,28
22038,BOTANICAL LAVENDER GIFT WRAP ,199.5,475,19
71053,WHITE MOROCCAN METAL LANTERN,199.17,47,12
84857C,PINK MONTE CARLO HANDBAG,198.35,95,8
84926A,WAKE UP COCKEREL TILE COASTER,198.08999999999997,597,31
84563A,PINK & WHITE BREAKFAST TRAY,198.05,59,14
21458,2 PICTURE BOOK EGGS EASTER BUNNY,197.5,158,19
22044,CHRISTMAS CARD STACK OF PRESENTS,196.44,816,36
21726,MULTI HEARTS  STICKERS,196.35,231,36
85170B,SET/6 BLACK BIRD T-LIGHT CANDLES,195.9,179,23
20707,CRAZY DAISY HEART DECORATION,195.52,155,31
21657,MILK BOTTLE WITH GLASS STOPPER ,194.60000000000002,28,15
47367B,PAIR PADDED HANGERS PINK CHECK,194.55,57,11
22257,FELT FARM ANIMAL SHEEP,194.39,283,16
21360,JOY LARGE WOOD LETTERS,194.15,37,14
35911A,MULTICOLOUR RABBIT EGG WARMER,194.14999999999998,205,25
20780,BLACK EAR MUFF HEADPHONES,192.86,36,17
21801,CHRISTMAS TREE DECORATION WITH BELL,191.94,457,22
21651,HANGING GLASS ETCHED TEALIGHT,191.84999999999997,125,10
85169B,BLACK LOVE BIRD CANDLE,191.49,201,25
21000,ROSE DU SUD COSMETICS BAG,191.25,45,16
21676,FLOWERS  STICKERS,191.04999999999998,211,32
20652,BLUE POLKADOT LUGGAGE TAG ,191.01,147,33
22137,BATHROOM SET LOVE HEART DESIGN,191.0,68,11
22394,PAPERWEIGHT KINGS CHOICE ,190.79999999999998,160,16
21945,STRAWBERRIES  DESIGN FLANNEL ,190.79,225,29
20902,VINTAGE KEEPSAKE BOX PARIS DAYS,190.35,33,6
21882,SKULLS TAPE,189.98000000000002,598,38
20763,DAISY SKETCHBOOK ,189.96,71,25
21815,STAR  T-LIGHT HOLDER ,189.95,131,18
21253,SET OF PICTURE FRAME  STICKERS,189.59000000000003,65,16
23229,DONKEY TAIL GAME ,189.54000000000002,54,4
90209B,GREEN ENAMEL+GLASS HAIR COMB,189.0,104,11
90201B,BLACK ENAMEL FLOWER RING,188.8,64,10
21161,KEEP OUT BOYS DOOR HANGER ,188.5,130,34
84804B,BLUE DELPHINIUM ARTIFICIAL FLOWER,188.37000000000003,99,6
85179A,GREEN BITTY LIGHT CHAIN,188.31,119,17
21425,SKULLS STORAGE BOX LARGE,188.05,67,16
90184B,AMETHYST CHUNKY BEAD BRACELET W STR,187.95,21,11
21520,BOOZE & WOMEN GREETING CARD ,187.62,457,33
84876D,BLUE HEART COMPACT MIRROR,187.5,124,12
16048,TEATIME ROUND PENCIL SHARPENER ,186.72,1436,47
85045,GREEN CHRISTMAS TREE STRING 20LIGHT,186.15,41,10
22391,PAPERWEIGHT HOME SWEET HOME,186.05999999999997,146,18
84535A,ENGLISH ROSE NOTEBOOK A6 SIZE,185.1,398,20
23436,GIFT BAG LARGE VINTAGE CHRISTMAS,185.0,148,9
20819,SILVER TEDDY BEAR,183.71,48,16
84559B,3D SHEET OF CAT STICKERS,183.6,216,43
22216,T-LIGHT HOLDER WHITE LACE,182.31,327,20
35965,FOLKART HEART NAPKIN RINGS,181.87,181,28
20771,CHRYSANTHEMUM  JOURNAL,180.91,70,27
22541,MINI JIGSAW LEAP FROG,180.62,465,21
84804A,CREAM DELPHINIUM ARTIFICIAL FLOWER,180.58,70,8
22157,ANGEL DECORATION WITH LACE PADDED,180.2,212,11
23697,A PRETTY THANK YOU CARD,179.64,438,26
78033,FLAG OF ST GEORGE CHAIR,179.35,37,7
84707B,PINK JEWELLED MIRROR TRINKET TRAY,178.56,29,13
21270,ANTIQUE CREAM CUTLERY CUPBOARD,178.5,14,13
84796A,PINK HAWAIIAN PICNIC HAMPER FOR 2,178.5,14,10
23126,DOLLCRAFT GIRL AMELIE,178.2,36,8
84926F,PSYCHEDELIC TILE COASTER,178.0,423,23
21944,KITTENS DESIGN FLANNEL,177.88,232,33
47594B,SCOTTIES DESIGN WASHBAG,177.45,91,30
84859C,PINK DISCO HANDBAG,176.39,83,21
84313B,BLUE TV TRAY TABLE ,175.8,76,13
21378,SMALL TALL CAMPHOR WOOD TOADSTOOL,175.04999999999998,129,22
84691,PACK 20 DOLLY PEGS,174.5,242,4
84800M,MEDIUM WHITE/PINK ROSE ART FLOWER,174.31,127,11
90200A,PURPLE SWEETHEART BRACELET,174.25,41,16
21807,WHITE CHRISTMAS STAR DECORATION,173.88,414,25
21026,SPACE OWL,173.62,140,22
85186C,BUNNY EGG GARLAND,173.46,413,33
21911,GARDEN METAL SIGN ,173.24999999999997,105,20
44235,ASS COL CIRCLE MOBILE ,173.15999999999997,474,6
20769,DAISY JOURNAL ,173.11999999999998,66,26
84637,KITCHEN FLOWER POTS WALL PLAQUE,172.55,29,13
20847,ZINC HEART LATTICE CHARGER LARGE,172.5,46,14
84913A,SOFT PINK ROSE TOWEL ,172.05,37,10
82011C,BATHROOM SCALES FOOTPRINTS IN SAND,172.05,51,20
84963A,PINK PAINTED KASHMIRI CHAIR,171.8,4,1
85214,TUB 24 PINK FLOWER PEGS,169.95,103,43
21763,VINTAGE WOODEN BAR STOOL,169.75,6,4
21656,RIDGED GLASS POSY VASE ,169.64999999999998,117,17
21275,ZINC TOP  2 DOOR WOODEN SHELF ,169.5,10,9
84875B,GREEN SQUARE COMPACT MIRROR,168.75,125,15
21364,PEACE SMALL WOOD LETTERS,168.75,25,21
90114,SUMMER DAISIES BAG CHARM,168.29999999999998,66,11
62086A,PINK RETRO BIG FLOWER BAG,167.7,86,13
84927F,PSYCHEDELIC TILE HOOK,166.35,295,40
21306,SET/4 DAISY MIRROR MAGNETS,166.27999999999997,486,36
21279,VINTAGE KITCHEN PRINT FRUITS,165.75,65,12
21280,VINTAGE KITCHEN PRINT VEGETABLES,165.75,65,12
BANK CHARGES,Bank Charges,165.001,12,11
20622,VIPPASSPORT COVER ,164.58,127,21
47469,ASSORTED SHAPES PHOTO CLIP SILVER ,164.51,355,11
46118,FUNKY MONKEY CUSHION COVER,164.04999999999998,193,18
90209A,PURPLE ENAMEL+GLASS HAIR COMB,163.8,84,4
85020,ROUND PINK HEART MIRROR,163.8,78,16
85145,JARDIN ETCHED GLASS LARGE BELL JAR,163.75,37,13
72801C,4 ROSE PINK DINNER CANDLES,163.38,138,14
47481,50CM METAL STRING WITH  7 CLIPS,163.37,221,19
47578A,ENGLISH ROSE SMALL SCENTED FLOWER,163.2,192,27
35914,PINK CHICK EGG WARMER + EGG CUP,162.25,135,18
21333,CLASSIC WHITE FRAME,162.25,55,15
21427,SKULLS STORAGE BOX SMALL,161.70000000000002,77,25
21750,LARGE SKULL WINDMILL,161.70000000000002,77,16
84507C,BLUE CIRCLES DESIGN MONKEY DOLL,160.64999999999998,63,25
85027L,FRENCH CHATEAU LARGE PLATTER ,160.5,70,18
37476,CONDIMENT TRAY 4 BOWLS AND 4 SPOONS,160.39,17,9
23305,SET 4 PICNIC CUTLERY BLUEBERRY,159.9,82,9
21367,MIRRORED WALL ART GENTS,159.51,163,35
20868,SILVER FABRIC MIRROR,159.26000000000002,381,31
90082B,DIAMANTE BOW BROOCH RED COLOUR,158.75,25,10
72225C,LAVENDER SCENT CAKE CANDLE,158.64,600,16
22031,BOTANICAL LAVENDER BIRTHDAY CARD,158.61,363,32
21311,SET/4 BIRD MIRROR MAGNETS ,158.23,452,44
84877B,GREEN ROUND COMPACT MIRROR,157.5,126,9
16156L,WRAP CAROUSEL,157.5,375,14
23545,WRAP RED DOILEY,157.5,375,15
20830,SILVER PHOTO FRAME,157.5,75,20
23143,ZINC WIRE KITCHEN ORGANISER,156.8,25,12
79030D,TUMBLER BAROQUE,156.78,402,25
23468,TUSCAN VILLA BIRD TABLE ,156.75,19,11
20777,CHRYSANTHEMUM NOTEBOOK,156.75,95,36
16258A,SWIRLY CIRCULAR RUBBERS IN BAG,156.53,445,38
71403,"PINK/WHITE ""KEEP CLEAN"" BULLET BIN",156.35000000000002,53,13
22889,NUMBER TILE VINTAGE FONT No ,156.18,143,7
21379,CAMPHOR WOOD PORTOBELLO MUSHROOM,155.61,141,23
84799,SPRIG LAVENDER ARTIFICIAL FLOWER,155.48,220,9
21402,RED  EGG  SPOON,155.4,1290,61
85123A,CREAM HANGING HEART T-LIGHT HOLDER,155.35,57,7
23416,CHAMBRE HOOK,155.06999999999996,123,18
35810B,ENAMEL BLUE RIM COFFEE CONTAINER,155.03,147,21
40003,WHITE BAMBOO RIBS LAMPSHADE,154.95,147,11
21316,SMALL CHUNKY GLASS ROMAN  BOWL,153.64000000000001,148,9
90161D,ANT COPPER PINK BOUDICCA BRACELET,153.45000000000002,31,9
90201C,RED ENAMEL FLOWER RING,153.4,52,12
18094C,WHITE AND BLUE CERAMIC OIL BURNER,153.1,134,15
84827,ASS DES PHONE SPONGE CRAFT STICKER,153.09,509,14
22353,LUNCH BOX WITH CUTLERY FAIRY CAKES ,153.0,60,24
21145,ANTIQUE GLASS PLACE SETTING,152.5,122,8
22289,HANGING METAL CHICKEN DECORATION,152.5,122,19
23484,HEART TRELLISTRIPLE T-LIGHT HOLDER,152.24,56,5
20781,GOLD EAR MUFF HEADPHONES,152.13,29,20
85211,S/4 GROOVY CAT MAGNETS,151.92,142,17
22032,BOTANICAL LILY GREETING CARD,151.62,361,31
22042,CHRISTMAS CARD SINGING ANGEL,151.2,360,25
22538,MINI JIGSAW GO TO THE FAIR,151.07999999999998,386,26
22415,WHITE TISSUE REAM,151.05,19,13
35967,FOLK ART METAL STAR T-LIGHT HOLDER,150.54000000000002,381,29
17107D,FLOWER FAIRY 5 DRAWER LINERS,150.45,59,20
35915B,BLUE KNITTED HEN ,150.14999999999998,91,14
84629,WHITE 3 FRAME BIRDS AND TREE ,150.0,20,10
84963B,BLUE PAINTED KASHMIRI CHAIR,149.85000000000002,3,1
85168B,BLACK BAROQUE CARRIAGE CLOCK,149.67,17,7
21376,LARGE  TALL CAMPHOR WOOD TOADSTOOL ,149.65,29,13
23256,KIDS CUTLERY SPACEBOY ,149.4,36,8
23254,KIDS CUTLERY DOLLY GIRL ,149.4,36,8
23196,RETRO LEAVES MAGNETIC NOTEPAD,149.35,103,17
84711B,PINK OVAL SHAPE TRINKET BOX,149.25,15,8
47471,RAINBOW PEGS PHOTO CLIP STRING,148.88,262,24
84828,JUNGLE POPSICLES ICE LOLLY HOLDERS,148.75,119,15
21721,CANDY SHOP  STICKER SHEET,148.75,175,20
21028,NINJA RABBIT BLACK,148.29,116,21
84712B,PINK JEWELLED PHOTO FRAME,147.87,19,11
85146,JARDIN ETCHED GLASS SMALL BELL JAR,147.85000000000002,43,8
84683,CLASSICAL ROSE CANDLESTAND,147.35000000000002,187,7
21196,ROUND WHITE CONFETTI IN TUBE,146.84999999999997,89,9
46000R,POLYESTER FILLER PAD 45x30cm,146.45,101,37
21459,YELLOW EASTER EGG HUNT START POST,146.25,75,18
22202,MILK PAN PINK POLKADOT,146.25,39,17
84952A,CLEAR LOVE BIRD T-LIGHT HOLDER,146.21,38,6
35957,SMALLFOLKART BAUBLE CHRISTMAS DEC,146.04000000000002,558,7
90160B,RED BOUDICCA LARGE BRACELET,145.95000000000002,21,8
90119,METALIC LEAVES BAG CHARMS,145.76999999999998,59,15
72128,COLUMBIAN CANDLE ROUND,145.53,189,33
47343A,FUSCHIA FLOWER PURSE WITH BEADS,145.17,159,14
90198A,VINTAGE ROSE BEAD BRACELET RASPBERR,144.5,34,10
84688,BEACH HUT DESIGN BLACKBOARD,144.5,34,8
21457,2 PICTURE BOOK EGGS EASTER DUCKS,143.75,115,16
21332,MOROCCAN BEATEN METAL MIRROR,143.3,14,8
23292,SPACE BOY CHILDRENS CUP,143.3,130,5
79190A,RETRO PLASTIC 70'S TRAY,142.8,340,34
21001,ROSE DU SUD WASHBAG ,142.8,24,12
84508B,STRIPES DESIGN TEDDY,142.79999999999998,56,30
21132,SILVER STANDING GNOME   ,142.75,35,16
21369,MIRRORED WALL ART SPLODGES,142.5,98,13
20837,FRENCH FLORAL CUSHION COVER ,142.47,141,15
23694,PAISLEY PARK CARD,141.84,348,24
21117,BLOND DOLL DOORSTOP,141.75,109,14
21614,SET OF 12 ROSE BOTANICAL T-LIGHTS,141.60000000000002,48,7
21030,SPACE CADET RED,141.17,111,21
84247G,"DECOUPAGE,GREETING CARD,",141.12,336,23
22033,BOTANICAL ROSE GREETING CARD,141.12,336,21
20836,FRENCH PAISLEY CUSHION COVER,141.1,170,17
16054,POPART RECT PENCIL SHARPENER ASST,140.52,1166,33
22408,MONEY BOX CONFECTIONERY DESIGN,140.25,136,22
21555,CERAMIC STRAWBERRY TRINKET TRAY,140.25,55,12
21331,MOROCCAN BEATEN METAL DISH LARGE,140.25,11,7
23091,METAL HERB GERDEN CONTAINER,139.68,24,5
20659,ECONOMY LUGGAGE TAG,139.56,94,29
82011B,BATHROOM SCALES RUBBER DUCKS,139.35,41,19
84711A,SILVER OVAL SHAPE TRINKET BOX,139.29999999999998,14,7
21344,MOROCCAN BEATEN METAL DISH,139.29999999999998,14,5
75011,BLUE DAISY MOBILE,138.76,172,12
84192,ASSORTED COLOUR METAL CAT ,138.75,111,25
21851,LILAC DIAMANTE PEN IN GIFT BOX,138.72,26,15
84247E,PACK OF 12 CHRISTMAS FUN CARDS,138.65,47,13
90201A,PURPLE ENAMEL FLOWER RING,138.65,47,11
35653,VINTAGE BEAD NOTEBOOK,138.65,47,17
35922,EASTER BUNNY WREATH,138.6,28,10
23304,SET 4 PICNIC CUTLERY CHERRY ,138.45,71,9
16168M,FUNKY MONKEY GIFT BAG MEDIUM,138.18,329,20
17038,PORCELAIN BUDAH INCENSE HOLDER,138.1,1501,19
20618,QUEEN OF THE SKIES PASSPORT COVER ,137.88000000000002,68,28
23417,BATHROOM HOOK,137.76,140,21
20617,FIRST CLASS PASSPORT COVER ,137.74,66,26
22769,CHALKBOARD KITCHEN ORGANISER,137.7,6,3
21736,GOLD SCROLL GLASS T-LIGHT HOLDER,137.22000000000003,80,5
21637,ASSORTED SANSKRIT MINI NOTEBOOK,136.25,109,6
90185D,CRYSTAL DIAMANTE EXPANDABLE RING,136.0,32,8
85118,HEART T-LIGHT HOLDER,135.74,142,6
90201D,GREEN ENAMEL FLOWER RING,135.70000000000002,46,9
84429A,MEDIUM PINK BUDDHA HEAD ,135.70000000000002,46,14
84744,S/6 SEW ON CROCHET FLOWERS,135.0,108,18
20694,FLORAL PINK MONSTER,135.0,36,10
90143,SILVER BRACELET W PASTEL FLOWER,135.0,18,7
22869,NUMBER TILE COTTAGE GARDEN 1,134.54999999999998,69,19
21942,SKULLS DESIGN FLANNEL,134.54999999999998,161,23
20758,ABSTRACT CIRCLES POCKET BOOK,134.29999999999998,158,41
46000U,POLYESTER FILLER PAD 30CMx30CM,133.75,107,26
90082A,DIAMANTE BOW BROOCH GREEN COLOUR,133.35,21,10
84661A,WHITE SQUARE TABLE CLOCK,132.99,94,11
20757,RED DAISY POCKET BOOK ,132.53,155,30
62096A,PINK/YELLOW FLOWERS HANDBAG,132.5,106,8
21401,BLUE PUDDING SPOON,132.29999999999998,1010,58
84638,SMALL KITCHEN FLOWER POTS PLAQUE,132.05,19,12
23066,SMALL JEWELLERY STAND,132.0,16,6
23465,TUSCAN VILLA BIRD FEEDER,132.0,16,8
23081,GREEN METAL BOX TOP SECRET,132.0,16,4
79030G,"TUMBLER, NEW ENGLAND",131.94,138,11
90030B,RED KUKUI COCONUT SEED NECKLACE,131.8,112,15
90120C,GREEN MURANO TWIST BRACELET,131.75,31,7
79191B,RETRO PLASTIC POLKA TRAY,130.9,154,26
22395,PAPERWEIGHT VINTAGE PAISLEY,130.26,134,15
84508C,BLUE CIRCLES DESIGN TEDDY,130.04999999999998,51,20
85039C,S/4 BLACK MINI ROSE CANDLE IN BOWL,129.94,222,12
21319,GLASS CHALICE GREEN  SMALL ,129.51,147,12
22870,NUMBER TILE COTTAGE GARDEN 2,128.7,66,15
20826,SILVER APERITIF GLASS,128.4,276,8
21368,MIRRORED WALL ART LADIES,128.4,160,30
85095,THREE CANVAS LUGGAGE TAGS,128.26,66,10
84993A,75 GREEN PETIT FOUR CASES,128.1,305,33
90198B,VINTAGE ROSE BEAD BRACELET BLACK,127.5,30,11
84882,GREEN WIRE STANDING CANDLE HOLDER,127.5,34,15
22124,SET OF 2 TEA TOWELS PING MICROWAVE,127.42,78,23
21025,SPACE FROG,127.25,100,16
84631,FRUIT TREE AND BIRDS WALL PLAQUE,127.2,16,9
85130A,BEADED PEARL HEART WHITE LARGE,127.04999999999998,77,10
20903,VINTAGE KEEPSAKE BOX TRAVELOGUE,127.0,20,10
21738,COSY SLIPPER SHOES SMALL  RED ,126.85000000000001,43,18
72130,COLUMBIAN CANDLE ROUND,126.79,215,24
23303,SET 4 PICNIC CUTLERY FONDANT,126.75,65,6
23020,GLASS SONGBIRD STORAGE JAR,126.7,11,3
20654,FIRST CLASS LUGGAGE TAG ,126.69,105,23
85067,CREAM SWEETHEART WALL CABINET,126.64999999999999,7,5
20823,GOLD WINE GOBLET,126.4,160,7
90210D,PURPLE ACRYLIC FACETED BANGLE,125.0,104,5
23065,LARGE JEWELLERY STAND,125.0,10,4
90145,SILVER HOOP EARRINGS WITH FLOWER,124.95,21,11
22263,FELT EGG COSY LADYBIRD ,124.83,255,18
85202,HANGING WOOD AND FELT HEART,124.32,296,39
85129B,BEADED CRYSTAL HEART GREEN SMALL,124.11,101,16
85185B,PINK HORSE SOCK PUPPET KIT,123.9,42,14
72799C,PINK PILLAR CANDLE SILVER FLOCK,123.68,80,18
21377,SMALL CAMPHOR WOOD FIELD  MUSHROOM,123.20999999999998,93,19
23454,SET OF 3 MINI HANGING PORTRAITS,123.2,32,2
90058A,CRYSTAL STUD EARRINGS CLEAR DISPLAY,123.12,324,7
23457,LARGE PARLOUR FRAME,122.85,27,2
20616,CHERRY BLOSSOM PASSPORT COVER,122.78,134,25
85094,CANDY SPOT EGG WARMER RABBIT,122.75000000000001,501,30
85055,FRENCH ENAMEL UTENSIL HOLDER,122.75,37,10
84510C,SET OF 4 POLKADOT COASTERS,122.42,96,32
20735,BLACK MINI TAPE MEASURE ,121.3,158,30
84877D,BLUE ROUND COMPACT MIRROR,121.25,87,11
20845,ZINC HEART LATTICE 2 WALL PLANTER,120.64999999999999,19,11
85131B,BEADED CRYSTAL HEART GREEN ON STICK,120.38,142,13
84800S,SMALL WHITE/PINK ROSE ART FLOWER,120.07000000000001,107,9
22104,MIRROR MOSAIC CANDLE PLATE,120.07,151,12
20696,FLORAL SOFT CAR TOY,120.0,32,10
35972,DAISY FOLKART HEART DECORATION,120.0,96,16
23438,GIFT BAG LARGE SPOT ,120.0,96,6
44234,ASSORTED CIRCULAR MOBILE,119.99999999999999,640,19
21027,NINJA RABBIT PINK,119.95,99,17
23463,VINTAGE ZINC WATERING CAN,119.39999999999999,12,7
85087,CANDY SPOT CUSHION COVER,119.36000000000001,40,7
85135A,YELLOW DRAGONFLY HELICOPTER,119.25,15,6
84709B,PINK OVAL JEWELLED MIRROR,119.0,20,11
23359,SET OF 12 T-LIGHTS VINTAGE DOILEY,118.94999999999999,61,6
23280,FOLDING MIRROR HOT PINK ,118.91999999999999,156,5
84741C,CITRUS GARLAND FELT FLOWERS ,117.0,60,14
23244,STORAGE TIN VINTAGE LEAF,117.0,60,7
21698,MOCK LOBSTER FRIDGE MAGNET,116.62,266,22
72780,BLACK SILOUETTE CANDLE PLATE,116.44999999999999,137,20
51020A,SUMMER FUN DESIGN SHOWER CAP,116.32999999999998,325,18
47310M,"SMALL POP BOX,FUNKY MONKEY",116.25,93,13
90210C,RED   ACRYLIC FACETED BANGLE,115.9,94,5
23209,LUNCH BAG VINTAGE DOILEY ,115.5,70,4
21418,STARFISH SOAP DISH,115.25,59,12
21826,EIGHT PIECE DINOSAUR SET,115.0,92,18
23185,FRENCH STYLE STORAGE JAR JAM,114.85,317,30
10080,GROOVY CACTUS INFLATABLE,114.41,291,21
84673B,BLUE FLY SWAT,114.21000000000001,135,42
23535,WALL ART BICYCLE SAFTEY ,114.15,21,3
90191,SILVER LARIAT 40CM,113.9,22,7
90192,JADE DROP EARRINGS W FILIGREE,113.85000000000001,23,8
47518F,ICON PLACEMAT POP ART ELVIS,113.64,827,28
85131D,BEADED CRYSTAL HEART PINK ON STICK,113.09,115,12
84576,BLUE CAT BISCUIT BARREL PINK HEART,111.14999999999999,57,9
22882,NUMBER TILE VINTAGE FONT 3,110.28999999999999,83,20
23496,PANTRY KITCHEN THERMOMETER ,110.0,88,22
84925F,PSYCHEDELIC WALL THERMOMETER,109.92999999999999,79,14
84595E,LARGE TORTILLA DESIGN RED BOWL,109.79999999999998,64,9
21400,RED PUDDING SPOON,109.74,837,48
84865,NEW BAROQUE BLACK PHOTO ALBUM,109.65,24,11
84846A,SCENTED CANDLE IN DIGITALIS TIN,109.20000000000002,52,10
22878,NUMBER TILE COTTAGE GARDEN No,109.2,52,11
23578,SNACK TRAY RED GINGHAM,109.2,56,11
22877,NUMBER TILE COTTAGE GARDEN 9,109.2,56,13
35638B,PINK/BLUE STRING CURTAIN ,109.2,56,4
20655,QUEEN OF SKIES LUGGAGE TAG,109.11,89,34
23041,PAPER LANTERN 6 POINT SNOW STAR,107.9,26,6
17090A,LAVENDER INCENSE 40 CONES IN TIN,107.44999999999999,109,10
84228,HEN HOUSE W CHICK STANDING,107.39999999999999,270,16
21375,LARGE CAMPHOR WOOD FIELD MUSHROOM ,107.30000000000001,22,10
22872,NUMBER TILE COTTAGE GARDEN 4,107.25,55,13
23455,SMALL PARLOUR FRAME,106.98000000000002,42,2
21518,BANK ACCOUNT  GREETING  CARD ,106.97999999999999,265,17
22135,MINI LADLE LOVE HEART PINK,106.56,242,45
23477,WOODLAND LARGE BLUE FELT HEART,106.25,85,8
85215,ASSORTED CHEESE FRIDGE MAGNETS,105.95000000000002,163,8
22874,NUMBER TILE COTTAGE GARDEN 6,105.3,54,11
16052,TEATIME PUSH DOWN RUBBER,105.28999999999999,467,6
21904,HOUSE WRECKING METAL SIGN ,105.0,50,23
23574,PACKING CHARGE,105.0,14,14
22039,BOTANICAL LILY GIFT WRAP,105.0,250,7
84461,12 PINK HEN+CHICKS IN BASKET,104.55,41,14
23151,ZINC SWEETHEART SOAP DISH,104.41000000000001,59,19
20775,DAISY NOTEBOOK ,103.94999999999999,63,20
22868,NUMBER TILE COTTAGE GARDEN 0 ,103.35,53,10
21814,HEART T-LIGHT HOLDER ,102.95,71,12
22885,NUMBER TILE VINTAGE FONT 6 ,102.49,79,12
22881,NUMBER TILE VINTAGE FONT 2,102.49,79,13
21366,MIRRORED WALL ART PHOTO FRAMES,102.0,24,10
90196A,PURPLE GEMSTONE NECKLACE 45CM,102.0,8,5
90199C,5 STRAND GLASS NECKLACE CRYSTAL,101.6,16,7
22871,NUMBER TILE COTTAGE GARDEN 3 ,101.39999999999999,52,10
22876,NUMBER TILE COTTAGE GARDEN 8,101.39999999999999,52,11
47594A,CAROUSEL DESIGN WASHBAG,101.39999999999999,52,26
84457,SET/3 RABBITS FLOWER SKIPPPING ROPE,101.14999999999999,119,21
35819B,"ACRYLIC HANGING JEWEL,BLUE",101.08,266,22
84509E,SET OF 4 CAROUSEL PLACEMATS ,101.06,70,8
21157,RED RETROSPOT WASHBAG,100.80000000000001,48,14
16033,MINI HIGHLIGHTER PENS,100.79999999999998,840,4
20796,SMALL BLUE PROVENCAL CERAMIC BALL,100.64999999999999,61,8
22883,NUMBER TILE VINTAGE FONT 4,100.53999999999999,78,11
85129C,BEADED CRYSTAL HEART BLUE SMALL,99.88,77,12
22875,NUMBER TILE COTTAGE GARDEN 7,99.45,51,14
35818P,"ACRYLIC JEWEL ICICLE, PINK",99.18,261,17
23465,TUSCAN VILLA FEEDING STATION,99.0,12,7
23466,TUSCAN VILLA DOVECOTE,99.0,12,4
23191,BUNDLE OF 3 RETRO EXERCISE BOOKS,98.99999999999999,60,5
17091A,LAVENDER INCENSE IN TIN,98.91,171,25
90184C,BLACK CHUNKY BEAD BRACELET W STRAP,98.44999999999999,11,7
84723,CHERRY BLOSSOM CANVAS ART PICTURE,97.95,41,6
84247E,PACK/12 XMAS FUN CARD,97.35000000000001,33,10
84806A,PINK CANDYSTUFT ARTIFICIAL FLOWER,96.88999999999999,137,11
84801A,PINK HYDRANGEA ART FLOWER,96.60000000000001,46,5
22812,PACK 3 BOXES CHRISTMAS PANETTONE,95.67,39,12
79190D,RETRO PLASTIC DAISY TRAY,95.34,227,25
90195A,PURPLE GEMSTONE BRACELET,95.2,16,7
84666,SQUARE CHERRY BLOSSOM CABINET,94.80000000000001,24,4
22884,NUMBER TILE VINTAGE FONT 5,94.69,75,16
84898F,YELLOW FLOWERS FELT HANDBAG KIT,94.50000000000001,45,18
46776F,WOVEN ROSE GARDEN CUSHION COVER ,94.05000000000001,19,8
90125A,PINK BERTIE GLASS BEAD BAG CHARM,93.89999999999999,109,6
84569B,PACK 3 FIRE ENGINE/CAR PATCHES,93.75,75,11
23402,HOME SWEEET HOME 3 PEG HANGER ,93.75,25,4
90185A,AMBER DIAMANTE EXPANDABLE RING,93.5,22,5
22602,CHRISTMAS RETROSPOT HEART WOOD,93.5,110,10
90063A,WHITE VINT ART DECO CRYSTAL NECKLAC,93.5,11,7
85167B,BLACK GRAND BAROQUE PHOTO FRAME,93.0,48,7
22886,NUMBER TILE VINTAGE FONT 7,92.74,74,13
20731,POSY CANDY BAG,92.5,74,8
20795,LARGE BLUE PROVENCAL CERAMIC BALL,92.4,44,8
20773,BLUE PAISLEY NOTEBOOK,92.39999999999999,56,23
82615,PINK MARSHMALLOW SCARF KNITTING KIT,91.8,36,1
22873,NUMBER TILE COTTAGE GARDEN 5,91.64999999999999,47,13
23075,DOUBLE CERAMIC PARLOUR HOOK,91.30000000000001,22,5
90032,IVORY SHELL HEART NECKLACE,90.67,19,6
85230F,JASMINE VOTIVE CANDLE,90.33999999999999,338,12
47503H,ASS FLORAL PRINT SPIRIT LEVEL ,90.13,95,32
84748,FOLK FELT HANGING MULTICOL GARLAND,90.0,24,8
37343,POLKADOT MUG PINK ,89.69999999999999,62,8
85179C,PINK BITTY LIGHT CHAIN,89.65,69,7
35400,WOODEN BOX ADVENT CALENDAR ,89.5,10,5
90010E,AMBER GLASS/SILVER BRACELET,89.5,10,7
90185C,BLACK DIAMANTE EXPANDABLE RING,89.25,21,5
90148,LONG SILVER NECKLACE PASTEL FLOWER,89.25,7,5
21281,VINTAGE KITCHEN PRINT SEAFOOD,89.24999999999999,35,6
90019A,SILVER M.O.P ORBIT BRACELET,89.10000000000001,18,9
21678,PAISLEY PATTERN  STICKERS,88.39999999999999,104,16
84984A,GREEN PEONY CUSHION COVER,88.35000000000001,19,6
21370,MIRRORED WALL ART FOXY,88.2,15,8
90036D,"FLOWER GLASS GARLAND NECKL.36""BLACK",87.45,11,4
90180A,BLACK+WHITE NECKLACE W TASSEL,87.35,13,5
21038,SET/4 MODERN VINTAGE COTTON NAPKINS,86.75,77,23
20774,GREEN FERN NOTEBOOK,85.8,52,22
75172,PAINTED SEA SHELL METAL WINDCHIME,85.31,93,8
90120B,BLUE MURANO TWIST BRACELET,85.0,20,5
90200C,BLUE SWEETHEART BRACELET,85.0,20,6
22880,NUMBER TILE VINTAGE FONT 1,84.94,70,11
84527,FLAMES SUNGLASSES PINK LENSES,84.44999999999999,47,6
35933,PINK STOCKING CHRISTMAS DECORATION,84.36,222,16
90122C,TURQUOISE CRYSTAL+GLASS BRACELET,84.15,17,5
23456,MEDIUM PARLOUR FRAME ,84.1,22,2
16169K,WRAP FOLK ART,84.0,200,8
21420,OYSTER TRINKET BOX,83.87,47,13
35920,FOUR RABBIT EASTER DECORATIONS,83.75,67,11
21032,SPACE CADET WHITE,83.63,64,15
90123A,PINK HEART OF GLASS BRACELET,83.3,14,8
23442,12 HANGING EGGS HAND PAINTED,83.2,40,7
21003,ROSE DU SUD CUSHION COVER,82.55,13,6
21690,SILVER  CANDLEPOT JARDIN ,82.5,22,7
82613A,"METAL SIGN,CUPCAKE SINGLE HOOK",82.5,66,14
35638A,PINK AND BLACK STRING CURTAIN,82.1,38,5
16049,TEATIME GEL PENS ASST,82.08,504,5
84531B,BLUE KNITTED EGG COSY,81.50999999999999,149,25
21349,IVY HEART WREATH,81.0,12,7
35915C,PEACH KNITTED HEN ,80.85,49,8
90016A,SILVER/M.O.P PENDANT ORBIT NECKLACE,80.75,14,4
21095,SET/6 POSIES PAPER PLATES,80.75,95,9
90175A,WHITE GLASS CHUNKY CHARM BRACELET,80.55,9,8
90175C,BLUE GLASS CHUNKY CHARM BRACELET,80.55,9,6
23370,SET 36 COLOUR PENCILS DOILEY,80.0,64,3
84809A,WHITE CHRYSANTHEMUMS ART FLOWER,79.80000000000001,38,5
90162B,ANT SILVER LIME GREEN BOUDICCA RING,79.65,27,10
90014B,GOLD M PEARL  ORBIT NECKLACE,79.6,8,6
90014A,SILVER/MOP ORBIT NECKLACE,79.6,8,7
23464,VINTAGE ZINC WATERING CAN SMALL,79.2,16,6
20821,GOLDIE LOOKING MIRROR,79.2,16,5
84984B,RED PEONY CUSHION COVER ,79.05000000000001,17,5
21278,VINTAGE KITCHEN PRINT PUDDINGS,79.05,31,7
84507B,STRIPES DESIGN MONKEY DOLL,79.05,31,14
84685,BEACH HUT KEY CABINET,78.75,21,9
85131C,BEADED CRYSTAL HEART BLUE ON STICK,78.71,73,11
23497,CLASSIC CROME BICYCLE BELL ,77.4,60,2
90123C,GREEN HEART OF GLASS BRACELET,77.35,13,5
22887,NUMBER TILE VINTAGE FONT 8,77.14,66,11
90016B,GOLD/M.O.P PENDANT ORBIT NECKLACE,76.5,9,8
20657,TROPICAL LUGGAGE TAG,76.39,61,22
20941,FROG CANDLE,76.25,61,17
90170,DAISY HAIR BAND,75.89999999999999,46,6
21372,MIRRORED WALL ART TABLE LAMP,75.73,67,25
23467,VINTAGE ZINC PLANTER  ,75.67,23,5
79403,FROSTED WHITE BASE ,75.64999999999999,89,11
20798,CLEAR MILKSHAKE GLASS,75.60000000000001,36,5
23061,VINTAGE ENGRAVED HEART,75.0,60,4
84870C,GREEN GEISHA GIRL ,75.0,20,10
84870B,BLUE GEISHA GIRL ,75.0,20,10
85096,HILDA CANDY SPOT RABBIT,75.0,20,11
84847,FLORAL BATHROOM SET,75.0,20,11
22764,"RUSTIC WOODEN CABINET, GLASS DOORS",74.85,3,2
23044,PAPER LANTERN 9 POINT HOLLY STAR 23,74.7,18,5
23068,ALUMINIUM HEART,74.7,30,6
20997,ROSE DU SUD CUSHION COVER ,74.25,15,5
46776B,WOVEN BERRIES CUSHION COVER ,74.25,15,7
90081A,LILY BROOCH AMETHYST COLOUR,74.25,15,8
90030C,BROWN KUKUI COCONUT SEED NECKLACE,74.0,74,8
20699,MOUSEY LONG LEGS SOFT TOY,73.94999999999999,29,11
20894,HANGING BAUBLE T-LIGHT HOLDER LARGE,73.75,25,9
20898,VINTAGE NOTEBOOK TRAVELOGUE,73.75,25,4
20622,VIP PASSPORT COVER ,73.5,35,11
17084P,DRAGONS BLOOD INCENSE,73.29,349,13
22416,SET OF 36 SPACEBOY PAPER DOILIES,72.5,50,7
72801D,4 SKY BLUE DINNER CANDLES,72.5,58,12
46000P,POLYESTER FILLER PAD 65CMx65CM,72.25,17,5
90018A,SILVER M.O.P ORBIT DROP EARRINGS,72.25,17,9
90030A,SPOTTED WHITE NATURAL SEED NECKLACE,72.0,72,7
84927E,FLOWERS TILE HOOK,71.82000000000001,57,11
84531A,PINK KNITTED EGG COSY,71.75999999999999,140,25
90178A,AMBER CHUNKY GLASS+BEAD NECKLACE,71.69999999999999,6,6
90184A,AMBER CHUNKY BEAD BRACELET W STRAP,71.6,8,4
90098,NECKLACE+BRACELET PINK BUTTERFLY,71.39999999999999,28,9
22888,NUMBER TILE VINTAGE FONT 9 ,71.28999999999999,63,8
20933,YELLOW POT PLANT CANDLE,71.05,23,9
21100,CHARLIE AND LOLA CHARLOTTE BAG,70.95,43,8
47589,CONGRATULATIONS BUNTING,70.85000000000001,13,3
51020B,STRIPY DESIGN SHOWER CAP,70.57,197,15
90164A,PINK ROSEBUD PEARL BRACELET,70.35,19,6
84661C,PINK SQUARE TABLE CLOCK,70.10000000000001,62,5
16161G,WRAP BAD HAIR DAY,70.0,700,22
84881,BLUE WIRE SPIRAL CANDLE HOLDER,69.85,11,5
90124C,GREEN MURANO TWIST NECKLACE,69.64999999999999,7,4
81952V,ROUND PURPLE CLOCK WITH SUCKER,69.35,365,24
22879,NUMBER TILE VINTAGE FONT 0,69.34,62,8
90158,ST TROPEZ NECKLACE,69.30000000000001,14,6
46776A,WOVEN BUBBLE GUM CUSHION COVER,69.30000000000001,14,6
46776E,WOVEN CANDY CUSHION COVER ,69.3,14,5
23040,PAPER LANTERN 9 POINT SNOW STAR,69.0,12,4
84249A,"GREETING CARD,SQUARE, DOUGHNUTS",68.84,160,13
84231,EASTER BUNNY WITH BASKET ON BACK,68.25,105,18
85198,ASSORTED FARMYARD ANIMALS IN BUCKET,68.06,86,6
90151,SILVER/NATURAL SHELL NECKLACE,68.0,8,4
22184,CAKE STAND VICTORIAN FILIGREE LARGE,68.0,8,4
90063B,BLACK VINT ART DEC CRYSTAL NECKLACE,68.0,8,5
17014A,ORIGAMI VANILLA INCENSE CONES,67.83,154,7
90003D,CRYSTAL PAIR HEART HAIR SLIDES,67.5,18,7
85049B,LUSH GREENS RIBBONS,67.5,54,13
35921,EASTER BUNNY HANGING GARLAND,67.5,54,11
72811,SMALL ZINC/GLASS CANDLEHOLDER,67.25,49,6
90108,BLUE BLOSSOM HAIR CLIP,67.2,64,6
85197,SET OF 12 MINI BUNNIES IN A BUCKET,67.2,32,18
35819P,"ACRYLIC HANGING JEWEL,PINK",66.55,95,7
84686,BEACH HUT MIRROR,66.39,49,8
90164B,WHITE  ROSEBUD PEARL BRACELET,65.7,28,7
84906,PINK B'FLY C/COVER W BOBBLES,65.45,11,6
90000A,RASPBERRY ANT COPPER FLOWER NECKLAC,65.45,11,6
90125D,PURPLE BERTIE GLASS BEAD BAG CHARM,65.39999999999999,74,5
84247K,"FOLK ART GREETING CARD,pack/12",64.9,22,9
84247N,PACK/12 BLUE FOLKART CARDS,64.9,22,18
23235,BISCUIT TIN VINTAGE LEAF,64.56,24,3
90073,VINTAGE ENAMEL & CRYSTAL EARRINGS,64.35000000000001,13,4
22285,"DECORATION HEN ON NEST, HANGING",64.35,39,3
23253,16 PC CUTLERY SET PANTRY DESIGN,63.8,4,1
84875D,BLUE SQUARE COMPACT MIRROR,63.75,51,8
85026B,EAU DE NILE JEWELLED T-LIGHT HOLDER,63.75,75,9
21692,SILVER LATTICE VANILLA CANDLE POT,63.75,17,7
90146,FINE SILVER NECKLACE W PASTEL FLOWE,63.75,13,3
85188B,PINK METAL SWINGING BUNNY,63.74999999999999,75,8
90125C,TURQUOISE BERTIE GLASS BEAD CHARM,63.3,73,3
35815P,"ACRYLIC JEWEL SNOWFLAKE, PINK",63.28000000000001,162,5
22145,CHRISTMAS CRAFT HEART STOCKING ,63.0,30,1
84452,METAL RABBIT LADDER EASTER ,62.9,74,16
47591B,SCOTTIES CHILDRENS APRON,62.699999999999996,38,10
90010B,BLACK/WHITE GLASS/SILVER BRACELET,62.64999999999999,7,3
90010A,MIDNIGHT BLUE GLASS/SILVER BRACELET,62.64999999999999,7,5
35637C,PINK STRING CURTAIN WITH POLE,62.6,28,7
40046A,RED DAISY PAPER LAMPSHADE,62.5,50,6
22407,MONEY BOX FIRST ADE DESIGN,62.5,50,13
84760S,SMALL HANGING GLASS+ZINC LANTERN,62.349999999999994,43,8
17011F,ORIGAMI SANDLEWOOD INCENSE+FLOWER,62.150000000000006,80,6
21087,SET/6 POSIES PAPER CUPS,62.120000000000005,126,10
90129B,TURQUOISE GLASS TASSLE BAG CHARM ,61.95000000000001,21,6
20848,ZINC HEART LATTICE CHARGER SMALL,61.95,21,8
71496A,A4 WALL TIDY BLUE OFFICE,61.86000000000001,114,5
16151A,FLOWERS HANDBAG blue and orange,61.25,49,3
23541,"WALL ART ,PUDDINGS ",61.2,8,2
22949,SET OF 36 DOLLY GIRL PAPER DOILIES,60.9,42,12
21655,HANGING RIDGE GLASS T-LIGHT HOLDER,60.84,36,2
84859B,BLUE DISCO HANDBAG,60.68,30,10
84984D,ORIENTAL RED CUSHION COVER ,60.45,13,4
37479B,CUBIC MUG FLOCK BLUE ON BROWN,60.33,127,17
37467,PIG MUG IN TWO COLOUR DESIGNS,60.04,128,11
90173,PAIR BUTTERFLY HAIR CLIPS,60.0,16,3
82011A,"BATHROOM SCALES, TROPICAL BEACH",60.0,16,10
46126A,ELVIS WALLHANGING / CURTAIN,60.0,48,6
90013A,MIDNIGHT BLUE VINTAGE EARRINGS,60.0,16,3
22849,"BREAD BIN, DINER STYLE, MINT",59.8,4,1
22847,"BREAD BIN, DINER STYLE, IVORY",59.8,4,1
90124A,PINK MURANO TWIST NECKLACE,59.699999999999996,6,4
84910A,PINK PAISLEY CUSHION COVER ,59.5,10,6
84985A,SET OF 72 GREEN PAPER DOILIES,59.449999999999996,41,18
84905,PINK BUTTERFLY CUSHION COVER ,59.400000000000006,12,2
90206C,CRYSTAL DIAMANTE STAR BROOCH,59.400000000000006,12,7
23537,I LOVE LONDON WALL ART,59.400000000000006,12,2
46776D,WOVEN SUNSET CUSHION COVER ,59.400000000000006,12,3
21910,WAY OUT METAL SIGN ,59.39999999999999,36,8
23325,RUSTIC STRAWBERRY JAMPOT SMALL,59.39999999999999,36,3
90183A,AMBER DROP EARRINGS W LONG BEADS,59.00000000000001,20,5
79071B,ENGLISH ROSE METAL WASTE BIN,59.0,20,11
90166,PINK & WHITE ROSEBUD RING,58.900000000000006,14,8
21946,PARTY TIME DESIGN FLANNEL,58.9,72,11
79030D,"TUMBLER, BAROQUE",58.85999999999999,54,5
20760,GARDEN PATH POCKET BOOK,58.65,69,21
90210B,CLEAR ACRYLIC FACETED BANGLE,58.6,40,6
71495B,CD WALL TIDY RED FLOWERS,58.56,160,5
23306,SET OF 36 PANTRY PAPER DOILIES,58.019999999999996,39,14
71406C,BLACK ORANGE SQUEEZER,57.96,138,21
84597C,RETRO PINK BALL ASHTRAY ,57.5,46,13
84466,TOP SECRET PEN SET,57.5,46,10
85006,SET 4 NURSERY DES ROUND BOXES,57.25,55,9
90204,PAIR OF ENAMEL BUTTERFLY HAIRCLIP,56.95,17,8
79051A,SMOKEY GREY COLOUR GLASS,56.83999999999999,196,11
44236,PINK/PURPLE CIRCLE CURTAIN,56.52,52,6
47341B,BLUE TABLE RUN FLOWER,56.25,45,11
84874B,BLUE TRAVEL FIRST AID KIT,56.1,34,7
85008,SET OF 3 CONEY ISLAND OVAL BOXES,55.95,12,7
90214A,"LETTER ""A"" BLING KEY RING",55.71,63,14
84679,CLASSICAL ROSE TABLE LAMP,55.7,6,2
90036E,"FLOWER GLASS GARLD NECKL36""AMETHYST",55.650000000000006,7,5
21777,RECIPE BOX WITH METAL HEART,55.65,7,3
21002,ROSE DU SUD DRAWSTRING BAG,55.25,13,5
90185B,AMETHYST DIAMANTE EXPANDABLE RING,55.25,13,3
21722,SWEET PUDDING STICKER SHEET,55.24999999999999,65,15
84750B,BLACK SMALL GLASS CAKE STAND,54.99,61,12
20835,FRENCH LATTICE CUSHION COVER ,54.779999999999994,66,7
72132,COLUMBIAN CUBE CANDLE,54.599999999999994,28,12
46776C,WOVEN FROST CUSHION COVER,54.45,11,6
90081C,LILY BROOCH OLIVE COLOUR,54.45,11,6
20759,CHRYSANTHEMUM POCKET BOOK ,54.4,64,20
16046,TEATIME PEN CASE & PENS,54.4,64,13
37333,"RETRO ""TEA FOR ONE"" ",54.3,14,11
20869,GOLD FABRIC MIRROR,54.21000000000001,139,17
79323B,BLACK CHERRY LIGHTS,54.0,8,1
20793,BLUE TILED TRAY,54.0,8,4
23389,SPACEBOY MINI RUCKSACK,53.95,13,4
84927A,WAKE UP COCKEREL TILE HOOK,53.85,46,14
72801G,4 BURGUNDY WINE DINNER CANDLES,53.75,43,11
20851,ZINC HEART LATTICE TRAY OVAL ,53.550000000000004,9,7
82095,HEART BUTTONS JEWELLERY BOX,53.550000000000004,7,4
47586A,PINK FAIRY CAKE CUSHION COVER,53.55,21,8
20756,GREEN FERN POCKET BOOK,53.55,63,22
20857,BLUE ROSE PATCH PURSE PINK BUTTERFL,52.8,32,8
35968,FOLK ART METAL HEART T-LIGHT HOLDER,52.760000000000005,145,18
90176D,DIAMANTE NECKLACE PURPLE,52.5,7,4
37479P,CUBIC MUG FLOCK PINK ON BROWN,52.5,118,20
84805B,BLUE CLIMBING HYDRANGA ART FLOWER,52.5,38,3
84805A,CREAM CLIMBING HYDRANGA ART FLOWER,52.5,30,3
90039D,FIRE POLISHED GLASS BRACELET GREEN,52.5,14,2
84842,HELLO SAILOR BATHROOM SET,52.5,14,9
23196,RETO LEAVES MAGNETIC SHOPPING LIST,52.199999999999996,36,3
23035,DOORKNOB CERAMIC IVORY,52.199999999999996,36,1
35649,VINTAGE BEAD COSMETIC BAG ,51.82,16,6
85028S,FRENCH CHATEAU SMALL FRUITBOWL,51.599999999999994,24,8
84597B,RETRO BROWN BALL ASHTRAY ,51.25,41,5
90194,SILVER LARIAT BLACK STONE EARRINGS,51.0,12,6
90196B,BLACK GEMSTONE NECKLACE 45CM,51.0,4,4
90099,NECKLACE+BRACELET SET BLUE HIBISCUS,51.0,20,13
84872A,TEATIME FUNKY FLOWER BACKPACK FOR 2,50.849999999999994,3,3
90199A,5 STRAND GLASS NECKLACE BLACK,50.8,8,3
20910,VINTAGE PHOTO ALBUM PARIS DAYS,50.8,8,3
21460,GREEN EASTER EGG HUNT START POST,50.699999999999996,26,9
17007B,S/3 POT POURI CUSHIONS BLUE COLOURS,50.400000000000006,24,2
47348A,FUSCHIA VOILE POINTY SHOE DEC,50.31,97,15
44242B,PINK FEATHERS CURTAIN,50.28,52,3
35265,COLOURFUL FLOWER FRUIT BOWL,50.25,16,11
90129C,GREEN GLASS TASSLE BAG CHARM,50.150000000000006,17,6
90177D,DROP DIAMANTE EARRINGS PURPLE,50.150000000000006,17,6
72812,LARGE ZINC GLASS CANDLEHOLDER,49.980000000000004,18,4
21031,SPACE CADET BLACK,49.96,39,10
90086,CRYSTAL FROG PHONE CHARM,49.93,85,11
23197,VEGETABLE MAGNETIC  SHOPPING LIST,49.8,36,3
23015,CORDIAL JUG,49.5,6,2
23413,DECROTIVEVINTAGE COFFEE GRINDER BOX,49.5,10,4
72133,COLUMBIAN CANDLE RECTANGLE,48.75,39,13
84497,BUTTONS AND STRIPES NOTEBOOK ,48.75,13,7
21720,CAKE SHOP  STICKER SHEET,48.449999999999996,57,8
21943,CAKES AND RABBITS DESIGN FLANNEL ,48.449999999999996,57,10
84402B,PURPLE DRESS JEWELLERY STAND,48.19,61,3
90031,BILI NUT AND WOOD NECKLACE,48.0,48,5
21816,CHRISTMAS TREE T-LIGHT HOLDER,47.849999999999994,33,7
90036C,"FLOWER GLASS GARLAND NECKL.36""BLUE",47.7,6,2
90036A,FLOWER GARLAND NECKLACE RED,47.7,6,4
23539,"WALL ART , LOVES' SECRET ",47.6,8,2
90123B,TURQUOISE HEART OF GLASS BRACELET,47.6,8,4
90070,RUBY GLASS CLUSTER BRACELET,47.6,8,3
17084J,LOVE POTION MASALA INCENSE,47.25,225,8
21109,"LARGE CAKE TOWEL, CHOCOLATE SPOTS",47.25,7,4
84086B,YELLOW/BLUE RETRO RADIO,47.2,16,7
90129F,RED GLASS TASSLE BAG CHARM,47.2,16,5
84715,SET OF 6 ICE CREAM SKITTLES,47.2,16,3
84706F,RED PEONY TABLE CLOCK,47.2,16,10
72134,COLUMBIAN  CUBE CANDLE ,47.18,98,8
84857B,BLUE MONTE CARLO HANDBAG,46.8,24,1
84750A,PINK SMALL GLASS CAKE STAND,46.8,24,1
84549,CROCHET WHITE RABBIT KEYRING ,46.349999999999994,31,3
23107,WHITE WIRE PLANT POT HOLDER,46.24,16,2
84801B,WHITE HYDRANGEA ART FLOWER,46.2,22,3
85160B,BLACK BIRD GARDEN DESIGN MUG,46.11,105,15
23047,PAPER LANTERN 5 POINT STUDDED STAR,46.0,8,4
85031A,ROMANTIC IMAGES SCRAP BOOK SET,45.9,16,7
35916C,PINK FELT HANGING HEART W FLOWER,45.9,54,5
21089,SET/6 GREEN SPRING PAPER CUPS,45.730000000000004,231,24
84247L,FAWN AND MUSHROOM GREETING CARD,45.36,108,8
35833P,4 PINK FLOCK CHRISTMAS BALLS,45.0,36,11
90155,RESIN NECKLACE W PASTEL BEADS,45.0,6,4
90003C,MIDNIGHT BLUE PAIR HEART HAIR SLIDE,45.0,12,5
21413,PERIWINKLE T-LIGHT HOLDER,45.0,36,10
21847,GREEN  DIAMANTE PEN IN GIFT BOX,44.550000000000004,9,5
90161A,ANT COPPER RED BOUDICCA BRACELET,44.550000000000004,9,6
90142D,MOP PENDANT SHELL NECKLACE,44.55,9,3
90133,TEAL/FUSCHIA COL BEAD NECKLACE,44.55,9,3
90082D,DIAMANTE BOW BROOCH BLACK COLOUR,44.449999999999996,7,4
85185D,FROG SOCK PUPPET,44.25000000000001,15,8
20653,CHERRY BLOSSOM LUGGAGE TAG,43.67,33,6
47344B,BLUE FLOWER DES PURSE,43.66,44,6
79063C,"RETRO PILL BOX KEY CHAIN,THE KING",43.65,235,14
20697,LITTLE GREEN MONSTER SOFT TOY,43.349999999999994,17,9
46138B,BLUE CHENILLE SHAGGY CUSHION COVER ,43.15,43,12
90035A,"PEARL & SHELL 42""NECKL. GREEN",43.0,4,2
79144B,PAINTED LIGHTBULB STAR+ MOON,42.54,107,15
16156L,"WRAP, CAROUSEL",42.0,100,4
17084A,TRANQUILITY MASALA INCENSE,42.0,200,7
23231,WRAP  VINTAGE DOILEY ,42.0,100,2
22987,WRAP SUMMER ROSE DESIGN,42.0,100,4
90050,CRACKED GLAZE NECKLACE IVORY,41.7,6,2
90051,CRACKED GLAZE NECKLACE RED,41.7,6,3
23045,PAPER LANTERN 5 POINT STAR MOON 30,41.5,10,5
15030,FAN BLACK FRAME ,41.47,143,12
90162C,ANT SILVER FUSCHIA BOUDICCA RING,41.300000000000004,14,7
84921,CREAM AND PINK FLOWERS PONY ,41.25,11,5
90013C,GREEN VINTAGE EARRINGS ,41.25,11,4
90064B,BLACK VINTAGE  CRYSTAL EARRINGS,41.25,11,6
75013B,"STRING OF 8 BUTTERFLIES,PINK",41.24999999999999,25,6
23448,CREAM BUNNY EASTER EGG BASKET,41.24999999999999,25,3
20662,FIRST CLASS HOLIDAY PURSE ,40.97,11,5
84673A,PINK FLY SWAT,40.95,63,25
20698,LITTLE PINK MONSTER SOFT TOY,40.8,16,7
23148,MINITURE ANTIQUE ROSE HOOK IVORY,40.8,48,4
90174,BUTTERFLY HAIR BAND,40.8,16,4
90065A,WHITE VINTAGE CRYSTAL BRACELET,40.5,6,3
10120,DOGGY RUBBER,40.32,192,29
17012E,ORIGAMI OPIUM INCENSE/CANDLE SET ,40.05,35,3
85092,CANDY SPOT TEA COSY,40.05,27,2
90214C,"LETTER ""C"" BLING KEY RING",40.04,52,9
23462,ROCOCO WALL MIROR,39.9,2,1
90124B,BLUE MURANO TWIST NECKLACE,39.8,4,3
84725,FREESTYLE CANVAS ART PICTURE,39.65,41,18
90122A,PINK CRYSTAL+GLASS BRACELET,39.6,8,3
22972,CHILDRENS SPACEBOY MUG,39.599999999999994,24,2
84927D,LA PALMIERA TILE HOOK,39.39,44,11
84575A,PINK DOG CANNISTER,39.3,14,4
21307,SET/4 BUTTERFLY MIRROR MAGNETS,39.199999999999996,79,13
22950,SET OF 36 VINTAGE CHRISTMAS DOILIES,39.15,27,6
84534B,FAIRY CAKE NOTEBOOK A5 SIZE,39.1,46,5
35910A,MULTICOLOUR EASTER RABBIT ,39.0,20,4
47341A,FUSCHIA TABLE RUN FLOWER ,38.75,27,5
21393,BLUE POLKADOT PUDDING BOWL,38.67,29,7
90177C,DROP DIAMANTE EARRINGS CRYSTAL,38.35000000000001,13,3
16207A,PINK STRAWBERRY HANDBAG ,38.35000000000001,13,5
85089,CANDY SPOT BUNNY,38.35,13,5
85086A,CANDY SPOT HEART DECORATION,38.25,45,8
90101,WHITE FRANGIPANI NECKLACE,38.25,15,4
84925D,LA PALMIERA WALL THERMOMETER,38.25,15,10
84617,NEW BAROQUE BLACK BOXES,38.25,3,3
84907,PINK YELLOW PATCH CUSHION COVER,38.25,5,3
21392,RED POLKADOT PUDDING BOWL,38.13,32,6
23038,T-LIGHT HOLDER SILVER SAUCER,38.029999999999994,41,6
81952B,ROUND BLUE CLOCK WITH SUCKER,38.0,200,9
84033,FLAG OF ST GEORGE ,37.95,23,7
84809B,PINK CHRYSANTHEMUMS ART FLOWER,37.800000000000004,18,1
23043,PAPER LANTERN 9 POINT HOLLY STAR 40,37.5,6,3
90072,RUBY DROP CHANDELIER EARRINGS,37.5,10,3
20700,GREEN CAT FLORAL CUSHION COVER ,37.5,10,4
90002D,FLOWER BURST SILVER RING CRYSTAL,37.5,10,6
72709,IVORY SCULPTED RND CANDLE ,37.4,44,7
47420,ASSORTED COLOUR SUCTION CUP HOOK,37.24,196,13
22837,HOT WATER BOTTLE BABUSHKA LARGE,37.2,8,1
84751B,BLACK MEDIUM GLASS CAKE STAND,37.11,17,8
71510,SQUARE METAL CANDLEHOLDER BASE,36.519999999999996,52,8
17090D,VANILLA INCENSE 40 CONES IN TIN,36.25,29,12
90210A,GREY ACRYLIC FACETED BANGLE,35.9,26,3
85216,ASSORTED CAKES FRIDGE MAGNETS,35.75,55,8
90000D,COPPER/OLIVE GREEN FLOWER NECKLACE,35.7,6,4
35911B,PINK/FLOWER RABBIT EGG WARMER ,35.7,17,4
84798A,PINK FOXGLOVE ARTIIFCIAL FLOWER,35.699999999999996,14,3
90186B,CRYSTAL HOOP EARRING FLORAL LEAF,35.400000000000006,12,6
90202D,PINK ENAMEL FLOWER HAIR TIE,35.400000000000006,12,2
90012B,BLACK DROP CRYSTAL NECKLACE,35.400000000000006,12,2
20661,BLUE POLKADOT PURSE ,35.07,9,5
72369A,PINK CLEAR GLASS CANDLE PLATE,35.0,28,3
23196,LEAVES MAGNETIC  SHOPPING LIST,34.8,24,2
90049,IVORY GOLD METAL BAG CHARM,34.77,5,3
90214K,"LETTER ""K"" BLING KEY RING",34.75,47,12
79063D,"RETRO PILL BOX , REVOLUTIONARY",34.72,188,10
90157,RIVIERA NECKLACE,34.65,7,2
71495A,CD WALL TIDY BLUE OFFICE,34.56,96,2
84226,HEN HOUSE W FAMILY IN BARN & NEST,34.510000000000005,49,9
22407,MONEY BOX FIRST AID DESIGN,34.32,43,10
20827,GOLD APERITIF GLASS,34.32,88,2
84251G,"GREETING CARD, OVERCROWDED POOL.",34.2,180,15
84922,PINK BUTTERFLY WASHBAG,34.0,8,5
90024B,NEW BAROQUE B'FLY NECKLACE RED,34.0,4,2
90018B,GOLD M.O.P ORBIT DROP EARRINGS,34.0,8,5
90023,FILIGREE DIAMANTE EARRINGS,34.0,8,4
84873A,FUNKY FLOWER PICNIC BAG FOR 4,33.9,2,2
20980,36 PENCILS TUBE POSY,33.75,27,11
90087,CRYSTAL SEA HORSE PHONE CHARM,33.66,90,8
81950B,FLOWER BLUE CLOCK WITH SUCKER,33.64,116,8
72783,BLACK SIL'T SQU CANDLE PLATE ,33.6,16,2
23390,DOLLY GIRL MINI RUCKSACK,33.2,8,2
37423,WHITE WITH BLACK CATS PLATE,33.18,78,3
62094B,TURQ ICE CREAM BUM BAG ,33.15,13,3
90094,NECKLACE+BRACELET SET FRUIT SALAD ,33.15,13,12
84906,PINK BUTTERFLY CUSHION COVER,33.15,17,4
17109D,FLOWER FAIRY INCENSE BOUQUET,32.349999999999994,61,5
84824,DANISH ROSE UMBRELLA STAND,31.9,2,2
90036B,"FLOWER GLASS GARLAND NECKL.36""GREEN",31.8,4,2
90036F,"FLOWER GLASS GARLD NECKL36""TURQUOIS",31.8,4,1
23366,SET 12 COLOUR PENCILS DOILEY,31.200000000000003,48,3
37444A,YELLOW BREAKFAST CUP AND SAUCER,31.130000000000003,47,14
79406,FROSTED WHITE BASE ,30.8,140,6
44228,CANNABIS LEAF BEAD CURTAIN,30.599999999999998,36,2
22937,BAKING MOULD CHOCOLATE CUP CAKES,30.599999999999998,12,2
85018D,YULETIDE IMAGES S/6 PAPER BOXES,30.599999999999998,12,7
22937,BAKING MOULD CUPCAKE CHOCOLATE,30.599999999999998,12,1
37444C,PINK BREAKFAST CUP AND SAUCER ,30.45,19,7
90003E,GREEN PAIR HEART HAIR SLIDES,30.0,8,2
90022,EDWARDIAN DROP EARRINGS JET BLACK,30.0,8,4
22953,BIRTHDAY BANNER TAPE,30.0,24,1
90163A,PINK ROSEBUD & PEARL NECKLACE,30.0,4,2
23437,GIFT BAG LARGE 50'S CHRISTMAS,30.0,24,2
35610B,BLACK CHRISTMAS FLOCK DROPLET ,30.0,24,1
23252,ENAMEL JUG PANTRY,30.0,8,2
21486,PINK HEART DOTS HOT WATER BOTTLE,30.0,8,4
20878,SET/9 CHRISTMAS T-LIGHTS SCENTED ,30.0,24,7
23250,ENAMEL BOWL PANTRY,30.0,24,2
35610C,WHITE CHRISTMAS FLOCK DROPLET ,30.0,24,1
23396,BUTTERFLY CUSHION COVER,30.0,8,2
21310,CAPIZ CHANDELIER,29.95,1,1
21667,GLASS CAKE COVER AND PLATE,29.9,2,1
90014C,SILVER/BLACK ORBIT NECKLACE,29.849999999999998,3,2
90180B,PURPLE AMETHYST NECKLACE W TASSEL,29.849999999999998,3,3
90136,PALE PINK/AMETHYST STONE NECKLACE,29.849999999999998,3,2
84251B,"GREETING CARD, STICKY GORDON",29.830000000000002,157,14
90211A,DIAMOND LAS VEGAS NECKLACE 45CM,29.75,5,3
22597,CHRISTMAS MUSICAL ZINC HEART ,29.75,35,5
21757,LIGHTHOUSE PRINTED METAL SIGN,29.700000000000003,6,3
90141B,IVORY PENDANT TRIPLE SHELL NECKLACE,29.700000000000003,6,2
23530,"WALL ART,ONLY ONE PERSON ",29.700000000000003,6,1
90206A,GOLD DIAMANTE STAR BROOCH,29.700000000000003,6,3
90135,ORANGE/WHT/FUSCHIA STONES NECKLACE,29.700000000000003,6,1
21040,MODERN VINTAGE COTTON SHOPPING BAG,29.7,22,8
35816P,"ACRYLIC JEWEL ANGEL,PINK",29.64,78,2
17136A,BLUE STONES ON WIRE FOR CANDLE,29.59,352,17
90162D,ANT SILVER PURPLE BOUDICCA RING,29.500000000000004,10,5
90067A,PINK VINTAGE VICTORIAN EARRINGS,29.500000000000004,10,3
84465,15 PINK FLUFFY CHICKS IN BOX,29.5,10,7
82605,OLD DOC RUSSEL METAL SIGN,29.400000000000002,14,3
20670,VIP HOLIDAY PURSE,29.28,8,6
85030,FRENCH CHATEAU OVAL PLATTER,29.25,15,6
90214L,"LETTER ""L"" BLING KEY RING",29.189999999999998,51,5
35913B,WHITE/PINK CHICK EASTER DECORATION,28.9,34,9
17165D,ASS COL LARGE SAND FROG P'WEIGHT,28.35,27,7
23380,PACK OF 12 DOILEY TISSUES,28.08,72,2
16254,TRANSPARENT ACRYLIC TAPE DISPENSER,27.91,31,9
84613A,PINK NEW BAROQUE FLOCK CANDLESTICK,27.900000000000002,6,3
90131,PINK/AMETHYST/GOLD NECKLACE,27.8,4,1
90214E,"LETTER ""E"" BLING KEY RING",27.25,41,8
90116,FRUIT SALAD BAG CHARM,27.04,16,3
23702,High Resolution Image,27.0,4,3
79323P,PINK CHERRY LIGHTS,27.0,4,1
44235,ASSORTED COLOURED CIRCLE MOBILE ,26.88,64,7
84199,GLOW IN DARK DOLPHINS,26.88,128,28
90175D,TIGRIS EYE CHUNKY CHARM BRACELET,26.849999999999998,3,2
35598A,DUSTY PINK CHRISTMAS TREE 60CM,26.550000000000004,9,2
84675,FROG KING WATERING CAN,26.55,9,2
90130B,TURQ STONE/CRYSTAL EARRINGS,26.55,9,3
90205A,LARGE MINT DIAMANTE HAIRSLIDE,26.4,16,6
84539,KNITTED RABBIT DOLL ,26.4,16,1
72140E,BEST DAD CANDLE LETTERS,26.349999999999998,31,8
90064A,WHITE VINTAGE CRYSTAL EARRINGS,26.25,7,3
90144,SILVER DROP EARRINGS WITH FLOWER,26.25,7,3
85017C,ENVELOPE 50 CURIOUS IMAGES,26.17,49,10
21011,GLITTER SNOW PEAR TREE DECORATION,26.099999999999998,18,2
84510E,SET OF 4 GREEN CAROUSEL COASTERS,26.05,25,9
90214S,"LETTER ""S"" BLING KEY RING",26.0,40,6
90214D,"LETTER ""D"" BLING KEY RING",25.71,39,7
84706D,CHERRY BLOSSOM TABLE CLOCK ,25.7,6,3
84968B,SET OF 16 VINTAGE IVORY CUTLERY,25.5,2,2
84840,SWEETHEART CARRY-ALL BASKET,25.5,3,3
90018C,SILVER BLACK ORBIT DROP EARRINGS,25.5,6,3
90026C,GLASS BEAD HOOP NECKLACE GREEN,25.5,3,2
90026D,GLASS BEAD HOOP NECKLACE AMETHYST,25.5,3,3
90029,NEW BAROQUE SMALL NECKLACE BLACK,25.5,3,2
90208,PAIR OF PINK FLOWER CLUSTER SLIDE,25.499999999999996,10,4
84803B,WHITE ALLIUM  ARTIFICIAL FLOWER,25.35,15,3
35910B,PINK FLOWERS RABBIT EASTER,25.349999999999998,13,3
23104,IVORY PANTRY HANGING LAMP ,25.0,2,1
23214,BELL HEART ANTIQUE GOLD,24.96,12,1
23240,SET OF 4 KNICK KNACK TINS  DOILEY ,24.900000000000002,6,1
90125B,AQUA BERTIE GLASS BEAD BAG CHARM,24.9,19,3
90043,COPPER AND BRASS BAG CHARM,24.810000000000002,4,2
90079,VINTAGE ENAMEL & CRYSTAL NECKLACE,24.75,5,2
84854,GIRLY PINK TOOL SET,24.75,5,1
20820,SILVER LOOKING MIRROR,24.75,5,2
84548,CROCHET BEAR RED/BLUE  KEYRING,24.75,15,3
20778,GARDEN PATH NOTEBOOK ,24.75,15,8
37468,HARDMAN MUG 3 ASSORTED,24.57,63,12
90040C,MURANO STYLE GLASS BRACELET GOLD,24.5,7,3
79144C,PAINTED LIGHTBULB RAINBOW DESIGN,24.06,63,6
84993B,75 BLACK PETIT FOUR CASES,23.94,57,17
22125,UNION JACK HOT WATER BOTTLE ,23.8,4,1
90211B,JET BLACK LAS VEGAS NECKLACE 45CM,23.8,4,2
21357,TOAST ITS - DINOSAUR,23.75,19,10
35909B,PINK FLOWERS RABBIT EASTER,23.6,8,2
21336,GOLD WASHBAG,23.6,8,3
90129D,AMBER GLASS TASSLE BAG CHARM,23.6,8,2
35909A,RABBIT EASTER DECORATION,23.6,8,3
90012A,MIDNIGHT BLUE DROP CRYSTAL NECKLACE,23.6,8,2
90014A,SILVER M.O.P. ORBIT NECKLACE,23.6,8,3
47369A,PINK GREEN EMBROIDERY COSMETIC BAG,23.6,8,6
84522,PINK PARTY SUNGLASSES,23.4,12,6
22246,"GARLAND, MAGIC GARDEN 1.8M",23.4,12,1
23244,CANNISTER VINTAGE LEAF DESIGN,23.4,12,2
23106,ZINC PLANT POT HOLDER,23.12,8,1
85195,HANGING HEART BASKET,23.1,11,3
85206B,PINK FELT EASTER EGG BASKET,23.099999999999998,14,4
23145,ZINC T-LIGHT HOLDER STARS LARGE,22.799999999999997,24,2
90038C,GLASS AND BEADS BRACELET IVORY,22.5,6,1
20701,PINK CAT FLORAL CUSHION COVER ,22.5,6,3
90038B,GLASS AND PAINTED BEADS BRACELET OL,22.5,6,1
90038A,GLASS AND PAINTED BEADS BRACELET TO,22.5,6,1
90039A,FIRE POLISHED GLASS BRACELET RED,22.5,6,1
90039B,FIRE POLISHED GLASS BRACELET MONTAN,22.5,6,1
90212C,PURPLE LAS VEGAS BRACELET ROUND,22.5,6,2
90176E,DIAMANTE NECKLACE GREEN,22.5,3,2
90003B,ROSE COLOUR PAIR HEART HAIR SLIDES,22.5,6,3
90214M,"LETTER ""M"" BLING KEY RING",22.23,27,5
84306,S/3 PINK SQUARE PLANTERS ROSES,21.9,2,2
90035C,"PEARL & SHELL 42""NECKL. IVORY",21.5,2,1
84387A,BIRD ON BRANCH CANVAS SCREEN,21.45,11,1
20695,FLORAL BLUE MONSTER,21.25,5,4
90001D,ANTIQUE OLIVE GREEN FLOWER EARRINGS,21.25,5,3
79191D,RETRO PLASTIC DAISY TRAY,21.249999999999996,25,7
90040A,MURANO STYLE GLASS BRACELET RED,21.0,6,2
23692,WRAP A PRETTY THANK YOU,21.0,50,2
23691,KEEP CALM BIRTHDAY WRAP,21.0,50,2
16169P,WRAP GREEN RUSSIAN FOLKART ,21.0,50,2
17001,HEAVENS SCENT FRAGRANCE OILS ASSTD,20.88,72,1
90195B,BLACK GEMSTONE BRACELET,20.849999999999998,3,3
23388,WOODLAND MINI RUCKSACK ,20.75,5,2
90129A,PINK GLASS TASSLE BAG CHARM ,20.650000000000002,7,3
90177B,DROP DIAMANTE EARRINGS BLACK DIAMON,20.650000000000002,7,2
90011B,BLACK CRYSTAL DROP EARRINGS,20.650000000000002,7,2
90202B,WHITE ENAMEL FLOWER HAIR TIE,20.650000000000002,7,2
90202C,GREEN ENAMEL FLOWER HAIR TIE,20.650000000000002,7,2
90103,PURPLE FRANGIPANI NECKLACE,20.4,8,2
90085,CRYSTAL STILETTO PHONE CHARM,20.4,24,2
90096,NECKLACE+BRACELET SET BLUE BLOSSOM,20.4,8,3
90093,CLEAR CRYSTAL STAR PHONE CHARM,20.39,47,6
20818,GOLD TEDDY BEAR,20.0,12,2
21681,GIANT MEDINA STAMPED METAL BOWL ,19.9,2,2
22776,"CAKESTAND, 3 TIER, LOVEHEART",19.9,2,1
90138,WHITE/PINK MINI CRYSTALS NECKLACE,19.8,4,1
90019C,SILVER BLACK ORBIT BRACELET,19.8,4,3
90141A,GREEN PENDANT TRIPLE SHELL NECKLACE,19.8,4,2
90141C,TURQ PENDANT TRIPLE SHELL NECKLACE,19.8,4,2
23031,DOORKNOB CRACKED GLAZE PINK,19.799999999999997,12,2
22351,DOTCOMGIFTSHOP TEA TOWEL,19.799999999999997,12,1
23249,ENAMEL DINNER PLATE PANTRY,19.799999999999997,12,1
23029,DOORKNOB CRACKED GLAZE GREEN,19.799999999999997,12,2
85024C,PINK SMALL JEWELLED PHOTOFRAME,19.799999999999997,12,9
37487B,YELLOW/ORANGE FLOWER DESIGN PLATE,19.72,68,2
85028L,FRENCH CHATEAU LARGE FRUIT BOWL ,19.5,10,4
79062D,"RETRO TIN ASHTRAY,REVOLUTIONARY",19.4,52,4
20901,VINTAGE KEEPSAKE BOX PINK FLOWER,19.049999999999997,3,2
85047,WHITE BEADED GARLAND STRING 20LIGHT,19.049999999999997,3,2
72051S,BAG OF SILVER STONES,18.9,45,5
90214I,"LETTER ""I"" BLING KEY RING",18.77,25,3
21416,CLAM SHELL LARGE,18.75,5,4
23056,CRYSTAL CHANDELIER T-LIGHT HOLDER,18.75,3,1
21538,DAIRY MAID  PUDDING BOWL,18.75,5,2
21018,BIRD BOX CHRISTMAS TREE DECORATION,18.7,22,4
90214Y,"LETTER ""Y"" BLING KEY RING",18.65,61,3
90214G,"LETTER ""G"" BLING KEY RING",18.5,34,7
35607B,BLACK FEATHER CHRISTMAS DECORATION,18.240000000000002,96,7
72821,CUPID SCENTED CANDLE IN GLASS,18.15,11,4
23079, TOADSTOOL BEDSIDE LIGHT ,17.9,2,1
90074,BLACK DIAMOND CLUSTER NECKLACE,17.9,2,1
90123D,WHITE HEART OF GLASS BRACELET,17.85,3,2
90152A,SILVER/NAT SHELL NECKLACE W PENDANT,17.85,3,3
90060D,FIRE POLISHED GLASS NECKL BRONZE,17.85,3,3
90179A,AMBER FINE BEAD NECKLACE W TASSEL,17.85,3,2
90000B,MIDNIGHT BLUE COPPER FLOWER NECKLAC,17.85,3,2
21661,VINTAGE GLASS TEA CADDY,17.85,3,3
84798B,PURPLE FOXGLOVE ARTIIFCIAL FLOWER,17.849999999999998,7,2
90129E,PURPLE GLASS TASSLE BAG CHARM,17.700000000000003,6,1
90190B,GOLD/AMBER DROP EARRINGS W LEAF,17.700000000000003,6,1
90177E,DROP DIAMANTE EARRINGS GREEN,17.700000000000003,6,1
90177A,CLASSIC DIAMANTE EARRINGS JET,17.700000000000003,6,1
90162A,ANT SILVER TURQUOISE BOUDICCA RING,17.700000000000003,6,1
90182C,BLACK 3 BEAD DROP EARRINGS,17.700000000000003,6,1
90168,2 DAISIES HAIR COMB,17.700000000000003,6,1
20664,TROPICAL HOLIDAY PURSE ,17.700000000000003,6,3
90202A,PURPLE ENAMEL FLOWER HAIR TIE,17.700000000000003,6,1
20935,ROUND CACTUS CANDLE,17.700000000000003,6,4
90190A,SILVER/CRYSTAL DROP EARRINGS W LEAF,17.700000000000003,6,1
79331,PINK FLOCK GLASS CANDLEHOLDER,17.5,26,3
35597D,PINK/WHITE CHRISTMAS TREE 30CM,17.48,46,2
23236,STORAGE TIN VINTAGE DOILEY ,17.34,6,1
22963,JAM JAR WITH BLUE LID,17.28,24,1
90214J,"LETTER ""J"" BLING KEY RING",17.23,23,5
37489D,PINK/GREEN FLOWER DESIGN BIG MUG,17.16,40,16
35645,VINTAGE BEAD PINK JEWEL BOX,17.0,4,3
35916A,YELLOW FELT HANGING HEART W FLOWER,17.0,20,3
90028,NEW BAROQUE LARGE NECKLACE BLK/WHIT,17.0,2,1
90026B,GLASS BEAD HOOP NECKLACE MONTANA,17.0,2,2
90026A,GLASS BEAD HOOP NECKLACE BLACK,17.0,2,1
47574B,ENGLISH ROSE SCENTED HANGING HEART,17.0,4,2
22777,GLASS BELL JAR LARGE,17.0,2,1
90024C,NEW BAROQUE B'FLY NECKLACE GREEN,17.0,2,1
90024F,NEW BAROQUE B'FLY NECKLACE CRYSTAL,17.0,2,1
90001B,ANTIQUE MID BLUE FLOWER EARRINGS,17.0,4,2
23342,MINT DINER CLOCK,17.0,2,1
37489B,BLUE/YELLOW FLOWER DESIGN BIG MUG,16.77,31,12
90059E,DIAMANTE HAIR GRIP PACK/2 RUBY,16.499999999999996,10,3
35647,VINTAGE BEAD PINK SHADE ,16.25,13,2
23502,PLAYING CARDS VINTAGE DOILEY ,16.25,13,2
16248B,BLUE HOLE PUNCH,16.25,13,7
84795C,OCEAN STRIPE HAMMOCK ,15.9,2,1
85136B,BLUE SHARK HELICOPTER,15.9,2,2
84562A,PINK/WHITE RIBBED MELAMINE JUG,15.9,2,2
22778,GLASS BELL JAR SMALL,15.8,4,1
78034B,BLUE NETTING STORAGE HANGER,15.6,8,6
20816,GOLD FLOWER CUSHION COVER ,15.6,8,2
21461,BLUE EASTER EGG HUNT START POST,15.6,8,4
44092C,PURPLE/COPPER HANGING LAMPSHADE,15.299999999999999,18,6
22932,BAKING MOULD TOFFEE CUP  CHOCOLATE,15.299999999999999,6,1
90118,PINK DAISY BAG CHARM,15.299999999999999,6,1
17107D,FLOWER FAIRY 5 SUMMER DRAW LINERS,15.299999999999999,6,1
90037B,TINY CRYSTAL BRACELET GREEN,15.299999999999999,6,1
90076,MONTANA DIAMOND CLUSTER EARRINGS,15.299999999999999,6,1
90169,DAISY HAIR COMB,15.299999999999999,6,1
35817P,"ACRYLIC JEWEL SNOWFLAKE,PINK",15.299999999999999,6,1
72024U,LILAC VOTIVE CANDLE,15.120000000000001,72,3
90214H,"LETTER ""H"" BLING KEY RING",15.02,22,6
84877A,PINK ROUND COMPACT MIRROR,15.0,12,1
84415A,PINK FLOCK SUEDE CUSHION COVER ,15.0,12,2
23251,ENAMEL MUG PANTRY,15.0,12,1
90069,RUBY GLASS CLUSTER NECKLACE,15.0,2,1
84462,3 PINK HEN+CHICKS IN BASKET,15.0,12,6
90176B,DIAMANTE NECKLACE BLACK ,15.0,2,1
23449,SET OF 6 EASTER RAINBOW CHICKS,15.0,12,1
90176A,CLASSIC DIAMANTE NECKLACE JET,15.0,2,1
90189A,SILVER 2 STRAND NECKLACE-LEAF CHARM,15.0,2,2
17191A,ROSE FLOWER CANDLE+INCENSE 16X16CM,15.0,4,2
90176C,DIAMANTE NECKLACE,15.0,2,1
90163B,WHITE ROSEBUD & PEARL NECKLACE,15.0,2,1
23212,PAINTED HEART WREATH WITH BELL,15.0,12,1
90078,PINK/WHITE GLASS DEMI CHOKER,15.0,2,1
84705C,PINK FLOCK PHOTO FRAME ,15.0,12,1
23282,FOLDING MIRROR IVORY ,14.939999999999998,18,2
23281,FOLDING MIRROR RED  ,14.939999999999998,18,2
90159,COTE D'AZURE NECKLACE,14.850000000000001,3,2
90046,WHITE WITH METAL BAG CHARM,14.850000000000001,3,1
90048,GREEN WITH METAL BAG CHARM,14.850000000000001,3,1
90156,RESIN BRACELET W PASTEL BEADS,14.850000000000001,3,2
90141E,ORANGE PENDANT TRIPLE SHELL NECKLAC,14.850000000000001,3,1
85031C,CURIOUS IMAGES SCRAP BOOK SET,14.850000000000001,3,1
90141D,ROSE PENDANT TRIPLE SHELL NECKLACE,14.850000000000001,3,1
84989A,75 GREEN FAIRY CAKE CASES,14.850000000000001,27,17
90197B,BLACK GLASS BRACELET W HEART CHARMS,14.850000000000001,3,1
90059B,DIAMANTE HAIR GRIP PACK/2 BLACK DIA,14.85,9,3
90059F,DIAMANTE HAIR GRIP PACK/2 LT ROSE,14.85,9,3
84593,CROCHET ROSE DES CLOTHES HANGER,14.750000000000002,5,1
90190C,SILVER/AMETHYST DROP EARRINGS LEAF,14.75,5,4
16202B,PASTEL BLUE PHOTO ALBUM ,14.5,29,2
85084,HOLLY TOP CHRISTMAS STOCKING,14.45,17,6
37489A,YELLOW/PINK FLOWER DESIGN BIG MUG,14.43,33,14
47593A,CAROUSEL PONIES BABY BIB,14.37,33,12
62043B,BLUE CHECK BAG W HANDLE 34X20CM,14.11,17,5
90040B,MURANO STYLE GLASS BRACELET BLACK,14.0,4,2
23540,"WALL ART , THE MAGIC FOREST ",13.9,2,1
90083,CRYSTAL CZECH CROSS PHONE CHARM,13.69,19,4
79336,LIGHT PINK FLOCK GLASS CANDLEHOLDER,13.680000000000003,36,3
37489C,GREEN/BLUE FLOWER DESIGN BIG MUG,13.65,23,8
84745A,PINK HANGING GINGHAM EASTER HEN,13.44,32,5
84745B,BLUE HANGING GINGHAM EASTER HEN,13.44,32,5
90187B,GREEN DROP EARRINGS W BEAD CLUSTER,13.4,4,1
23271,CHRISTMAS TABLE CANDLE SILVER SPIKE,13.28,16,1
22952,72 CAKE CASES VINTAGE CHRISTMAS,13.200000000000001,24,1
90059C,DIAMANTE HAIR GRIP PACK/2 MONTANA,13.2,8,3
37491C,GREEN/BLUE CERAMIC CANDLE HOLDER,13.2,8,1
84388,WISE MAN STAR SHAPE EGG PAN,13.14,24,6
20892,SET/3 TALL GLASS CANDLE HOLDER PINK,12.75,1,1
18097A,PINK TALL PORCELAIN T-LIGHT HOLDER ,12.75,5,4
90199D,5 STRAND GLASS NECKLACE AMBER,12.7,2,2
90199B,5 STRAND GLASS NECKLACE AMETHYST,12.7,2,1
84415B,BLUE FLOCK CUSHION COVER ,12.5,6,2
20671,BLUE TEATIME PRINT BOWL ,12.5,10,2
23071,MARIE ANTOIENETT TRINKET BOX GOLD,12.5,1,1
79329,PINK FLOCK GLASS CANDLEHOLDER,12.18,12,2
90178B,PURPLE CHUNKY GLASS+BEAD NECKLACE,11.95,1,1
90021,LASER CUT MULTI STRAND NECKLACE,11.95,1,1
84614A,PINK BAROQUE FLOCK CANDLE HOLDER,11.9,2,1
84620,BLUE GINGHAM ROSE CUSHION COVER,11.9,2,1
44092B,BLUE WHITE PLASTIC RINGS LAMPSHADE,11.899999999999999,14,5
21488,RED WHITE SCARF  HOT WATER BOTTLE,11.850000000000001,3,2
90027D,GLASS BEAD HOOP EARRINGS AMETHYST,11.8,4,1
20666,ECONOMY HOLIDAY PURSE,11.8,4,4
37444B,BLUE BREAKFAST CUP AND SAUCER ,11.8,4,3
90186A,AMETHYST HOOP EARRING FLORAL LEAF,11.8,4,3
90027A,GLASS BEAD HOOP EARRINGS BLACK,11.8,4,1
35818B,"ACRYLIC JEWEL ICICLE, BLUE",11.780000000000001,31,3
16043,POP ART PUSH DOWN RUBBER ,11.759999999999998,98,2
20663,QUEEN OF THE SKIES HOLIDAY PURSE ,11.690000000000001,3,3
47369B,BLUE GREEN EMBROIDERY COSMETIC BAG,11.690000000000001,3,3
71050,SMALL SINGLE FLAME CANDLE HOLDER,11.549999999999999,33,6
72798C,SET/4 GARDEN ROSE DINNER CANDLE,11.549999999999999,7,3
17164B,ASS COL SMALL SAND GECKO P'WEIGHT,11.34,27,9
16207B,PINK HEART RED HANDBAG,11.31,4,3
21836,GINGHAM OVEN GLOVE RED HEART ,11.25,3,2
23299,"FOOD COVER WITH BEADS , SET 2 SIZES",11.25,3,1
90212B,JET BLACK LAS VEGAS BRACELET ROUND,11.25,3,1
84746,PINK EASTER HENS+FLOWER,11.25,3,1
16162L,THE KING GIFT BAG,11.05,17,6
90214P,"LETTER ""P"" BLING KEY RING",10.999999999999998,28,6
16162M,THE KING GIFT BAG 25x24x12cm,10.92,26,7
37488A,YELLOW PINK FLOWER DESIGN BIG BOWL,10.92,28,3
79026B,"S/4 ICON COASTER,ELVIS LIVES",10.61,25,9
84016,FLAG OF ST GEORGE CAR FLAG,10.5,25,1
16161M,WRAP  PINK FLOCK,10.5,25,1
16169N,WRAP BLUE RUSSIAN FOLKART,10.5,25,1
35966,FOLKART CHRISTMAS TREE T-LIGHT HOLD,10.260000000000002,27,2
40005B,BLUE ORGANDY ROUND LAMPSHADE W BEA,10.2,12,4
37471,MULTICOLOUR POLKADOT PLATE,10.2,12,1
35958,FOLKART ZINC STAR CHRISTMAS DEC,10.2,12,3
85109,PINK BOUDOIR T-LIGHT HOLDER,10.2,12,1
44089C,LILAC GAUZE BUTTERFLY LAMPSHADE,10.08,24,6
90214N,"LETTER ""N"" BLING KEY RING",10.02,18,5
35610A,PINK CHRISTMAS FLOCK DROPLET ,10.0,8,1
23086,ZINC STAR T-LIGHT HOLDER ,10.0,8,1
21226,POCKET MIRROR WOODLAND,10.0,8,4
84689,S/2 BEACH HUT TREASURE CHESTS,9.95,3,2
90019B,GOLD M.O.P ORBIT BRACELET,9.9,2,2
90205C,LARGE CRYSTAL DIAMANTE HAIRSLIDE,9.899999999999999,6,3
90059D,DIAMANTE HAIR GRIP PACK/2 PERIDOT,9.899999999999999,6,1
90059A,DIAMANTE HAIR GRIP PACK/2 CRYSTAL,9.899999999999999,6,1
44242A,LILAC FEATHERS CURTAIN,9.48,12,1
23441,HAND PAINTED HANGING EASTER EGG,9.24,22,3
35809B,ENAMEL BLUE RIM TEA CONTAINER,9.18,8,3
90181A,AMBER GLASS/SHELL/PEARL NECKLACE,8.95,1,1
45013,FOLDING SHOE TIDY,8.850000000000001,3,2
84773,RED ROSE AND LACE C/COVER,8.850000000000001,3,1
20906,VINTAGE NOTEBOOK BEAUTY GIRL,8.850000000000001,3,2
16206B,RED PURSE WITH PINK HEART,8.75,7,2
84732B,CUTE BIRD CEATURE SCREEN,8.58,22,2
90001C,ANTIQUE OPAL WHITE FLOWER EARRINGS,8.5,2,2
90120D,WHITE MURANO TWIST BRACELET,8.5,2,2
71143,SILVER BOOK MARK WITH BEADS,8.5,10,1
90001A,ANTIQUE RASPBERRY FLOWER EARRINGS,8.5,2,1
90167,BEADED LOVE HEART JEWELLERY SET,8.5,10,1
90102,WHITE FRANGIPANI HAIR CLIP,8.5,10,1
90024D,NEW BAROQUE B'FLY NECKLACE PINK,8.5,1,1
44265,M/COLOUR POM-POM CURTAIN,8.5,2,1
84975,HEART SHAPED MIRROR,8.45,5,2
22135,LADLE LOVE HEART PINK,7.98,19,3
47503J,SET/3 FLORAL GARDEN TOOLS IN BAG,7.95,1,1
84924F,PSYCHEDELIC METAL SIGN CALENDAR,7.9,10,3
16244B,MAXWELL 2 TONE BLUE 60 PAGE PHOTO A,7.85,7,2
85189,HANGING BUTTERFLY  EGG,7.6499999999999995,9,3
90042A,FRESHWATER PEARL BRACELET GOLD,7.6499999999999995,3,2
79149B,SILICON STAR BULB  BLUE,7.56,18,8
16202E,BLACK PHOTO ALBUM ,7.5,15,3
21827,EIGHT PIECE CREEPY CRAWLIE SET,7.5,6,3
72815,3 WICK CHRISTMAS BRIAR CANDLE ,7.5,2,1
37379A,PINK CHERRY BLOSSOM CUP & SAUCER,7.5,6,1
90025A,BAROQUE BUTTERFLY EARRINGS BLACK,7.5,2,2
62097B,BLUE STRIPES SHOULDER BAG,7.469999999999999,9,3
71496B,A4 WALL TIDY RED FLOWERS,7.37,13,4
85144,JARDIN ETCHED GLASS BUTTER DISH,7.25,1,1
10124G,ARMY CAMO BOOKCOVER TAPE,7.14,17,4
90041,PEARL AND CHERRY QUARTZ BRACLET,7.0,2,1
84802B,PURPLE ANEMONE ARTIFICIAL FLOWER,6.76,4,1
90065B,BLACK VINT ART DEC CRYSTAL BRACELET,6.75,1,1
10124A,SPOTS ON RED BOOKCOVER TAPE,6.72,16,5
62074B,ELEPHANT CLIP W SUCTION CUP,6.72,16,4
37491B,BLUE/YELLOW CERAMIC CANDLE HOLDER,6.6,4,1
20678,LARGE BLACK DIAMANTE HAIRSLIDE,6.6,4,1
85224,ASSORTED COLOUR SILK GLASSES CASE,6.300000000000001,3,1
44089A,PINK GAUZE BUTTERFLY LAMPSHADE,6.3,15,4
90214R,"LETTER ""R"" BLING KEY RING",6.27,15,4
35591T,TURQUOISE CHRISTMAS TREE ,6.25,5,4
85225,BLING KEY RING STAND,6.25,6,3
21228,"POCKET MIRROR ""GLAMOROUS""",6.25,5,2
90214V,"LETTER ""V"" BLING KEY RING",5.9799999999999995,14,3
90060B,FIRE POLISHED GLASS NECKL GOLD,5.95,1,1
90179C,BLACK FINE BEAD NECKLACE W TASSEL,5.95,1,1
90152B,BLUE/GREEN SHELL NECKLACE W PENDANT,5.95,1,1
90152C,BLUE/NAT SHELL NECKLACE W PENDANT,5.95,1,1
35443,RASTA IN BATH W SPLIFF ASHTRAY,5.949999999999999,7,5
84499,BLACK FLOWER CANDLE PLATE,5.949999999999999,7,2
35598C,WHITE CHRISTMAS TREE 60CM,5.9,2,2
90014B,GOLD M.O.P. ORBIT NECKLACE,5.9,2,2
79161A,ST GEORGE SET OF 10 PARTY LIGHTS,5.9,2,2
84228,HEN HOUSE WITH CHICK STANDING,5.88,14,3
37462E,"PET MUG, GOLDFISH",5.59,27,4
47013C,WINE BOTTLE DRESSING DARK BLUE,5.5,43,7
21839,MUMMY MOUSE RED GINGHAM RIBBON,5.45,1,1
35004P,SET OF 3 PINK FLYING DUCKS,5.45,1,1
81953P,ROUND ARTICULATED PINK CLOCK W/SUCK,5.32,28,3
35916B,BLUE FELT HANGING HEART WITH FLOWER,5.1,6,1
20964,POLYESTER FILLER PAD 60x40cm,5.1,2,1
90188,DROP EARRINGS W FLOWER & LEAF,5.1,2,2
85017A,ENVELOPE 50 ROMANTIC IMAGES,5.1,6,2
37509,NEW ENGLAND MUG W GIFT BOX,5.1,2,2
16020C,CLEAR STATIONERY BOX SET ,5.1,6,2
90033,IVORY SHELL HEART EARRINGS,5.1,2,1
90122B,JADE CRYSTAL+GLASS BRACELET,4.95,1,1
35650,VINTAGE BEAD PINK JEWEL STAND,4.95,1,1
85031B,BLOSSOM IMAGES SCRAP BOOK SET,4.95,1,1
90214B,"LETTER ""B"" BLING KEY RING",4.7299999999999995,13,2
84613C,BLUE NEW BAROQUE FLOCK CANDLESTICK,4.65,1,1
71215,METAL BASE FOR CANDLES,4.62,11,2
79151B,"SILICON CUBE 25W, BLUE",4.62,11,2
35607A,PINK FLUFFY CHRISTMAS DECORATION,4.5600000000000005,24,1
84206A,3 BLACK CATS W HEARTS BLANK CARD,4.5600000000000005,24,3
84251C,"GREETING CARD, TWO SISTERS.",4.5600000000000005,24,2
35817P,PINK ACRYLIC JEWEL SNOWFLAKE,4.5600000000000005,12,1
81950V,FLOWER PURPLE CLOCK WITH SUCKER,4.35,15,3
84732D,CUTE RABBIT CEATURE SCREEN ,4.29,11,2
81950V,FLOWER PURPLE CLOCK W/SUCKER,4.25,5,3
20703,BLUE PADDED SOFT MOBILE,4.25,1,1
79157V,UBO-LIGHT TRIOBASE PURPLE,4.25,5,3
22199,FRYING PAN RED POLKADOT ,4.25,1,1
21895,POTTING SHED SOW 'N' GROW SET,4.25,1,1
22218,CAKE STAND LACE WHITE,4.25,1,1
20861,GOLD COSMETIC BAG PINK STAR,4.2,2,2
47016,LIGHT DECORATION BATTERY OPERATED,4.2,2,1
23391, I LOVE LONDON MINI RUCKSACK,4.15,1,1
17174,ASSTD RASTA KEY-CHAINS,3.7800000000000002,9,3
44091A,BLUE CRUSOE CHECK LAMPSHADE,3.78,9,3
90214F,"LETTER ""F"" BLING KEY RING",3.7699999999999996,13,2
37464,ROBOT MUG IN DISPLAY BOX,3.75,3,2
79192A,RETRO PLASTIC 70'S TRAY,3.75,3,2
90039C,FIRE POLISHED GLASS BRACELET BLACK,3.75,1,1
90025F,BAROQUE BUTTERFLY EARRINGS CRYSTAL,3.75,1,1
35271S,GOLD PRINT PAPER BAG,3.6100000000000003,19,2
16010,FOLDING CAMPING SCISSOR W/KNIF & S,3.5999999999999996,30,3
16202A,PASTEL PINK PHOTO ALBUM ,3.5,7,2
90214O,"LETTER ""O"" BLING KEY RING",3.4799999999999995,12,1
90214W,"LETTER ""W"" BLING KEY RING",3.4799999999999995,12,1
90214U,"LETTER ""U"" BLING KEY RING",3.4799999999999995,12,1
90214Z,"LETTER ""Z"" BLING KEY RING",3.4799999999999995,12,1
90214T,"LETTER ""T"" BLING KEY RING",3.4799999999999995,12,1
79157B,UBO-LIGHT TRIOBASE BLUE,3.4,4,2
84802A,WHITE ANEMONE ARTIFICIAL FLOWER,3.38,2,1
37491D,PURPLE/BLUE CERAMIC CANDLE HOLDER,3.3,2,1
10123C,HEARTS WRAPPING TAPE ,3.25,5,3
47013A,WINE BOTTLE DRESSING LT.BLUE,3.0399999999999996,14,4
23630,SET 10 CARDS HANGING BAUBLES 17080,2.99,1,1
90183C,BLACK DROP EARRINGS W LONG BEADS,2.95,1,1
90014C,SILVER AND BLACK ORBIT NECKLACE,2.95,1,1
90011A,MIDNIGHT BLUE CRYSTAL DROP EARRINGS,2.95,1,1
90130A,WHITE STONE/CRYSTAL EARRINGS,2.95,1,1
20667,CHERRY BLOSSOM PURSE,2.95,1,1
90100,NECKLACE+BRACELET SET PINK DAISY,2.55,1,1
90055,CRACKED GLAZE EARRINGS BROWN,2.55,1,1
90054,CRACKED GLAZE EARRINGS RED,2.55,1,1
90165B,WHITE ROSEBUD  PEARL EARRINGS,2.55,1,1
22134,LADLE LOVE HEART RED ,2.52,6,1
17028J,INCENSE BAZAAR PEACH,2.52,6,1
62096B,PURPLE/TURQ FLOWERS HANDBAG,2.5,2,1
84201B,HAPPY BIRTHDAY CARD STRIPEY TEDDY,2.47,13,2
90089,PINK CRYSTAL SKULL PHONE CHARM,2.47,13,2
37330,BIG POLKADOT MUG,2.34,6,1
46115B,GREEN POP ART MAO CUSHION COVER ,2.2800000000000002,12,2
77079,DOLPHIN WINDMILL,2.12,1,1
21414,SCALLOP SHELL SOAP DISH,2.1,1,1
90125E,AMBER BERTIE GLASS BEAD BAG CHARM,2.1,1,1
85170A,SET/6 IVORY BIRD T-LIGHT CANDLES,2.1,1,1
47579,TEA TIME BREAKFAST BASKET,2.1,1,1
81953B,ROUND BLUE CLOCK WITH SUCKER,2.09,11,3
84731,3 BIRDS CANVAS SCREEN,2.04,2,2
22146,EASTER CRAFT IVY WREATH WITH CHICK,1.95,1,1
22323,PINK POLKADOT KIDS BAG,1.95,1,1
84550,CROCHET LILAC/RED BEAR KEYRING,1.65,1,1
84551,CROCHET DOG KEYRING,1.65,1,1
23664,FLOWER SHOP DESIGN MUG,1.65,1,1
37351,ORANGE FLOWER MUG ,1.56,4,1
84206C,CHAMPAGNE TRAY BLANK CARD,1.52,8,2
22034,ROBIN CHRISTMAS CARD,1.26,3,1
90128B,BLUE LEAVES AND BEADS PHONE CHARM,1.25,1,1
84743C,ORANGE FELT VASE + FLOWERS,1.25,1,1
37461,FUNKY MONKEY MUG,1.25,1,1
90071,RUBY GLASS CLUSTER EARRINGS,1.25,1,1
35597B,BLACKCHRISTMAS TREE 30CM,1.25,1,1
23370,SET 36 COLOURING PENCILS DOILEY,1.25,1,1
84569C,PACK 4 FLOWER/BUTTERFLY PATCHES,1.25,1,1
35597A,DUSTY PINK CHRISTMAS TREE 30CM,1.25,1,1
84990,60 GOLD AND SILVER FAIRY CAKE CASES,1.1,2,2
84201C,HAPPY BIRTHDAY CARD TEDDY/CAKE,0.95,5,1
84206B,CAT WITH SUNGLASSES BLANK CARD,0.95,5,1
90104,PURPLE FRANGIPANI HAIRCLIP,0.85,1,1
90084,PINK CRYSTAL GUITAR PHONE CHARM,0.85,1,1
21268,VINTAGE BLUE TINSEL REEL,0.84,2,1
23366,SET 12 COLOURING PENCILS DOILEY,0.65,1,1
84227,HEN HOUSE W CHICK IN NEST,0.42,1,1
PADS,PADS TO MATCH ALL CUSHIONS,0.003,4,4
